t_vec,p_exceed_D1A,p_exceed_D1B,p_exceed_D1C,p_exceed_D1D,p_exceed_D1E,theta_p95_D1A,theta_p95_D1D,theta_p95_D1E,theta_p50_D1A,theta_p50_D1D,theta_p50_D1E,pe_active_D1A,pe_active_D1E
0,0,0,0,0,0,0,0,0,0,0,0,0,0
0.001,0,0,0,0,0,0,0,0,0,0,0,0,0
0.002,0,0,0,0,0,0,0,0,0,0,0,0,0
0.003,0,0,0,0,0,0,0,0,0,0,0,0,0
0.004,0,0,0,0,0,0,0,0,0,0,0,0,0
0.005,0,0,0,0,0,0,0,0,0,0,0,0,0
0.006,0,0,0,0,0,0,0,0,0,0,0,0,0
0.007,0,0,0,0,0,0,0,0,0,0,0,0,0
0.008,0,0,0,0,0,0,0,0,0,0,0,0,0
0.009,0,0,0,0,0,0,0,0,0,0,0,0,0
0.01,0,0,0,0,0,0,0,0,0,0,0,0,0
0.011,0,0,0,0,0,0,0,0,0,0,0,0,0
0.012,0,0,0,0,0,0,0,0,0,0,0,0,0
0.013,0,0,0,0,0,0,0,0,0,0,0,0,0
0.014,0,0,0,0,0,0,0,0,0,0,0,0,0
0.015,0,0,0,0,0,0,0,0,0,0,0,0,0
0.016,0,0,0,0,0,0,0,0,0,0,0,0,0
0.017,0,0,0,0,0,0,0,0,0,0,0,0,0
0.018,0,0,0,0,0,0,0,0,0,0,0,0,0
0.019,0,0,0,0,0,0,0,0,0,0,0,0,0
0.02,0,0,0,0,0,0,0,0,0,0,0,0,0
0.021,0,0,0,0,0,0,0,0,0,0,0,0,0
0.022,0,0,0,0,0,0,0,0,0,0,0,0,0
0.023,0,0,0,0,0,0,0,0,0,0,0,0,0
0.024,0,0,0,0,0,0,0,0,0,0,0,0,0
0.025,0,0,0,0,0,0,0,0,0,0,0,0,0
0.026,0,0,0,0,0,0,0,0,0,0,0,0,0
0.027,0,0,0,0,0,0,0,0,0,0,0,0,0
0.028,0,0,0,0,0,0,0,0,0,0,0,0,0
0.029,0,0,0,0,0,0,0,0,0,0,0,0,0
0.03,0,0,0,0,0,0,0,0,0,0,0,0,0
0.031,0,0,0,0,0,0,0,0,0,0,0,0,0
0.032,0,0,0,0,0,0,0,0,0,0,0,0,0
0.033,0,0,0,0,0,0,0,0,0,0,0,0,0
0.034,0,0,0,0,0,0,0,0,0,0,0,0,0
0.035,0,0,0,0,0,0,0,0,0,0,0,0,0
0.036,0,0,0,0,0,0,0,0,0,0,0,0,0
0.037,0,0,0,0,0,0,0,0,0,0,0,0,0
0.038,0,0,0,0,0,0,0,0,0,0,0,0,0
0.039,0,0,0,0,0,0,0,0,0,0,0,0,0
0.04,0,0,0,0,0,0,0,0,0,0,0,0,0
0.041,0,0,0,0,0,0,0,0,0,0,0,0,0
0.042,0,0,0,0,0,0,0,0,0,0,0,0,0
0.043,0,0,0,0,0,0,0,0,0,0,0,0,0
0.044,0,0,0,0,0,0,0,0,0,0,0,0,0
0.045,0,0,0,0,0,0,0,0,0,0,0,0,0
0.046,0,0,0,0,0,0,0,0,0,0,0,0,0
0.047,0,0,0,0,0,0,0,0,0,0,0,0,0
0.048,0,0,0,0,0,0,0,0,0,0,0,0,0
0.049,0,0,0,0,0,0,0,0,0,0,0,0,0
0.05,0,0,0,0,0,0,0,0,0,0,0,0,0
0.051,0,0,0,0,0,0,0,0,0,0,0,0,0
0.052,0,0,0,0,0,0,0,0,0,0,0,0,0
0.053,0,0,0,0,0,0,0,0,0,0,0,0,0
0.054,0,0,0,0,0,0,0,0,0,0,0,0,0
0.055,0,0,0,0,0,0,0,0,0,0,0,0,0
0.056,0,0,0,0,0,0,0,0,0,0,0,0,0
0.057,0,0,0,0,0,0,0,0,0,0,0,0,0
0.058,0,0,0,0,0,0,0,0,0,0,0,0,0
0.059,0,0,0,0,0,0,0,0,0,0,0,0,0
0.06,0,0,0,0,0,0,0,0,0,0,0,0,0
0.061,0,0,0,0,0,0,0,0,0,0,0,0,0
0.062,0,0,0,0,0,0,0,0,0,0,0,0,0
0.063,0,0,0,0,0,0,0,0,0,0,0,0,0
0.064,0,0,0,0,0,0,0,0,0,0,0,0,0
0.065,0,0,0,0,0,0,0,0,0,0,0,0,0
0.066,0,0,0,0,0,0,0,0,0,0,0,0,0
0.067,0,0,0,0,0,0,0,0,0,0,0,0,0
0.068,0,0,0,0,0,0,0,0,0,0,0,0,0
0.069,0,0,0,0,0,0,0,0,0,0,0,0,0
0.07,0,0,0,0,0,0,0,0,0,0,0,0,0
0.071,0,0,0,0,0,0,0,0,0,0,0,0,0
0.072,0,0,0,0,0,0,0,0,0,0,0,0,0
0.073,0,0,0,0,0,0,0,0,0,0,0,0,0
0.074,0,0,0,0,0,0,0,0,0,0,0,0,0
0.075,0,0,0,0,0,0,0,0,0,0,0,0,0
0.076,0,0,0,0,0,0,0,0,0,0,0,0,0
0.077,0,0,0,0,0,0,0,0,0,0,0,0,0
0.078,0,0,0,0,0,0,0,0,0,0,0,0,0
0.079,0,0,0,0,0,0,0,0,0,0,0,0,0
0.08,0,0,0,0,0,0,0,0,0,0,0,0,0
0.081,0,0,0,0,0,0,0,0,0,0,0,0,0
0.082,0,0,0,0,0,0,0,0,0,0,0,0,0
0.083,0,0,0,0,0,0,0,0,0,0,0,0,0
0.084,0,0,0,0,0,0,0,0,0,0,0,0,0
0.085,0,0,0,0,0,0,0,0,0,0,0,0,0
0.086,0,0,0,0,0,0,0,0,0,0,0,0,0
0.087,0,0,0,0,0,0,0,0,0,0,0,0,0
0.088,0,0,0,0,0,0,0,0,0,0,0,0,0
0.089,0,0,0,0,0,0,0,0,0,0,0,0,0
0.09,0,0,0,0,0,0,0,0,0,0,0,0,0
0.091,0,0,0,0,0,0,0,0,0,0,0,0,0
0.092,0,0,0,0,0,0,0,0,0,0,0,0,0
0.093,0,0,0,0,0,0,0,0,0,0,0,0,0
0.094,0,0,0,0,0,0,0,0,0,0,0,0,0
0.095,0,0,0,0,0,0,0,0,0,0,0,0,0
0.096,0,0,0,0,0,0,0,0,0,0,0,0,0
0.097,0,0,0,0,0,0,0,0,0,0,0,0,0
0.098,0,0,0,0,0,0,0,0,0,0,0,0,0
0.099,0,0,0,0,0,0,0,0,0,0,0,0,0
0.1,0,0,0,0,0,0,0,0,0,0,0,0,0
0.101,0,0,0,0,0,0,0,0,0,0,0,0,0
0.102,0,0,0,0,0,0,0,0,0,0,0,0,0
0.103,0,0,0,0,0,0,0,0,0,0,0,0,0
0.104,0,0,0,0,0,0,0,0,0,0,0,0,0
0.105,0,0,0,0,0,0,0,0,0,0,0,0,0
0.106,0,0,0,0,0,0,0,0,0,0,0,0,0
0.107,0,0,0,0,0,0,0,0,0,0,0,0,0
0.108,0,0,0,0,0,0,0,0,0,0,0,0,0
0.109,0,0,0,0,0,0,0,0,0,0,0,0,0
0.11,0,0,0,0,0,0,0,0,0,0,0,0,0
0.111,0,0,0,0,0,0,0,0,0,0,0,0,0
0.112,0,0,0,0,0,0,0,0,0,0,0,0,0
0.113,0,0,0,0,0,0,0,0,0,0,0,0,0
0.114,0,0,0,0,0,0,0,0,0,0,0,0,0
0.115,0,0,0,0,0,0,0,0,0,0,0,0,0
0.116,0,0,0,0,0,0,0,0,0,0,0,0,0
0.117,0,0,0,0,0,0,0,0,0,0,0,0,0
0.118,0,0,0,0,0,0,0,0,0,0,0,0,0
0.119,0,0,0,0,0,0,0,0,0,0,0,0,0
0.12,0,0,0,0,0,0,0,0,0,0,0,0,0
0.121,0,0,0,0,0,0,0,0,0,0,0,0,0
0.122,0,0,0,0,0,0,0,0,0,0,0,0,0
0.123,0,0,0,0,0,0,0,0,0,0,0,0,0
0.124,0,0,0,0,0,0,0,0,0,0,0,0,0
0.125,0,0,0,0,0,0,0,0,0,0,0,0,0
0.126,0,0,0,0,0,0,0,0,0,0,0,0,0
0.127,0,0,0,0,0,0,0,0,0,0,0,0,0
0.128,0,0,0,0,0,0,0,0,0,0,0,0,0
0.129,0,0,0,0,0,0,0,0,0,0,0,0,0
0.13,0,0,0,0,0,0,0,0,0,0,0,0,0
0.131,0,0,0,0,0,0,0,0,0,0,0,0,0
0.132,0,0,0,0,0,0,0,0,0,0,0,0,0
0.133,0,0,0,0,0,0,0,0,0,0,0,0,0
0.134,0,0,0,0,0,0,0,0,0,0,0,0,0
0.135,0,0,0,0,0,0,0,0,0,0,0,0,0
0.136,0,0,0,0,0,0,0,0,0,0,0,0,0
0.137,0,0,0,0,0,0,0,0,0,0,0,0,0
0.138,0,0,0,0,0,0,0,0,0,0,0,0,0
0.139,0,0,0,0,0,0,0,0,0,0,0,0,0
0.14,0,0,0,0,0,0,0,0,0,0,0,0,0
0.141,0,0,0,0,0,0,0,0,0,0,0,0,0
0.142,0,0,0,0,0,0,0,0,0,0,0,0,0
0.143,0,0,0,0,0,0,0,0,0,0,0,0,0
0.144,0,0,0,0,0,0,0,0,0,0,0,0,0
0.145,0,0,0,0,0,0,0,0,0,0,0,0,0
0.146,0,0,0,0,0,0,0,0,0,0,0,0,0
0.147,0,0,0,0,0,0,0,0,0,0,0,0,0
0.148,0,0,0,0,0,0,0,0,0,0,0,0,0
0.149,0,0,0,0,0,0,0,0,0,0,0,0,0
0.15,0,0,0,0,0,0,0,0,0,0,0,0,0
0.151,0,0,0,0,0,0,0,0,0,0,0,0,0
0.152,0,0,0,0,0,0,0,0,0,0,0,0,0
0.153,0,0,0,0,0,0,0,0,0,0,0,0,0
0.154,0,0,0,0,0,0,0,0,0,0,0,0,0
0.155,0,0,0,0,0,0,0,0,0,0,0,0,0
0.156,0,0,0,0,0,0,0,0,0,0,0,0,0
0.157,0,0,0,0,0,0,0,0,0,0,0,0,0
0.158,0,0,0,0,0,0,0,0,0,0,0,0,0
0.159,0,0,0,0,0,0,0,0,0,0,0,0,0
0.16,0,0,0,0,0,0,0,0,0,0,0,0,0
0.161,0,0,0,0,0,0,0,0,0,0,0,0,0
0.162,0,0,0,0,0,0,0,0,0,0,0,0,0
0.163,0,0,0,0,0,0,0,0,0,0,0,0,0
0.164,0,0,0,0,0,0,0,0,0,0,0,0,0
0.165,0,0,0,0,0,0,0,0,0,0,0,0,0
0.166,0,0,0,0,0,0,0,0,0,0,0,0,0
0.167,0,0,0,0,0,0,0,0,0,0,0,0,0
0.168,0,0,0,0,0,0,0,0,0,0,0,0,0
0.169,0,0,0,0,0,0,0,0,0,0,0,0,0
0.17,0,0,0,0,0,0,0,0,0,0,0,0,0
0.171,0,0,0,0,0,0,0,0,0,0,0,0,0
0.172,0,0,0,0,0,0,0,0,0,0,0,0,0
0.173,0,0,0,0,0,0,0,0,0,0,0,0,0
0.174,0,0,0,0,0,0,0,0,0,0,0,0,0
0.175,0,0,0,0,0,0,0,0,0,0,0,0,0
0.176,0,0,0,0,0,0,0,0,0,0,0,0,0
0.177,0,0,0,0,0,0,0,0,0,0,0,0,0
0.178,0,0,0,0,0,0,0,0,0,0,0,0,0
0.179,0,0,0,0,0,0,0,0,0,0,0,0,0
0.18,0,0,0,0,0,0,0,0,0,0,0,0,0
0.181,0,0,0,0,0,0,0,0,0,0,0,0,0
0.182,0,0,0,0,0,0,0,0,0,0,0,0,0
0.183,0,0,0,0,0,0,0,0,0,0,0,0,0
0.184,0,0,0,0,0,0,0,0,0,0,0,0,0
0.185,0,0,0,0,0,0,0,0,0,0,0,0,0
0.186,0,0,0,0,0,0,0,0,0,0,0,0,0
0.187,0,0,0,0,0,0,0,0,0,0,0,0,0
0.188,0,0,0,0,0,0,0,0,0,0,0,0,0
0.189,0,0,0,0,0,0,0,0,0,0,0,0,0
0.19,0,0,0,0,0,0,0,0,0,0,0,0,0
0.191,0,0,0,0,0,0,0,0,0,0,0,0,0
0.192,0,0,0,0,0,0,0,0,0,0,0,0,0
0.193,0,0,0,0,0,0,0,0,0,0,0,0,0
0.194,0,0,0,0,0,0,0,0,0,0,0,0,0
0.195,0,0,0,0,0,0,0,0,0,0,0,0,0
0.196,0,0,0,0,0,0,0,0,0,0,0,0,0
0.197,0,0,0,0,0,0,0,0,0,0,0,0,0
0.198,0,0,0,0,0,0,0,0,0,0,0,0,0
0.199,90,91,92,91,90,0.000144599649906421,0.00013173349163136,0.000121587281178751,5.03532133106604e-05,4.48267120146661e-05,3.96104489611319e-05,100,100
0.2,91,90,92,91,90,0.000150634939053546,0.000137468138388557,0.000126943228399848,5.16601094883068e-05,4.67633293800498e-05,4.09686966380634e-05,100,100
0.201,90,90,91,91,90,0.000152815297192555,0.000139667739073372,0.000129048217858412,5.1377479284344e-05,4.77449117453882e-05,4.15148348565666e-05,100,100
0.202,89,89,91,91,91,0.000151783159914096,0.000140849687359862,0.000130227575926224,5.10604864133893e-05,4.70699673423468e-05,4.25083623425607e-05,100,100
0.203,90,89,91,91,93,0.00015004213457248,0.000140154933772143,0.000130646881336964,5.10988710504476e-05,4.72546605295953e-05,4.31880665015156e-05,100,100
0.204,90,88,90,89,93,0.000148028320360887,0.000139010400936975,0.000129563782459571,5.10862219932612e-05,4.74690128957261e-05,4.36785177644559e-05,100,100
0.205,89,87,90,87,90,0.000146615335490343,0.000137692996576747,0.000128351469542127,5.10486981451028e-05,4.7075312840732e-05,4.3723671377988e-05,100,100
0.206,89,88,90,87,91,0.000146047435596173,0.000136247502256056,0.000127045526259849,5.14096312466975e-05,4.66345738334745e-05,4.39883528066824e-05,100,100
0.207,89,88,89,87,88,0.000145497476880777,0.000134696613335658,0.000125662591074403,5.11624021806511e-05,4.63868403036421e-05,4.42353693876202e-05,100,100
0.208,91,86,89,88,88,0.000145382391877961,0.000133051798157743,0.000125061131033964,5.01425557000563e-05,4.66693546050318e-05,4.46116824703159e-05,100,100
0.209,92,85,88,86,87,0.00014517422720355,0.000131322172650594,0.000124686138373362,4.97698568002305e-05,4.69240843393817e-05,4.41567117824631e-05,100,100
0.21,92,85,88,86,85,0.000144877030819315,0.000129516761420492,0.0001242088095891,4.97789616053144e-05,4.71556786766291e-05,4.36499131620763e-05,100,100
0.211,92,85,84,83,85,0.000144493673766574,0.000128882835858601,0.000123632557043995,4.93624099933473e-05,4.73625516563646e-05,4.30920584128965e-05,100,100
0.212,93,84,85,84,84,0.000144027318461685,0.00012929059299444,0.000122959135938184,4.93182256702019e-05,4.85068633605118e-05,4.29266484447005e-05,100,100
0.213,93,84,85,84,83,0.000143481313028526,0.000129578422686623,0.000122191045291107,4.90535195239254e-05,4.90300229001528e-05,4.29356678716317e-05,100,100
0.214,92,82,86,85,84,0.000142857588021828,0.000129632953148002,0.00012133546830013,4.91552102793586e-05,4.91616500082656e-05,4.38825902501559e-05,100,100
0.215,92,82,86,85,84,0.000142157651455658,0.000129535988580723,0.000120401438835391,4.90999157359905e-05,4.91717806796586e-05,4.43411556588092e-05,100,100
0.216,91,83,86,86,84,0.000141382574436505,0.000128631866644236,0.000119395599139116,4.88967986455264e-05,4.87594719095497e-05,4.41345884075585e-05,100,100
0.217,91,82,86,87,85,0.00014053404922499,0.000126910636956494,0.000118321949629431,4.87328113384203e-05,4.88172606314074e-05,4.26548983632078e-05,100,100
0.218,90,83,87,87,82,0.000139613710905194,0.000125131160345986,0.000117183831912876,4.89556529922568e-05,4.87605708559733e-05,4.15120849776977e-05,100,100
0.219,90,83,87,87,81,0.000138622057034296,0.000123296986516839,0.000116158024739017,4.81923358223384e-05,4.77770807895446e-05,4.07909356447909e-05,100,100
0.22,91,83,86,86,80,0.000137561058710309,0.000120193548976256,0.000116300922591307,4.62137480137722e-05,4.55158164449298e-05,4.00713303778687e-05,100,100
0.221,91,85,86,87,80,0.000136432512043916,0.00011704324549903,0.000116357671708086,4.4698666942976e-05,4.41025177037587e-05,4.02356457836963e-05,100,100
0.222,91,85,86,86,80,0.000135236167705669,0.000113904836184608,0.000115393823364916,4.50871460199257e-05,4.30483453717534e-05,3.91891812487027e-05,100,100
0.223,91,85,87,86,80,0.000133972777332253,0.000110782873115321,0.00011372386408137,4.52604091990515e-05,4.23395035101605e-05,3.88151857322709e-05,100,100
0.224,91,85,87,86,80,0.000132646138408806,0.000109885708254728,0.000112031230191905,4.5383080695409e-05,4.09807729697395e-05,3.82758173727046e-05,100,100
0.225,91,86,87,86,80,0.000131261191964326,0.000109258853876572,0.000110322260107303,4.55074878207607e-05,4.03501196220071e-05,3.716505419832e-05,100,100
0.226,92,87,88,86,80,0.000129820627014294,0.000108564812023687,0.000109491223513764,4.47797584765605e-05,4.0091333423023e-05,3.67242791889779e-05,100,100
0.227,91,87,88,85,79,0.000128326669382307,0.00010715905939033,0.000108612114764364,4.3997317405476e-05,3.95681097770638e-05,3.65783328754938e-05,100,100
0.228,91,87,88,86,79,0.000126783096804976,0.000105021891635799,0.000107687941175596,4.32549231766165e-05,3.87979724265854e-05,3.56993913830605e-05,100,100
0.229,91,87,88,86,78,0.000125192832437919,0.000102876157358262,0.000106721888001884,4.32871478959169e-05,3.86885484523643e-05,3.50153861437978e-05,100,100
0.23,91,86,89,87,77,0.000123557894688382,0.000100727409609058,0.000104713891826435,4.32899219131504e-05,3.85696436637245e-05,3.4635967900049e-05,100,100
0.231,89,86,89,87,77,0.000121881191466722,9.92362704388374e-05,0.000102156185155417,4.32640087677735e-05,3.84407393258814e-05,3.42648940436557e-05,100,100
0.232,87,86,87,85,77,0.000120165510603962,9.79558921171335e-05,9.96431796243745e-05,4.28086460115878e-05,3.83017476667502e-05,3.38817038013662e-05,100,100
0.233,87,85,87,85,78,0.000118352179980516,9.66497528101098e-05,9.73066025156571e-05,4.10941766383211e-05,3.81543322404428e-05,3.35825918304839e-05,100,100
0.234,87,85,86,84,78,0.000116075234172722,9.5320309439913e-05,9.68326236424785e-05,3.94104564499441e-05,3.80628842951184e-05,3.34508731380664e-05,100,100
0.235,88,86,85,84,79,0.000113977312796239,9.39703107428181e-05,9.63176756841896e-05,3.83324797074889e-05,3.80997584978075e-05,3.32275299172165e-05,100,100
0.236,88,84,86,84,78,0.000111878114932012,9.28274455005847e-05,9.57639060078e-05,3.80766278019142e-05,3.78576607713826e-05,3.31399407075314e-05,100,100
0.237,88,83,86,83,78,0.000109779988330217,9.1873028276027e-05,9.51726698562913e-05,3.78211840813854e-05,3.75175037457084e-05,3.2985766213138e-05,100,100
0.238,86,84,87,83,78,0.000107685136741957,9.08713110538759e-05,9.45453816549233e-05,3.75670491971095e-05,3.73539484729752e-05,3.23193428867537e-05,100,100
0.239,84,81,88,84,79,0.000105595613132178,8.98240685702035e-05,9.38831877039033e-05,3.70754932681378e-05,3.67451379244866e-05,3.21670827498859e-05,100,100
0.24,85,81,87,84,80,0.000103513443407658,8.87338506968005e-05,9.31878315292475e-05,3.62176417185993e-05,3.60176104511535e-05,3.18305565234127e-05,100,100
0.241,85,81,87,84,80,0.000101440416520191,8.76042984375621e-05,9.24619388218712e-05,3.56115740370905e-05,3.5716718321106e-05,3.11428101327184e-05,100,100
0.242,84,81,87,84,79,9.95006678541553e-05,8.64395767226505e-05,9.13425084307073e-05,3.52493731616312e-05,3.49835336086678e-05,3.0875810716545e-05,100,100
0.243,86,82,88,84,80,9.82546573316407e-05,8.52443715950546e-05,9.00016489071805e-05,3.48143238829114e-05,3.4278344893867e-05,3.06565244619564e-05,100,100
0.244,86,82,87,83,80,9.71468709360857e-05,8.40230032920603e-05,8.86473303329234e-05,3.4377946283542e-05,3.35919227046972e-05,3.0055393054323e-05,100,100
0.245,85,82,87,83,79,9.60027656847385e-05,8.27790230413512e-05,8.72817538382336e-05,3.4065909647776e-05,3.29246745825339e-05,3.00860635203005e-05,100,100
0.246,84,83,86,83,78,9.48240333762078e-05,8.15164313344957e-05,8.5906440260509e-05,3.35002204363923e-05,3.22768081868603e-05,2.98026709108714e-05,100,100
0.247,84,82,86,83,77,9.33105755906885e-05,8.03153261791097e-05,8.45229259070574e-05,3.32221576200538e-05,3.18898255719092e-05,2.93327888084374e-05,100,100
0.248,83,83,86,83,78,9.16918292490366e-05,7.93669061589237e-05,8.31343461051894e-05,3.30071145002736e-05,3.18588367020601e-05,2.88594163623959e-05,100,100
0.249,83,82,85,82,80,9.00626074422105e-05,7.84019008159954e-05,8.17448331183415e-05,3.26414701696559e-05,3.13357922562918e-05,2.85629873409624e-05,100,100
0.25,82,82,85,81,79,8.84248208987879e-05,7.74219812371051e-05,8.03577423155422e-05,3.18843901566421e-05,3.04292147865503e-05,2.8323856766943e-05,100,100
0.251,82,82,82,80,79,8.67809748299704e-05,7.66238247015575e-05,7.89759795634826e-05,3.11286674370416e-05,3.03823188411978e-05,2.80781598072517e-05,100,100
0.252,82,82,82,81,79,8.51331294910674e-05,7.58765900491011e-05,7.76027648704802e-05,3.02486562376767e-05,3.03165310297426e-05,2.82861617136417e-05,100,100
0.253,82,82,82,81,78,8.36417838323595e-05,7.51098761396262e-05,7.64978231700943e-05,2.93135609268642e-05,3.00025731154464e-05,2.87446288637356e-05,100,100
0.254,82,82,82,81,78,8.25442807060391e-05,7.43246086058749e-05,7.56356689927188e-05,2.87130732080864e-05,2.97217557067215e-05,2.91647895519382e-05,100,100
0.255,83,82,82,81,78,8.12090010311727e-05,7.35214690377285e-05,7.47834975699825e-05,2.81190515783798e-05,2.98250215103189e-05,2.88991415251659e-05,100,100
0.256,82,82,83,82,78,7.9837666837189e-05,7.27013774454101e-05,7.39418232461486e-05,2.70088876782397e-05,2.92891353971124e-05,2.84669802625492e-05,100,100
0.257,82,83,84,83,78,7.84521097100183e-05,7.18659714260482e-05,7.31108851261658e-05,2.68482357811658e-05,2.87649457087755e-05,2.8040118655812e-05,100,100
0.258,83,84,84,83,78,7.70547724939885e-05,7.10169763102118e-05,7.22909460517409e-05,2.6565284787972e-05,2.82532816824118e-05,2.77219088372462e-05,100,100
0.259,83,83,84,83,78,7.56471257385286e-05,7.01554651129635e-05,7.14830087709643e-05,2.66393286184272e-05,2.814307904617e-05,2.74772856069172e-05,100,100
0.26,82,82,83,82,78,7.42303934533868e-05,6.92826049176393e-05,7.0688137883417e-05,2.71215618497451e-05,2.81201762023677e-05,2.72343517763008e-05,100,100
0.261,82,81,82,81,80,7.28063466372468e-05,6.83999025788485e-05,6.99067094580513e-05,2.70286774277709e-05,2.79302482426404e-05,2.69933533278462e-05,100,100
0.262,83,80,82,81,78,7.15785332523879e-05,6.75086526189008e-05,6.91392155289374e-05,2.67002775917063e-05,2.73933438872927e-05,2.67546296304762e-05,100,100
0.263,79,78,82,81,78,7.07333771984721e-05,6.66097167555326e-05,6.83866038726164e-05,2.62980418471189e-05,2.71212027643864e-05,2.6356634577237e-05,100,100
0.264,78,78,82,80,77,6.97414655498092e-05,6.57035528554836e-05,6.76493748057049e-05,2.53446251586087e-05,2.70296516320012e-05,2.57163251586391e-05,100,100
0.265,78,78,81,79,77,6.84372007326437e-05,6.47904947941268e-05,6.69270171873139e-05,2.4294915683704e-05,2.67048932080305e-05,2.5647537825663e-05,100,100
0.266,76,78,79,78,76,6.7140894031112e-05,6.38144177596253e-05,6.62185484256867e-05,2.3700646989972e-05,2.64977005983831e-05,2.59967300803947e-05,100,100
0.267,76,78,79,78,76,6.58527475166659e-05,6.27113044125336e-05,6.5523139419101e-05,2.38737467622385e-05,2.66899256441083e-05,2.6004574279703e-05,100,100
0.268,77,77,79,77,75,6.45729082647529e-05,6.16108403999331e-05,6.4840129394862e-05,2.35920921846881e-05,2.69613415392468e-05,2.55910434393192e-05,100,100
0.269,77,76,78,77,75,6.33015096029003e-05,6.05139100025463e-05,6.41010749530588e-05,2.26616480120259e-05,2.66975794949048e-05,2.50846713970489e-05,100,100
0.27,77,76,77,77,75,6.20389051261853e-05,5.95590057305963e-05,6.30827388543287e-05,2.20270328673249e-05,2.63044404191981e-05,2.45949864882726e-05,100,100
0.271,76,76,77,77,75,6.0785499532824e-05,5.87675420840251e-05,6.2071677826762e-05,2.14266307077212e-05,2.56773469072126e-05,2.41876907333188e-05,100,100
0.272,74,76,77,76,74,5.95416590390134e-05,5.7995790571703e-05,6.1068392739339e-05,2.19935466430193e-05,2.53190885288819e-05,2.40270620380402e-05,100,100
0.273,74,75,76,75,74,5.82412038255047e-05,5.72436412665067e-05,6.00732393980996e-05,2.21323632963756e-05,2.5063002483151e-05,2.37916199257355e-05,100,100
0.274,75,75,76,75,74,5.68946936874355e-05,5.65110911814874e-05,5.90867672378254e-05,2.2192414131718e-05,2.49668686289982e-05,2.36257109454735e-05,100,100
0.275,74,75,75,74,74,5.57052980494379e-05,5.57983948299415e-05,5.81099597029287e-05,2.22511315370553e-05,2.48928564703341e-05,2.34612270005672e-05,100,100
0.276,74,76,75,75,74,5.46129666225417e-05,5.51057022757696e-05,5.71441041073418e-05,2.1894966063298e-05,2.46770087229592e-05,2.33406651929556e-05,100,100
0.277,73,76,75,75,74,5.40931980421628e-05,5.44329023500827e-05,5.61903483841784e-05,2.17228567712367e-05,2.43928712650919e-05,2.32365425958035e-05,100,100
0.278,74,75,74,75,74,5.36458039923546e-05,5.35576050330188e-05,5.52495907253557e-05,2.16940253176999e-05,2.41338061421271e-05,2.30269977636592e-05,100,100
0.279,73,74,73,74,74,5.31712459136382e-05,5.29729054707314e-05,5.43227757044462e-05,2.19136008002248e-05,2.40048822920133e-05,2.27554536856316e-05,100,100
0.28,73,74,73,74,74,5.2696546535831e-05,5.24024126599685e-05,5.34106981031277e-05,2.21665513083287e-05,2.38404601094118e-05,2.2493942802008e-05,100,100
0.281,73,73,74,75,73,5.24409735633334e-05,5.18461934772461e-05,5.25141091194649e-05,2.25454126980721e-05,2.35492709417211e-05,2.24426790316943e-05,100,100
0.282,73,71,73,73,73,5.19272465997814e-05,5.13040999032547e-05,5.19742777851703e-05,2.28154601269432e-05,2.32631435512942e-05,2.2586213545198e-05,100,100
0.283,73,72,73,73,72,5.08762725180729e-05,5.07759596623849e-05,5.15330568211991e-05,2.28130353153275e-05,2.28670407810281e-05,2.25410396309405e-05,100,100
0.284,72,72,72,72,72,4.98443603064162e-05,4.98341082486374e-05,5.11040663455819e-05,2.22414470200312e-05,2.23469319278276e-05,2.21119062401696e-05,100,100
0.285,72,72,72,72,72,4.91554712255746e-05,4.87553664060515e-05,5.06867434426991e-05,2.15488719311476e-05,2.17553067880622e-05,2.17079236635035e-05,100,100
0.286,74,72,72,72,71,4.86768661791742e-05,4.76959090752833e-05,5.02808995749115e-05,2.15844935807862e-05,2.14452654797835e-05,2.15930482463077e-05,100,100
0.287,74,72,72,72,72,4.82049808764827e-05,4.7018387974459e-05,4.9886059720405e-05,2.14364102862214e-05,2.14854987557687e-05,2.15782634154216e-05,100,100
0.288,74,73,72,73,71,4.84617833235289e-05,4.63796707333709e-05,4.96478873636377e-05,2.09560909136983e-05,2.1266462615643e-05,2.15680897574687e-05,100,100
0.289,75,73,72,73,73,4.88109973138046e-05,4.57440761574072e-05,4.90365399810857e-05,2.08145042384517e-05,2.09033211577894e-05,2.16401460009708e-05,100,100
0.29,75,73,72,73,73,4.91680275586495e-05,4.5112339764499e-05,4.84344988707623e-05,2.09299317585956e-05,2.09299317585956e-05,2.13756554992857e-05,100,100
0.291,76,72,72,73,73,4.95325367373719e-05,4.47997980981136e-05,4.78429194428812e-05,2.12576153126334e-05,2.0704376228059e-05,2.13068841997253e-05,100,100
0.292,76,72,72,73,73,4.99039853681749e-05,4.47215732440166e-05,4.7262583702228e-05,2.12426012140221e-05,2.07977838764185e-05,2.13999359692194e-05,100,100
0.293,79,72,73,73,72,5.02814795921466e-05,4.4650996754036e-05,4.66940088351446e-05,2.09735791643902e-05,2.07475231422101e-05,2.12329842820932e-05,100,100
0.294,79,72,72,73,72,5.06641953718466e-05,4.45882059079186e-05,4.61379235676818e-05,2.11605489860488e-05,2.05858136705131e-05,2.10906832371683e-05,100,100
0.295,80,72,72,73,72,5.10513489792527e-05,4.47117843883227e-05,4.60360295454296e-05,2.13924995212733e-05,2.04363551001883e-05,2.12249442070675e-05,100,100
0.296,80,70,72,73,72,5.14421266467518e-05,4.4948533901232e-05,4.60538577563516e-05,2.17800335709658e-05,2.01451942000437e-05,2.13753918724029e-05,100,100
0.297,80,70,72,72,72,5.18357252518973e-05,4.51879074271305e-05,4.60769079075327e-05,2.17295605693168e-05,1.96916357298866e-05,2.15065614697421e-05,100,100
0.298,80,71,71,71,72,5.22312195248037e-05,4.54283515737872e-05,4.61049171967018e-05,2.17805189590965e-05,1.92390189892932e-05,2.15504872483561e-05,100,100
0.299,81,71,72,72,73,5.26278243596254e-05,4.56684637695399e-05,4.61377805683025e-05,2.16201690669184e-05,1.86819313060054e-05,2.13942939416902e-05,100,100
0.3,81,71,71,71,73,5.28055248846609e-05,4.59068918762552e-05,4.63639925295483e-05,2.1215707495736e-05,1.81464435374577e-05,2.11375816668843e-05,100,100
0.301,80,71,71,71,73,5.29692914444363e-05,4.61421305988817e-05,4.66597081236429e-05,2.1575877265635e-05,1.78994066369442e-05,2.08906267552873e-05,100,100
0.302,81,71,73,70,72,5.31459883544005e-05,4.6372668938529e-05,4.69510675105856e-05,2.11804338347141e-05,1.78466425942083e-05,2.06538667935575e-05,100,100
0.303,80,71,74,72,71,5.33354090569213e-05,4.65971472533258e-05,4.72366948066972e-05,2.11911749790132e-05,1.80526477059347e-05,2.04277230068794e-05,100,100
0.304,79,71,74,72,71,5.35374639603778e-05,4.68143443314039e-05,4.75150469430499e-05,2.11968853803855e-05,1.80093124652869e-05,2.02123476036678e-05,100,100
0.305,79,72,74,73,70,5.3752219037001e-05,4.70231072378997e-05,4.77848301321038e-05,2.147149356204e-05,1.79639512177249e-05,2.00075276899954e-05,100,100
0.306,79,71,74,72,70,5.39796329021344e-05,4.72223664594104e-05,4.80452236693037e-05,2.17542400313702e-05,1.79301805740835e-05,1.98132027697394e-05,100,100
0.307,76,72,75,74,69,5.44543478632382e-05,4.74112206275858e-05,4.82955133364823e-05,2.20284461556367e-05,1.79352427853018e-05,1.96296668585337e-05,100,100
0.308,76,73,73,73,69,5.49396284478243e-05,4.75889018686647e-05,4.853477273777e-05,2.21691914930181e-05,1.78233828085383e-05,1.95655301898647e-05,100,100
0.309,76,73,73,73,70,5.54267957092908e-05,4.77546971505273e-05,4.8762098171676e-05,2.27222156608094e-05,1.77197297288686e-05,1.96265209170204e-05,100,100
0.31,77,72,73,73,69,5.59160860886682e-05,4.79080570059018e-05,4.89767809938556e-05,2.3096455316491e-05,1.76254725886601e-05,1.97019360833279e-05,100,100
0.311,75,72,71,72,69,5.64075228620116e-05,4.80486252929306e-05,4.91782978285652e-05,2.27889288078298e-05,1.75402371686212e-05,1.97913779707981e-05,100,100
0.312,74,72,71,72,69,5.69010340404314e-05,4.83079434115225e-05,4.93662963448697e-05,2.26146922501661e-05,1.74637948328913e-05,1.98693829314681e-05,100,100
0.313,73,73,71,72,69,5.73964805423316e-05,4.86916268273007e-05,4.95404585661073e-05,2.24290810923559e-05,1.76153345405118e-05,1.98234496494413e-05,100,100
0.314,73,72,71,72,68,5.78936112542628e-05,4.90681500985763e-05,4.97005614184006e-05,2.20442783181746e-05,1.77722814258376e-05,1.97868252360949e-05,100,100
0.315,74,72,71,72,69,5.839192265904e-05,4.94365078017736e-05,4.98464583404703e-05,2.17497745521956e-05,1.79295773292973e-05,1.97593261950233e-05,100,100
0.316,75,72,71,72,70,5.88908230415021e-05,4.97957581783047e-05,4.997795357939e-05,2.14762989696585e-05,1.80982628569316e-05,1.97407296218398e-05,100,100
0.317,75,72,71,72,69,5.9389759476035e-05,4.9978176725906e-05,5.01450189849689e-05,2.12105862844189e-05,1.83693620574365e-05,1.97214013640724e-05,100,100
0.318,75,72,71,72,69,5.98881305120022e-05,5.00674670740126e-05,5.04834782241912e-05,2.10163500188801e-05,1.83964628278148e-05,1.96992386314241e-05,100,100
0.319,75,71,71,71,69,6.03852840745559e-05,5.01420716147113e-05,5.08103688909426e-05,2.10138085443635e-05,1.85358108904719e-05,1.96791941270286e-05,100,100
0.32,75,71,71,71,70,6.08805071120037e-05,5.00201810965585e-05,5.0668234213899e-05,2.10178757381278e-05,1.83754936478147e-05,1.94878422119706e-05,100,100
0.321,74,71,71,71,70,6.1373029496561e-05,4.9890758240266e-05,5.05140692134675e-05,2.13141878276584e-05,1.8343262812855e-05,1.93222799013643e-05,100,100
0.322,73,71,71,71,70,6.18619639567856e-05,4.97548153563267e-05,5.04837761024756e-05,2.17111455874246e-05,1.82573787533313e-05,1.93187781327564e-05,100,100
0.323,72,71,69,69,70,6.23464578776663e-05,4.96131696797349e-05,5.05263133949904e-05,2.20059125763519e-05,1.81599141371442e-05,1.93158057175428e-05,100,100
0.324,71,71,69,69,70,6.28258627794604e-05,4.94665364711741e-05,5.05583926068676e-05,2.21387893650025e-05,1.79985904697106e-05,1.92252210807114e-05,100,100
0.325,71,71,69,69,69,6.32994233230297e-05,4.93855469146114e-05,5.05808098738304e-05,2.21935986070818e-05,1.80545144659328e-05,1.8965557976329e-05,100,100
0.326,72,71,69,69,69,6.37661217345816e-05,4.95162147879568e-05,5.05944252741787e-05,2.25065210280525e-05,1.77525348474719e-05,1.87146936126112e-05,100,100
0.327,72,71,69,69,69,6.41341488322299e-05,4.96382814668627e-05,5.05999403348252e-05,2.28384882134337e-05,1.744772313539e-05,1.84730445884179e-05,100,100
0.328,73,70,69,69,69,6.44772556915858e-05,4.97517503942292e-05,5.05979772675537e-05,2.31624668411927e-05,1.71484408925354e-05,1.8365333806183e-05,100,100
0.329,74,69,69,68,69,6.4816298417025e-05,4.9856842481144e-05,5.05893972577704e-05,2.34779099925559e-05,1.68554528767157e-05,1.84172545594832e-05,100,100
0.33,75,69,70,68,69,6.49876121261109e-05,4.99539088519637e-05,5.05752939782639e-05,2.37842277860699e-05,1.65695422428899e-05,1.847753546272e-05,100,100
0.331,75,70,70,68,69,6.50453991691377e-05,5.00432350380054e-05,5.05566898421486e-05,2.39615107905096e-05,1.62936926727276e-05,1.85456653922683e-05,100,100
0.332,76,70,70,69,70,6.51014693538851e-05,5.0124955909615e-05,5.05344155340524e-05,2.411089824643e-05,1.61443373846327e-05,1.85916294836128e-05,100,100
0.333,76,70,70,69,69,6.51558525167899e-05,5.01991976571868e-05,5.05092598474506e-05,2.42514684024293e-05,1.61131660636753e-05,1.8459155022072e-05,100,100
0.334,76,70,69,69,69,6.52086003688541e-05,5.02661940246155e-05,5.04820247037254e-05,2.43832784894339e-05,1.61013424562262e-05,1.82553660728868e-05,100,100
0.335,76,70,69,69,69,6.52598082029115e-05,5.03262132005769e-05,5.04534587902608e-05,2.45064840334086e-05,1.6156901488428e-05,1.80673429252853e-05,100,100
0.336,76,70,68,69,69,6.54657301787446e-05,5.03794981849222e-05,5.04242703334971e-05,2.46212409066368e-05,1.62121235666229e-05,1.78947132141517e-05,100,100
0.337,76,70,68,69,68,6.57391560050367e-05,5.04263785795764e-05,5.05251958007853e-05,2.47276219170489e-05,1.61939933194645e-05,1.7737093455306e-05,100,100
0.338,76,70,68,69,69,6.59979602924842e-05,5.04672782098961e-05,5.06821413417519e-05,2.48256970212776e-05,1.61457701597315e-05,1.76732129203015e-05,100,100
0.339,76,70,68,69,69,6.62418145217006e-05,5.05026218545506e-05,5.0825575182205e-05,2.4915529995762e-05,1.61053228698109e-05,1.76431757631191e-05,100,100
0.34,76,69,68,69,69,6.64703874975261e-05,5.05328223511479e-05,5.09558712011549e-05,2.49972382232139e-05,1.60960308979894e-05,1.76191087093597e-05,100,100
0.341,76,69,68,69,69,6.6683365198167e-05,5.0558296111625e-05,5.1073401917053e-05,2.50710883438057e-05,1.61327704291166e-05,1.76507786596618e-05,100,100
0.342,78,69,68,69,69,6.6880459186777e-05,5.05794597911291e-05,5.11785961025451e-05,2.5137413554144e-05,1.61708163635942e-05,1.77363886821773e-05,100,100
0.343,78,69,68,69,69,6.70613520624906e-05,5.05967216107391e-05,5.1271928434425e-05,2.51965080482836e-05,1.6209407775411e-05,1.7815337625342e-05,100,100
0.344,78,69,68,69,69,6.71482686827665e-05,5.06104761152999e-05,5.1353852874294e-05,2.5256989311097e-05,1.62238327603801e-05,1.78875085738207e-05,100,100
0.345,78,69,68,69,69,6.72146399320754e-05,5.06210966613438e-05,5.14248103938455e-05,2.53259301493336e-05,1.62322167466622e-05,1.7952690068929e-05,100,100
0.346,78,69,68,69,70,6.72726627398746e-05,5.06289740365036e-05,5.14853071484641e-05,2.53865948681804e-05,1.62299644264815e-05,1.80107391418818e-05,100,100
0.347,78,69,68,69,70,6.73221423240846e-05,5.06345207261795e-05,5.15359101134975e-05,2.54391058799288e-05,1.61969337344165e-05,1.80615914362858e-05,100,100
0.348,78,69,68,69,70,6.73628359525692e-05,5.06381223864299e-05,5.15771598989972e-05,2.54835632915737e-05,1.61691915354537e-05,1.81052018734681e-05,100,100
0.349,78,69,68,69,70,6.73944822782498e-05,5.06401556327848e-05,5.16095704834728e-05,2.55200557193544e-05,1.61359789478289e-05,1.814155288594e-05,100,100
0.35,78,69,69,70,70,6.74167966209044e-05,5.06410139125531e-05,5.16336774812213e-05,2.55486633072211e-05,1.61100053714329e-05,1.81706345184569e-05,100,100
0.351,78,69,69,70,70,6.74294513439182e-05,5.06410818827834e-05,5.16500401250656e-05,2.55694558374781e-05,1.60911468234192e-05,1.81924093782783e-05,100,100
0.352,78,69,69,70,70,6.74320871000206e-05,5.06407109465855e-05,5.16592084748964e-05,2.55824870099842e-05,1.60791934405555e-05,1.82068278106286e-05,100,100
0.353,78,69,69,70,70,6.74243235709302e-05,5.06402315784323e-05,5.16617072654754e-05,2.55878135865546e-05,1.60738220549006e-05,1.8213862521172e-05,100,100
0.354,78,69,69,70,70,6.74057509266757e-05,5.06399631059575e-05,5.16580496272834e-05,2.55854859439988e-05,1.60746112518316e-05,1.82135061388011e-05,100,100
0.355,78,69,69,70,70,6.73759206812635e-05,5.06402177472649e-05,5.16487430735805e-05,2.55755358497084e-05,1.60810630220236e-05,1.82057665189748e-05,100,100
0.356,78,69,69,70,70,6.73343407604305e-05,5.06413027791043e-05,5.16342822711821e-05,2.55579761969349e-05,1.60926115766482e-05,1.81906596196506e-05,100,100
0.357,78,69,69,70,70,6.72804516177286e-05,5.06435164834139e-05,5.16151589167678e-05,2.55328025152264e-05,1.61086413382149e-05,1.81682080748707e-05,100,100
0.358,78,69,69,70,70,6.72136364731084e-05,5.06471505538173e-05,5.15918850005969e-05,2.54999923499276e-05,1.61285038868547e-05,1.81384299513515e-05,100,100
0.359,78,69,69,70,71,6.71332713455584e-05,5.06524956476955e-05,5.15650064303922e-05,2.5459520415387e-05,1.61408701445337e-05,1.81013206133065e-05,100,100
0.36,78,69,68,69,71,6.70387591964684e-05,5.06598163567023e-05,5.153511312772e-05,2.54113688649832e-05,1.61542350961229e-05,1.80568805114048e-05,100,100
0.361,78,69,68,69,71,6.69295221542553e-05,5.06693127465112e-05,5.15028160044547e-05,2.53554771890493e-05,1.61688574227404e-05,1.80051273494325e-05,100,100
0.362,78,69,68,69,71,6.68049749374771e-05,5.0681146507771e-05,5.14687051286664e-05,2.52917446043625e-05,1.61845027876173e-05,1.79460836309559e-05,100,100
0.363,78,69,68,69,71,6.66645483919353e-05,5.06954418582331e-05,5.14333490131062e-05,2.52362168199407e-05,1.6200980161936e-05,1.78797775420547e-05,100,100
0.364,78,69,68,69,69,6.65077264480081e-05,5.07122448825335e-05,5.13973127164828e-05,2.51810869848824e-05,1.62181373705347e-05,1.78062244492065e-05,100,100
0.365,78,69,68,69,69,6.62756963929135e-05,5.07315101281728e-05,5.13611598243308e-05,2.51184525080809e-05,1.62160188925902e-05,1.77253807288542e-05,100,100
0.366,77,69,68,69,69,6.59941746373455e-05,5.07530970950847e-05,5.13254724209463e-05,2.50479268187751e-05,1.61889846265884e-05,1.76372025026579e-05,100,100
0.367,76,70,68,69,69,6.56895227062396e-05,5.07768313146867e-05,5.12908339151977e-05,2.49690656603751e-05,1.6137494507772e-05,1.75416636121603e-05,100,100
0.368,76,70,68,69,69,6.53617116042739e-05,5.08025695919092e-05,5.12577631308695e-05,2.48814600695038e-05,1.6083873504594e-05,1.75101009833137e-05,100,100
0.369,76,70,68,69,69,6.50109036738842e-05,5.0830185232357e-05,5.1226747255408e-05,2.46645749295932e-05,1.60765726816895e-05,1.75022786676769e-05,100,100
0.37,75,70,68,69,69,6.4637314938898e-05,5.08595529819184e-05,5.11983283513343e-05,2.4420408399344e-05,1.60957695558386e-05,1.74960841524208e-05,100,100
0.371,75,70,68,69,70,6.42065767006845e-05,5.08904628136996e-05,5.11730397750599e-05,2.41559021791485e-05,1.61176988814781e-05,1.74916462711995e-05,100,100
0.372,73,70,68,68,69,6.3704072455239e-05,5.0922552356388e-05,5.11513977324158e-05,2.38704303341168e-05,1.61425541984612e-05,1.73542231538468e-05,100,100
0.373,73,70,68,68,70,6.31664153648333e-05,5.09554188239673e-05,5.11339942835576e-05,2.35635329229748e-05,1.61705507010304e-05,1.71949154728127e-05,100,100
0.374,73,70,68,68,69,6.25932970806851e-05,5.09886069153132e-05,5.11213369700075e-05,2.32356290233023e-05,1.62018881126262e-05,1.70295748361163e-05,100,100
0.375,73,70,68,68,69,6.19844696390511e-05,5.10216110776749e-05,5.11137841211611e-05,2.30306133290368e-05,1.6236657104079e-05,1.69085361623164e-05,100,100
0.376,72,70,68,68,69,6.13397042632817e-05,5.10539649114781e-05,5.11116461103933e-05,2.2817262225818e-05,1.62515561727408e-05,1.68441141471404e-05,100,100
0.377,72,70,68,68,69,6.0564864258108e-05,5.10851645161701e-05,5.11151768242792e-05,2.25958860211082e-05,1.62304567722899e-05,1.68550442834729e-05,100,100
0.378,72,70,68,68,69,6.01815242603376e-05,5.11145688760304e-05,5.1124579858508e-05,2.25733848556379e-05,1.62076646786069e-05,1.68767253477534e-05,100,100
0.379,72,68,68,67,69,5.98280628818696e-05,5.11414351297163e-05,5.11400356974735e-05,2.26360553400995e-05,1.61697573268254e-05,1.69014017117933e-05,100,100
0.38,71,67,68,67,68,5.9471633800578e-05,5.11650975024432e-05,5.1161744534425e-05,2.26199391687873e-05,1.5974647217269e-05,1.69630145843952e-05,100,100
0.381,70,66,66,65,68,5.92155162827988e-05,5.11849612969517e-05,5.11898587071558e-05,2.21046471237208e-05,1.59897428258179e-05,1.69609497176363e-05,100,100
0.382,70,65,64,63,68,5.88403407649269e-05,5.12002225133548e-05,5.12243156221315e-05,2.1538115667455e-05,1.60124745684932e-05,1.69986199816349e-05,100,100
0.383,70,65,64,63,67,5.84372629988465e-05,5.12098034392755e-05,5.12647966242973e-05,2.1116579798437e-05,1.57097221616746e-05,1.68834049404325e-05,100,100
0.384,69,65,64,63,67,5.80049504174878e-05,5.12127102875207e-05,5.13109941285976e-05,2.06183002002518e-05,1.53119749631279e-05,1.67696192132191e-05,100,100
0.385,69,63,64,63,66,5.75423319426599e-05,5.12081571202165e-05,5.13628898431091e-05,2.02947084607825e-05,1.51468532951764e-05,1.6754411373247e-05,100,100
0.386,69,64,63,63,66,5.70484946271936e-05,5.11952839632159e-05,5.14206084029264e-05,1.98836700663549e-05,1.49665433265489e-05,1.66478263515519e-05,100,100
0.387,70,63,63,63,66,5.65226966821834e-05,5.11732053745271e-05,5.1484222061326e-05,1.96839171740112e-05,1.48895562779469e-05,1.65309897172645e-05,100,100
0.388,71,63,64,63,65,5.59643126791761e-05,5.11411121467441e-05,5.15537447688207e-05,1.91869259864052e-05,1.48373370594739e-05,1.64151732702657e-05,100,100
0.389,73,62,65,63,65,5.59872551590334e-05,5.10980557217614e-05,5.16289577938026e-05,1.82751496589582e-05,1.47764061395008e-05,1.60084718882865e-05,100,100
0.39,72,63,64,62,63,5.59790745861736e-05,5.1042992822808e-05,5.17094365134521e-05,1.79063636443617e-05,1.47068764724748e-05,1.58296058558097e-05,100,100
0.391,72,64,62,61,64,5.56150386798696e-05,5.0974985923535e-05,5.17949889742986e-05,1.72256840448803e-05,1.46287010969601e-05,1.56532046286456e-05,100,100
0.392,71,63,64,62,64,5.52302119333361e-05,5.1129144609467e-05,5.1885535935635e-05,1.63910349936961e-05,1.45418875213195e-05,1.51531549232305e-05,100,100
0.393,72,63,63,62,64,5.48239509790649e-05,5.12985749227375e-05,5.19808241390231e-05,1.58568551306723e-05,1.44309720108632e-05,1.49573088535997e-05,100,100
0.394,71,62,63,62,64,5.43957508629646e-05,5.14735078394837e-05,5.20805907576209e-05,1.56147816526159e-05,1.43359748396254e-05,1.49310536368134e-05,100,100
0.395,70,62,64,63,64,5.39450919142492e-05,5.16536837482558e-05,5.21845154818982e-05,1.53608091282556e-05,1.40641683004002e-05,1.49065608347179e-05,100,100
0.396,75,62,63,63,64,5.34714880687814e-05,5.18385979734478e-05,5.22923019700891e-05,1.49407582869574e-05,1.39102406604035e-05,1.47939088774598e-05,100,100
0.397,75,62,62,63,63,5.2974829720164e-05,5.20277302525722e-05,5.24038923643372e-05,1.44883571753749e-05,1.36905813062401e-05,1.45352114298146e-05,100,100
0.398,75,61,61,62,62,5.24553508377254e-05,5.22207569900973e-05,5.25192591643219e-05,1.44205572888502e-05,1.39810053245584e-05,1.44543882302186e-05,100,100
0.399,73,61,61,62,60,5.24174472895857e-05,5.24174472895857e-05,5.26380886641058e-05,1.49087859656829e-05,1.41890349411131e-05,1.43022410447469e-05,100,100
0.4,72,62,61,62,60,5.23115976919126e-05,5.23115976919126e-05,5.24542618236016e-05,1.4476536438843e-05,1.38766528718937e-05,1.4114096440588e-05,100,100
0.401,70,62,62,63,60,5.21231183213416e-05,5.21231183213416e-05,5.21882861675386e-05,1.42699617672993e-05,1.36592289064388e-05,1.39435434073978e-05,100,100
0.402,70,63,61,63,61,5.19164604833918e-05,5.19164604833918e-05,5.19049094246515e-05,1.4329496863454e-05,1.36391367261643e-05,1.37726659484483e-05,100,100
0.403,70,64,61,63,62,5.16914741414511e-05,5.16914741414511e-05,5.16035343353837e-05,1.44108363689569e-05,1.36304222195405e-05,1.3669368752477e-05,100,100
0.404,68,63,61,62,61,5.14480675014908e-05,5.14480675014908e-05,5.12836332567166e-05,1.38297774870851e-05,1.36265230235483e-05,1.35730258576244e-05,100,100
0.405,67,64,61,63,61,5.11861138231417e-05,5.11861138231417e-05,5.09451475764799e-05,1.36808751809476e-05,1.36269119386001e-05,1.34396612297034e-05,100,100
0.406,63,62,64,64,59,5.09056099724961e-05,5.09056099724961e-05,5.05883532308875e-05,1.35255419448978e-05,1.36405426203774e-05,1.35570244580717e-05,100,100
0.407,62,64,65,65,59,5.0606805188513e-05,5.0606805188513e-05,5.02135438062694e-05,1.35375741259744e-05,1.36457405432569e-05,1.36918868675387e-05,100,100
0.408,62,64,67,66,61,5.0289992264427e-05,5.0289992264427e-05,4.98209068242316e-05,1.38710468593076e-05,1.40759086977953e-05,1.3823294501167e-05,100,100
0.409,62,64,66,65,62,4.99552758684876e-05,4.99552758684876e-05,4.94107184597324e-05,1.35941842702013e-05,1.43781099311966e-05,1.3725502962966e-05,100,100
0.41,63,65,67,66,61,5.01826192773446e-05,4.96029256357825e-05,4.8983414523352e-05,1.3023657214291e-05,1.45610020685751e-05,1.37544903723717e-05,100,100
0.411,64,64,67,66,61,5.06608850679287e-05,4.92334392802707e-05,4.857474057136e-05,1.35683812118784e-05,1.47147143498698e-05,1.3716358109396e-05,100,100
0.412,63,65,67,67,61,5.11235384700614e-05,4.88473946085609e-05,4.85354858119414e-05,1.37784578476571e-05,1.53165468404689e-05,1.37686862046854e-05,100,100
0.413,62,67,66,66,62,5.15700317468472e-05,4.89133939621062e-05,4.84806974603018e-05,1.44783458833639e-05,1.58290707817291e-05,1.39779284250726e-05,100,100
0.414,60,68,69,67,64,5.19998256341527e-05,4.89770739995949e-05,4.8410296981853e-05,1.41517279372582e-05,1.61616918557105e-05,1.40538931929255e-05,100,100
0.415,64,70,69,69,65,5.20047276806082e-05,4.90243530607276e-05,4.83242799535534e-05,1.38237245611676e-05,1.64147593872247e-05,1.42283084769921e-05,100,100
0.416,66,70,69,69,65,5.16058228996866e-05,4.90548352698961e-05,4.8222634315881e-05,1.37229048556078e-05,1.66672784303177e-05,1.46254812525889e-05,100,100
0.417,67,69,69,68,65,5.10858068991259e-05,4.90682818582073e-05,4.81052112575198e-05,1.35577196878524e-05,1.6809064534459e-05,1.50667651009375e-05,100,100
0.418,70,69,70,68,66,5.05577620727883e-05,4.9064576333352e-05,4.79717745203631e-05,1.46497548779205e-05,1.70763922376366e-05,1.56293024699426e-05,100,100
0.419,69,68,71,68,67,5.00223347725216e-05,4.90435238788005e-05,4.78222467014929e-05,1.41935088335673e-05,1.74358536742674e-05,1.56831798900547e-05,100,100
0.42,67,70,72,70,68,4.99051823925556e-05,4.90048888559411e-05,4.76566722828939e-05,1.47603559476528e-05,1.76447718198116e-05,1.57319560130886e-05,100,100
0.421,65,70,72,70,68,5.06293844851778e-05,4.89485124059546e-05,4.74750163159657e-05,1.45286215919737e-05,1.7854209856427e-05,1.58438807420402e-05,100,100
0.422,66,71,72,71,69,5.13337054979356e-05,4.88741573430684e-05,4.72772033919747e-05,1.50086568545223e-05,1.79901190377774e-05,1.63207234686566e-05,100,100
0.423,68,71,73,71,69,5.15866508902972e-05,4.87813489984176e-05,4.70632348711516e-05,1.54569466032224e-05,1.78798697638398e-05,1.65421495206296e-05,100,100
0.424,68,71,72,70,68,5.20307249407508e-05,4.86696930534238e-05,4.68330287731445e-05,1.54749537527509e-05,1.7441951263607e-05,1.6330644073124e-05,100,100
0.425,68,72,72,71,67,5.27692731599942e-05,4.85389761520282e-05,4.68158463163858e-05,1.6356429975472e-05,1.75979242696909e-05,1.61796442240025e-05,100,100
0.426,68,71,73,71,67,5.35035687501156e-05,4.86371782274689e-05,4.69061341253575e-05,1.62708998038786e-05,1.74777326963719e-05,1.62357789334073e-05,100,100
0.427,68,72,73,70,69,5.47357041762716e-05,4.87711768895885e-05,4.69816715455262e-05,1.66062238984384e-05,1.76609877983253e-05,1.58713194992618e-05,100,100
0.428,68,72,74,70,69,5.60946889724095e-05,4.88878675657421e-05,4.70412250755596e-05,1.71684092927649e-05,1.78591294119386e-05,1.58672732365701e-05,100,100
0.429,69,72,74,71,70,5.74373887136091e-05,4.89863088660162e-05,4.71158945118437e-05,1.78171854957963e-05,1.80782211422742e-05,1.56504394902997e-05,100,100
0.43,69,71,73,70,69,5.87618097139887e-05,4.90658019255373e-05,4.73388989512998e-05,1.83101117981533e-05,1.82865231236726e-05,1.57331490948507e-05,100,100
0.431,69,71,73,70,69,5.98931426878465e-05,4.91257563986531e-05,4.75394351044819e-05,1.84550447404093e-05,1.82760250553102e-05,1.59828476995724e-05,100,100
0.432,68,71,72,69,69,6.0178525604447e-05,4.91656971122409e-05,4.77164947739332e-05,1.94585147091734e-05,1.83587905208948e-05,1.6193068575129e-05,100,100
0.433,69,70,72,69,69,6.03530721508459e-05,4.91851167796575e-05,4.78688461105383e-05,1.95949784103026e-05,1.8410800446466e-05,1.61331410228922e-05,100,100
0.434,68,70,71,69,69,6.04998167951741e-05,4.91833410628934e-05,4.79843140231504e-05,1.97646591080843e-05,1.83801345846974e-05,1.60637527896292e-05,100,100
0.435,68,69,72,68,68,6.13762516857976e-05,4.91598372671754e-05,4.77725616085587e-05,2.00702431616395e-05,1.8311176016371e-05,1.58771842099581e-05,100,100
0.436,68,70,73,69,68,6.23493486173762e-05,4.91141361457066e-05,4.75497576394324e-05,2.04158813087648e-05,1.82294024988524e-05,1.56014224016552e-05,100,100
0.437,69,71,73,71,66,6.26159080048129e-05,4.90457496677567e-05,4.73159422558573e-05,2.10909665340266e-05,1.81347036346802e-05,1.55229018329735e-05,100,100
0.438,70,71,73,71,66,6.25480784208057e-05,4.89942866987372e-05,4.70712265563586e-05,2.15531075271868e-05,1.80271548055549e-05,1.54438940259304e-05,100,100
0.439,71,71,72,73,68,6.24564428042687e-05,4.90950673705857e-05,4.68158112294181e-05,2.20321088653939e-05,1.79075314709694e-05,1.54414804694375e-05,100,100
0.44,74,71,71,72,68,6.23418571377381e-05,4.91716945059205e-05,4.65499028937779e-05,2.27410859032371e-05,1.79910090221377e-05,1.55415653437556e-05,100,100
0.441,74,70,72,72,69,6.25332369273524e-05,4.91422917652778e-05,4.62737359923072e-05,2.28954702676955e-05,1.81529592511636e-05,1.56877244221121e-05,100,100
0.442,77,70,72,72,68,6.30396433746327e-05,4.89057688019026e-05,4.61865576992638e-05,2.30254383519364e-05,1.83620185814389e-05,1.58329409795997e-05,100,100
0.443,76,70,72,71,68,6.35176128480524e-05,4.86810954056245e-05,4.62542687317461e-05,2.29936307686812e-05,1.81103084906454e-05,1.58803129351889e-05,100,100
0.444,75,70,71,71,68,6.39678951906261e-05,4.84337527784195e-05,4.62929543061737e-05,2.2652165824809e-05,1.80867169189174e-05,1.59442336121974e-05,100,100
0.445,75,70,71,71,68,6.43910321925984e-05,4.81640320881139e-05,4.6302289321167e-05,2.24715531513862e-05,1.79338874447758e-05,1.57287555684119e-05,100,100
0.446,76,71,72,72,69,6.47873123956783e-05,4.78724415669582e-05,4.62822050206453e-05,2.28177713196034e-05,1.7782889604697e-05,1.57337688802522e-05,100,100
0.447,76,71,72,72,68,6.51570610540934e-05,4.75598282638361e-05,4.62325295008963e-05,2.323429974647e-05,1.76226965282932e-05,1.58557431302825e-05,100,100
0.448,77,71,72,73,68,6.55006342899993e-05,4.72271097964863e-05,4.61531561984345e-05,2.36422661667108e-05,1.74536503696903e-05,1.59696798296879e-05,100,100
0.449,79,70,71,73,68,6.58182180422153e-05,4.68748488886228e-05,4.60444867565302e-05,2.40417651145745e-05,1.71731915128856e-05,1.6075018052784e-05,100,100
0.45,80,69,71,72,67,6.61100661580775e-05,4.63718284840406e-05,4.58796084422217e-05,2.44327422747245e-05,1.68292016925618e-05,1.61183519491447e-05,100,100
0.451,81,69,71,72,67,6.63768231783833e-05,4.60548906336226e-05,4.53747882736819e-05,2.46944642734171e-05,1.64743835366353e-05,1.58582633920965e-05,100,100
0.452,81,68,69,71,67,6.69118330136978e-05,4.5707571147809e-05,4.4854651791693e-05,2.52531546114156e-05,1.61102288358202e-05,1.54952785399001e-05,100,100
0.453,81,68,69,71,67,6.75018346582248e-05,4.52850057192598e-05,4.43211201543839e-05,2.58246579846946e-05,1.58098523376256e-05,1.51751299102424e-05,100,100
0.454,83,68,69,71,66,6.80184444491747e-05,4.49014940483727e-05,4.36631403834677e-05,2.63739902328805e-05,1.57314576474687e-05,1.49158350677108e-05,100,100
0.455,82,68,68,70,66,6.84226277184319e-05,4.45714614507265e-05,4.3266005460313e-05,2.69010995296849e-05,1.58492778441815e-05,1.46790508014583e-05,100,100
0.456,82,68,66,69,66,6.8890073147333e-05,4.41511174361164e-05,4.29811810262525e-05,2.69673722661315e-05,1.59531996864563e-05,1.44513771617332e-05,100,100
0.457,81,68,66,68,65,6.93209379739224e-05,4.37213615005284e-05,4.2681140795589e-05,2.68109401624734e-05,1.57260152031546e-05,1.42189974284139e-05,100,100
0.458,83,68,66,68,65,6.97156185185089e-05,4.33166161238857e-05,4.23669880965138e-05,2.67184413837301e-05,1.55008709432241e-05,1.398212030982e-05,100,100
0.459,84,68,66,68,63,7.00746888035912e-05,4.29013429534556e-05,4.20395359709778e-05,2.70288374588615e-05,1.53813977414437e-05,1.37286551745496e-05,100,100
0.46,83,67,66,67,62,7.03988028623722e-05,4.24760673674018e-05,4.16991782394722e-05,2.749873280407e-05,1.51839561736371e-05,1.34734578125754e-05,100,100
0.461,83,67,66,67,62,7.06886465665068e-05,4.20408963238876e-05,4.13464845704346e-05,2.83481763956677e-05,1.48519948666358e-05,1.33309295626316e-05,100,100
0.462,83,66,66,66,61,7.09448350382775e-05,4.15958556116647e-05,4.0908281747474e-05,2.878470702752e-05,1.45738761916675e-05,1.32016058679259e-05,100,100
0.463,83,64,67,66,61,7.11677420669462e-05,4.11412870488928e-05,4.03763306869644e-05,2.9141310433635e-05,1.44493352552413e-05,1.30671008189865e-05,100,100
0.464,84,63,66,65,61,7.13578066036468e-05,4.06778104340997e-05,3.9839175269557e-05,2.91151678763057e-05,1.42370244498624e-05,1.29278749238426e-05,100,100
0.465,84,63,66,65,60,7.15158494607094e-05,4.0206320966926e-05,3.9297671616985e-05,2.90888772622597e-05,1.40880896320928e-05,1.2783949013752e-05,100,100
0.466,84,63,65,64,59,7.16427739362466e-05,3.97278490199344e-05,3.87520765965441e-05,2.92115982784752e-05,1.39384146350928e-05,1.26321971715575e-05,100,100
0.467,84,62,65,64,59,7.17393126778306e-05,3.92431374097789e-05,3.82028809121009e-05,2.90375306175231e-05,1.37879870126437e-05,1.23815529702201e-05,100,100
0.468,84,61,64,62,58,7.18059311376326e-05,3.87526240321827e-05,3.76514665427499e-05,2.90130969872172e-05,1.34306328274042e-05,1.2204220010792e-05,100,100
0.469,84,60,63,62,58,7.18431609804852e-05,3.82568697556621e-05,3.70991813017688e-05,2.89897956676854e-05,1.30609953756666e-05,1.2050929015709e-05,100,100
0.47,84,59,63,62,58,7.18519788519522e-05,3.77566465624573e-05,3.65470259190187e-05,2.88864585066655e-05,1.2699593135384e-05,1.18981555474219e-05,100,100
0.471,84,59,63,62,57,7.18334528195597e-05,3.72527067857687e-05,3.59958760195176e-05,2.89390852231446e-05,1.23465979707901e-05,1.16790347352457e-05,100,100
0.472,85,59,62,61,57,7.17884651033369e-05,3.67459664842943e-05,3.54462354030595e-05,2.89265873633511e-05,1.20589990031277e-05,1.15161691039034e-05,100,100
0.473,85,59,62,61,57,7.17176184101397e-05,3.62376117545707e-05,3.48985030481382e-05,2.89074169153945e-05,1.18471936493081e-05,1.13824489270063e-05,100,100
0.474,84,57,61,59,57,7.16213574116054e-05,3.5728656720465e-05,3.43532882905497e-05,2.89531375946711e-05,1.16742314600011e-05,1.1249351568847e-05,100,100
0.475,85,56,60,59,56,7.15002731608338e-05,3.52368128862437e-05,3.38111412918085e-05,2.88505194398913e-05,1.15133357403039e-05,1.10833621072114e-05,100,100
0.476,85,56,60,59,56,7.1355006181957e-05,3.48292967124557e-05,3.32725570254519e-05,2.8740709628776e-05,1.13516584601033e-05,1.09212857474817e-05,100,100
0.477,84,56,60,58,53,7.11861565693427e-05,3.44217407484727e-05,3.27380269861794e-05,2.87395702856147e-05,1.11894639410297e-05,1.0783476322103e-05,100,100
0.478,83,55,59,56,53,7.09983301505631e-05,3.40148442949983e-05,3.22077741838428e-05,2.87958773979948e-05,1.10270328583807e-05,1.06435435540428e-05,100,100
0.479,83,54,59,56,53,7.1037035065699e-05,3.36095608803911e-05,3.16818606958446e-05,2.88040298834482e-05,1.08646405212316e-05,1.05016531754497e-05,100,100
0.48,83,53,58,55,52,7.10509218236552e-05,3.32067330076505e-05,3.11602637910752e-05,2.88682151627296e-05,1.07024732016176e-05,1.03578535627598e-05,100,100
0.481,82,52,58,54,51,7.10406525427123e-05,3.28066868490048e-05,3.06427780508507e-05,2.89592509350495e-05,1.05407178092045e-05,1.02124196766207e-05,100,100
0.482,83,52,58,54,50,7.1007185612521e-05,3.24096256025051e-05,3.01119345998613e-05,2.88049287695326e-05,1.03796833853029e-05,1.00658851965846e-05,100,100
0.483,82,52,56,52,49,7.09519964326594e-05,3.20161180255601e-05,2.95647614844056e-05,2.85620282584002e-05,1.0219768257028e-05,9.88138865828641e-06,100,100
0.484,82,51,56,51,48,7.08764326636531e-05,3.16267401835159e-05,2.90229126098114e-05,2.83159853900437e-05,1.00612668481385e-05,9.69600850952511e-06,100,100
0.485,81,49,56,49,45,7.0781505821796e-05,3.12417686518843e-05,2.84868580490822e-05,2.81017135353202e-05,9.90446226172748e-06,9.51175334913356e-06,100,100
0.486,81,49,56,49,45,7.06680942989031e-05,3.08612961168284e-05,2.79572129154008e-05,2.8160163191032e-05,9.74954408088152e-06,9.32901554468583e-06,100,100
0.487,81,48,56,49,44,7.05370276320901e-05,3.04855614237039e-05,2.74346306163067e-05,2.80799245863116e-05,9.61490237676294e-06,9.15057866969482e-06,100,100
0.488,81,48,56,49,44,7.03888637332066e-05,3.01150539341081e-05,2.69197575388256e-05,2.7969670767977e-05,9.53813931618219e-06,9.01221023778088e-06,100,100
0.489,81,48,56,49,43,7.02238516730328e-05,2.97503590893302e-05,2.64131694836443e-05,2.77834602402376e-05,9.47290663811331e-06,8.87686834300763e-06,100,100
0.49,81,48,56,49,43,7.00424009208697e-05,2.93920541161809e-05,2.59154811308548e-05,2.75978761296921e-05,9.40620203610961e-06,8.68294569844512e-06,100,100
0.491,81,48,56,49,43,6.98452965417202e-05,2.9040282982169e-05,2.54272218994525e-05,2.76084831737656e-05,9.33808290886911e-06,8.5336252533592e-06,100,100
0.492,81,47,56,48,42,6.96334293650441e-05,2.86949414977467e-05,2.49486247350736e-05,2.7673611495331e-05,9.26845131408477e-06,8.41394173910479e-06,100,100
0.493,81,47,54,46,42,6.94077410462599e-05,2.83562464305345e-05,2.44799097230258e-05,2.77260568400769e-05,9.1972045136762e-06,8.31469131636224e-06,100,100
0.494,80,45,53,45,40,6.91691710631323e-05,2.80246027120396e-05,2.40212318820778e-05,2.7567822873009e-05,9.12424522318759e-06,8.27120660376371e-06,100,100
0.495,80,44,53,45,40,6.89183999728534e-05,2.77003184247162e-05,2.35726641146394e-05,2.74071227367622e-05,9.04945167362034e-06,8.22752634621902e-06,100,100
0.496,80,44,53,45,39,6.86560786964246e-05,2.73836071376186e-05,2.31343281273858e-05,2.72442286249992e-05,8.9727951936291e-06,8.13299263158464e-06,100,100
0.497,81,44,53,45,38,6.83829559524436e-05,2.70747840849842e-05,2.27211756415576e-05,2.70747840849842e-05,8.89412975277558e-06,8.03404795014668e-06,100,100
0.498,81,44,53,45,37,6.80995063778585e-05,2.67740845907448e-05,2.23542186432427e-05,2.67740845907448e-05,8.76469090306368e-06,7.93237731237723e-06,100,100
0.499,81,44,52,45,36,6.78060794980822e-05,2.64814794523334e-05,2.1994776160506e-05,2.65689671941252e-05,8.69221340006947e-06,7.81964449373654e-06,100,100
0.5,81,44,51,44,36,6.75032550047653e-05,2.61969278772793e-05,2.1642854059522e-05,2.64249926750058e-05,8.6257348276205e-06,7.70046481744128e-06,100,100
0.501,81,44,51,44,36,6.71914738598996e-05,2.59203862477307e-05,2.12985000971715e-05,2.62855398322152e-05,8.58808284129631e-06,7.58361400423349e-06,100,100
0.502,81,44,51,44,35,6.68708705223478e-05,2.56516177007365e-05,2.09617044783464e-05,2.61504809887504e-05,8.53943265439302e-06,7.46879106846361e-06,100,100
0.503,81,43,50,44,34,6.65417821837138e-05,2.53903269063283e-05,2.06325331070221e-05,2.60195917780426e-05,8.48200153418055e-06,7.35572997495524e-06,100,100
0.504,81,43,50,44,34,6.62048834191491e-05,2.51363133611537e-05,2.03112150539108e-05,2.58925154542049e-05,8.36236053939667e-06,7.24439825506998e-06,100,100
0.505,81,41,48,44,34,6.58608728838532e-05,2.48894208111753e-05,1.99977568422462e-05,2.5768819431473e-05,8.2457073706551e-06,7.13489704773819e-06,100,100
0.506,81,40,47,43,34,6.55102852532862e-05,2.46140288874405e-05,1.96919759193789e-05,2.56482254336983e-05,8.13198749265698e-06,7.02717785884793e-06,100,100
0.507,81,38,47,43,31,6.51534993854815e-05,2.42971774158989e-05,1.93937137215167e-05,2.55307634549831e-05,8.04144595553905e-06,6.92118612710077e-06,100,100
0.508,81,38,47,43,31,6.47908708481092e-05,2.39851178171284e-05,1.91027990290513e-05,2.54164840427587e-05,7.97047550682884e-06,6.81705481267494e-06,100,100
0.509,81,38,46,43,31,6.44226716059059e-05,2.36778993198882e-05,1.88189870757588e-05,2.53052251093547e-05,7.90201793667569e-06,6.74795202253133e-06,100,100
0.51,81,36,46,42,30,6.4048952792447e-05,2.33755873366616e-05,1.85420324111842e-05,2.50866176814435e-05,7.83589374382872e-06,6.65568595670912e-06,100,100
0.511,81,36,46,42,30,6.36698083939709e-05,2.30781321268624e-05,1.82717735505362e-05,2.48516373894074e-05,7.7720105490476e-06,6.56500878257188e-06,100,100
0.512,81,36,46,42,29,6.32856394692937e-05,2.2785395360914e-05,1.80080691386336e-05,2.46255061927087e-05,7.71040803458645e-06,6.4680378628703e-06,100,100
0.513,81,34,46,42,29,6.289685863289e-05,2.24972686259736e-05,1.77507939416473e-05,2.44077797216301e-05,7.65113540135956e-06,6.36677441842739e-06,100,100
0.514,81,34,46,42,29,6.25036938840707e-05,2.22136544551935e-05,1.7499762639719e-05,2.41979228561576e-05,7.594108050721e-06,6.25560684081887e-06,100,100
0.515,81,33,46,42,29,6.21063677466186e-05,2.19346757114148e-05,1.72545946581351e-05,2.39953182419798e-05,7.53915234069053e-06,6.17216293155985e-06,100,100
0.516,81,33,46,42,29,6.17052107569152e-05,2.16605493725219e-05,1.70149528958111e-05,2.37288888666304e-05,7.48603366372636e-06,6.10327714765688e-06,100,100
0.517,81,32,44,40,29,6.13005267472118e-05,2.13913490556403e-05,1.67806353443344e-05,2.34606906346779e-05,7.43439683121125e-06,5.99811671468636e-06,100,100
0.518,80,32,43,39,29,6.08925397590569e-05,2.11273030620909e-05,1.6551499663163e-05,2.32009914546409e-05,7.38400068518999e-06,5.89595685916047e-06,100,100
0.519,80,31,42,37,27,6.0481426655308e-05,2.08686924166483e-05,1.63379963884275e-05,2.29493808504543e-05,7.33477996631601e-06,5.79700739896474e-06,100,100
0.52,80,31,42,37,25,6.0067203357996e-05,2.06156287554924e-05,1.62044782245906e-05,2.27083663824449e-05,7.26975400196915e-06,5.70237781920455e-06,100,100
0.521,80,31,41,36,25,5.96499661491806e-05,2.03681360796987e-05,1.60746891728998e-05,2.25125200316894e-05,7.14891059343489e-06,5.67380505356039e-06,100,100
0.522,81,30,41,35,25,5.92300033095936e-05,2.01262025661183e-05,1.59483869976664e-05,2.23255595865411e-05,7.02923049131425e-06,5.64574404137869e-06,100,100
0.523,81,29,41,35,25,5.88075777998248e-05,1.98898239082676e-05,1.58254789893669e-05,2.21749577451731e-05,6.9501050857693e-06,5.61792944926897e-06,100,100
0.524,81,29,41,35,25,5.83829078510174e-05,1.96589659086591e-05,1.57059095653123e-05,2.2020481420009e-05,6.91071561513562e-06,5.57512509637763e-06,100,100
0.525,81,29,41,35,25,5.79477405377555e-05,1.94336184557191e-05,1.55894889524483e-05,2.18624041285091e-05,6.87016870989888e-06,5.50265267864619e-06,100,100
0.526,81,28,41,34,23,5.74314874288207e-05,1.92139585124181e-05,1.54759496966875e-05,2.17008608510523e-05,6.82841353344016e-06,5.43337131493719e-06,100,100
0.527,81,28,40,34,23,5.69148052130306e-05,1.90002041246418e-05,1.53651125516594e-05,2.15360423167916e-05,6.78512328201929e-06,5.36721912352207e-06,100,100
0.528,81,28,39,33,23,5.63980989123471e-05,1.87923924464428e-05,1.52570532279845e-05,2.13683324392515e-05,6.73994488192594e-06,5.30409373275055e-06,100,100
0.529,80,28,38,32,22,5.58817340864377e-05,1.85903392785606e-05,1.5143657915396e-05,2.11980925829212e-05,6.69271080905795e-06,5.24382847843702e-06,100,100
0.53,80,28,38,32,21,5.53658376365498e-05,1.83937587521581e-05,1.49868805280708e-05,2.10377140927771e-05,6.64334923022277e-06,5.18654203241631e-06,100,100
0.531,80,28,38,32,21,5.48504520979153e-05,1.82024517646015e-05,1.48349818885133e-05,2.08977344065489e-05,6.59188633028917e-06,5.12777489786634e-06,100,100
0.532,80,28,36,31,20,5.43358114541371e-05,1.80415630067315e-05,1.4688002674735e-05,2.07553951176824e-05,6.53836736797961e-06,5.0531683797276e-06,100,100
0.533,80,28,36,31,20,5.3822301114779e-05,1.79204650607836e-05,1.45458992840413e-05,2.06108866110351e-05,6.48278853024281e-06,4.98026498559383e-06,100,100
0.534,80,28,35,31,20,5.33103000554608e-05,1.78016017603019e-05,1.44085034341577e-05,2.04643133281445e-05,6.42519475895967e-06,4.90908797567451e-06,100,100
0.535,79,27,33,31,20,5.28141644873708e-05,1.76849417354907e-05,1.4275618099279e-05,2.03158114751464e-05,6.34503911572002e-06,4.83908663605777e-06,100,100
0.536,79,27,33,31,20,5.23517505867022e-05,1.75704370349563e-05,1.41470578861197e-05,2.0165550894186e-05,6.23469204525037e-06,4.78087867290782e-06,100,100
0.537,79,27,33,31,20,5.18903241117498e-05,1.74578182717099e-05,1.40365666309233e-05,2.00136005830408e-05,6.19576755576747e-06,4.72589329446579e-06,100,100
0.538,79,27,33,31,20,5.14297264744185e-05,1.7335640724486e-05,1.39440183614709e-05,1.98598371252988e-05,6.15578833253813e-06,4.67340721813441e-06,100,100
0.539,79,26,31,30,19,5.09699006575875e-05,1.71638242798368e-05,1.38466733128812e-05,1.97040835586326e-05,6.1119375687708e-06,4.64964745293654e-06,100,100
0.54,79,26,31,30,19,5.05108320070612e-05,1.69951423172087e-05,1.37460701746329e-05,1.95462505130912e-05,6.04644757637499e-06,4.58236663762377e-06,100,100
0.541,78,26,31,29,18,5.00524737897016e-05,1.68295289040179e-05,1.36491621776111e-05,1.93861714561284e-05,5.98084861347724e-06,4.50983740090309e-06,100,100
0.542,77,26,31,29,18,4.95949794290682e-05,1.66669636406986e-05,1.35559256438779e-05,1.92236213328109e-05,5.91558528593582e-06,4.45808419561043e-06,100,100
0.543,76,25,30,28,17,4.91383863379847e-05,1.65073689525586e-05,1.34660977945812e-05,1.90607348163194e-05,5.85087439285448e-06,4.42282197956984e-06,100,100
0.544,76,24,30,28,17,4.86825705097308e-05,1.63506189165415e-05,1.33793531251416e-05,1.89111470001484e-05,5.78670731708844e-06,4.35753929636525e-06,100,100
0.545,76,24,30,28,17,4.82275140574496e-05,1.6196791666086e-05,1.32637398674215e-05,1.87598960114837e-05,5.7229893684032e-06,4.29084984957488e-06,100,100
0.546,76,24,30,28,17,4.77732420620763e-05,1.60460586154063e-05,1.31469566631908e-05,1.8607070926991e-05,5.65959912079888e-06,4.22739826274602e-06,100,100
0.547,75,24,30,28,17,4.73197959661217e-05,1.58983965497282e-05,1.30330952644261e-05,1.84526299711113e-05,5.59659538513396e-06,4.16731035855117e-06,100,100
0.548,75,24,30,28,17,4.68671204966799e-05,1.57537540487082e-05,1.29220994078511e-05,1.82964804244766e-05,5.53428831500196e-06,4.11067178148774e-06,100,100
0.549,75,24,30,28,17,4.64150188613119e-05,1.56123461951991e-05,1.28139389385759e-05,1.81385812375342e-05,5.47295213958132e-06,4.06153138743739e-06,100,100
0.55,75,24,30,28,17,4.59449248192889e-05,1.54743544905685e-05,1.27085279995746e-05,1.79789976618115e-05,5.41488574890562e-06,4.03903871313295e-06,100,100
0.551,75,24,30,28,17,4.54693377367372e-05,1.5339659608289e-05,1.26056337023008e-05,1.78177544714669e-05,5.37274919417434e-06,4.02112186992618e-06,100,100
0.552,75,24,30,28,17,4.49948443994811e-05,1.52080247729604e-05,1.25162913680613e-05,1.76549261442235e-05,5.33099014695524e-06,4.00522180053413e-06,100,100
0.553,74,23,30,27,16,4.45213652167292e-05,1.50793022381486e-05,1.24325250870787e-05,1.74907309790397e-05,5.28960692996411e-06,3.99135572027857e-06,100,100
0.554,74,22,30,26,16,4.40488821403734e-05,1.49534868833038e-05,1.23500924581156e-05,1.7325311069966e-05,5.2487334690271e-06,3.95954668408996e-06,100,100
0.555,74,22,30,26,16,4.35773476440939e-05,1.48304990868156e-05,1.22688723660061e-05,1.71586179085401e-05,5.21232826511594e-06,3.9109321173464e-06,100,100
0.556,74,22,30,26,16,4.31068282008159e-05,1.47101128805302e-05,1.21889196448246e-05,1.69801706360006e-05,5.19777039319555e-06,3.86457816043988e-06,100,100
0.557,73,22,28,24,16,4.26374533064103e-05,1.45921493310261e-05,1.21103051588541e-05,1.6787379856241e-05,5.13781382957198e-06,3.82041588878018e-06,100,100
0.558,72,20,27,22,16,4.21693504924518e-05,1.4476507285488e-05,1.20329371763807e-05,1.65934468075734e-05,5.09198548116165e-06,3.79672413298018e-06,100,100
0.559,71,20,27,21,15,4.17026775556253e-05,1.43630589489559e-05,1.19567645377137e-05,1.63983753931598e-05,5.05463334357831e-06,3.78410472284086e-06,100,100
0.56,71,20,27,21,13,4.12375851473443e-05,1.42516999786729e-05,1.18818851601053e-05,1.62259326691778e-05,5.01805345417603e-06,3.7763270988524e-06,100,100
0.561,71,20,27,21,13,4.07741499998483e-05,1.41423655069834e-05,1.18084459683879e-05,1.6064675649335e-05,4.98231909898399e-06,3.73806623324542e-06,100,100
0.562,71,19,27,20,13,4.03122506967824e-05,1.40349005597894e-05,1.17398309548872e-05,1.59042723806025e-05,4.94746262363776e-06,3.69883683578933e-06,100,100
0.563,71,19,27,20,13,3.98516872608522e-05,1.39291244462283e-05,1.16598093668271e-05,1.57447283350244e-05,4.91352902417979e-06,3.68402926237388e-06,100,100
0.564,70,19,27,20,13,3.93923920070561e-05,1.382488697304e-05,1.15828488709012e-05,1.55861544543398e-05,4.87494164082878e-06,3.68930825189599e-06,100,100
0.565,70,19,27,20,13,3.89343457354383e-05,1.37220356657961e-05,1.15257719827307e-05,1.54286814459775e-05,4.82211049670036e-06,3.6944352552287e-06,100,100
0.566,70,18,27,20,13,3.84774916876513e-05,1.36204686457176e-05,1.14699478648424e-05,1.52723994529687e-05,4.77126212604555e-06,3.69568645119516e-06,100,100
0.567,69,18,27,20,12,3.80218099211043e-05,1.35200589685176e-05,1.14153987402939e-05,1.51174087023413e-05,4.72243468489287e-06,3.6685153362823e-06,100,100
0.568,68,18,26,19,12,3.75673355267846e-05,1.34206947127907e-05,1.13620530550339e-05,1.4963785272039e-05,4.67558354000375e-06,3.64135586370426e-06,100,100
0.569,67,18,26,19,12,3.71141179547104e-05,1.33223902304395e-05,1.13250623547287e-05,1.47899259359402e-05,4.63065431339609e-06,3.62289324979066e-06,100,100
0.57,67,17,25,19,12,3.66622232979337e-05,1.32252024678929e-05,1.12925267494224e-05,1.46014700779304e-05,4.58694855710401e-06,3.62885624375886e-06,100,100
0.571,67,17,24,18,11,3.62116660024206e-05,1.31372286311845e-05,1.12607277618039e-05,1.44131408804246e-05,4.54205503604303e-06,3.63518501049747e-06,100,100
0.572,67,17,24,18,11,3.57623646098988e-05,1.30526647536453e-05,1.12296317892776e-05,1.42371541298928e-05,4.49738254234435e-06,3.64161035488516e-06,100,100
0.573,67,17,23,17,11,3.53143181514623e-05,1.29680657044602e-05,1.11992024013935e-05,1.40723639430568e-05,4.45299771550192e-06,3.64796127958696e-06,100,100
0.574,67,16,23,17,11,3.4867726136063e-05,1.28834252500697e-05,1.11694560451433e-05,1.39076377147577e-05,4.41042490021094e-06,3.6440242224256e-06,100,100
0.575,67,16,23,17,10,3.44227752949293e-05,1.27986355548456e-05,1.11404103225425e-05,1.37428644016593e-05,4.37645380909915e-06,3.63599528001384e-06,100,100
0.576,67,16,23,17,10,3.39795117035215e-05,1.27134529532192e-05,1.111197775464e-05,1.35795018514172e-05,4.34337404638638e-06,3.62818592273217e-06,100,100
0.577,67,16,22,17,10,3.35379901867884e-05,1.26313573490785e-05,1.10840114723536e-05,1.34261997878663e-05,4.31169407405466e-06,3.60992836995037e-06,100,100
0.578,67,15,22,17,10,3.30982978144274e-05,1.25619541305509e-05,1.10562774969988e-05,1.32612405804597e-05,4.30967473907528e-06,3.59117123137598e-06,100,100
0.579,67,15,22,17,9,3.26604747057356e-05,1.2492809616484e-05,1.10284767326282e-05,1.30998296282079e-05,4.27882582922754e-06,3.57393970526589e-06,100,100
0.58,67,15,22,17,9,3.22421124444914e-05,1.24240895577648e-05,1.10003670897039e-05,1.29418681646065e-05,4.24280274573404e-06,3.5581501405944e-06,100,100
0.581,67,15,22,17,9,3.1842211815959e-05,1.23558275745838e-05,1.09718338096143e-05,1.28056342720071e-05,4.18197122616684e-06,3.54378189459484e-06,100,100
0.582,66,15,22,17,9,3.14442234149767e-05,1.2287980707808e-05,1.09428837260191e-05,1.26747864711078e-05,4.11659052157164e-06,3.53085466938816e-06,100,100
0.583,66,14,21,17,9,3.10480014628976e-05,1.22204655559761e-05,1.0913584284276e-05,1.25037300493268e-05,4.0637985389149e-06,3.51933288162179e-06,100,100
0.584,65,14,21,17,9,3.06533886688193e-05,1.21531712583243e-05,1.08840265791572e-05,1.23341960366843e-05,4.01211989348448e-06,3.50902357849282e-06,100,100
0.585,65,14,21,17,9,3.02602023927881e-05,1.20860783209795e-05,1.08542708726603e-05,1.21253465530634e-05,3.96138997601178e-06,3.49970391772591e-06,100,100
0.586,62,14,20,16,8,2.98681602624397e-05,1.20192430228717e-05,1.0824251140611e-05,1.19214378851665e-05,3.92600929733516e-06,3.49127898263069e-06,100,100
0.587,61,14,20,16,8,2.947697833198e-05,1.19527186067117e-05,1.07937683623626e-05,1.17974886403534e-05,3.9024008500754e-06,3.48375144086204e-06,100,100
0.588,60,13,19,16,8,2.90864641738403e-05,1.1886535537005e-05,1.07626279441526e-05,1.16197294065748e-05,3.87785758911603e-06,3.44485927957555e-06,100,100
0.589,60,13,19,16,7,2.8696457111929e-05,1.18207584198163e-05,1.07307616081228e-05,1.13840036333905e-05,3.85222235569762e-06,3.40680282684312e-06,100,100
0.59,60,13,19,16,7,2.83068623332437e-05,1.17555176817058e-05,1.06982380863615e-05,1.11490863030749e-05,3.82534094407367e-06,3.3699442881552e-06,100,100
0.591,59,12,19,16,7,2.79176232036492e-05,1.169084841079e-05,1.06651232268319e-05,1.09151419033398e-05,3.7970968850182e-06,3.37227953572934e-06,100,100
0.592,58,12,18,15,7,2.75286993332298e-05,1.16266903177681e-05,1.06254514124388e-05,1.06937684037239e-05,3.77658215635573e-06,3.37877932632973e-06,100,100
0.593,58,12,17,15,7,2.71401548548776e-05,1.15630637197454e-05,1.05784708165765e-05,1.0608143153216e-05,3.75529972985767e-06,3.37551083756318e-06,100,100
0.594,58,12,16,14,7,2.67521447825524e-05,1.14999998896987e-05,1.05308113949176e-05,1.05247938178367e-05,3.73300247023038e-06,3.35805813056513e-06,100,100
0.595,55,12,16,14,7,2.6364774777747e-05,1.14373487861224e-05,1.04824693589929e-05,1.04373404383572e-05,3.70975430345713e-06,3.34104263266482e-06,100,100
0.596,52,10,16,13,7,2.59780460584226e-05,1.13749166037628e-05,1.04334498952501e-05,1.03186483884066e-05,3.68570316104723e-06,3.32443008835909e-06,100,100
0.597,51,10,15,13,7,2.55919336656438e-05,1.13126578131671e-05,1.03837883573849e-05,1.02007678010659e-05,3.65900132594143e-06,3.30814753103468e-06,100,100
0.598,50,10,15,13,7,2.52064203320116e-05,1.12505839239235e-05,1.03335394501237e-05,1.008365851315e-05,3.62876714005791e-06,3.2921029723159e-06,100,100
0.599,50,10,14,12,7,2.48215050240439e-05,1.11886846911624e-05,1.02827991972776e-05,9.9385573735997e-06,3.59828001437623e-06,3.27629580910754e-06,100,100
0.6,49,10,14,12,7,2.44372429556474e-05,1.11269452069013e-05,1.02316609706774e-05,9.81628750515398e-06,3.56770730010777e-06,3.26396660471199e-06,100,100
0.601,48,9,13,11,7,2.4053796693684e-05,1.10653507082005e-05,1.01801367252315e-05,9.69395957781145e-06,3.54824660162132e-06,3.28252503002954e-06,100,100
0.602,48,9,13,11,7,2.36713815945488e-05,1.1003877409413e-05,1.01375951273765e-05,9.57172226981566e-06,3.53615980982203e-06,3.30147784561167e-06,100,100
0.603,48,9,12,10,6,2.32901192730372e-05,1.09425138116155e-05,1.0097351910813e-05,9.43909435169962e-06,3.52323489107445e-06,3.32094565581038e-06,100,100
0.604,46,8,12,9,5,2.29100637772249e-05,1.08816924822665e-05,1.00574144186318e-05,9.26823292354923e-06,3.51401399638289e-06,3.34100567243792e-06,100,100
0.605,43,8,12,9,5,2.25312989104493e-05,1.08522049492522e-05,1.00178692264503e-05,9.09759588291357e-06,3.49799723311358e-06,3.36158713339351e-06,100,100
0.606,42,8,12,9,5,2.2153949028939e-05,1.08220889636616e-05,9.97874116939286e-06,8.92720410271233e-06,3.48135135204487e-06,3.36261158976578e-06,100,100
0.607,42,7,12,8,5,2.17860231320583e-05,1.07913896336183e-05,9.94000580847685e-06,8.75712464047836e-06,3.46412578632661e-06,3.35498207622079e-06,100,100
0.608,41,7,11,7,4,2.146913654264e-05,1.07601540325895e-05,9.90162354643634e-06,8.5873640714571e-06,3.4463425472468e-06,3.35537403599728e-06,100,100
0.609,41,7,11,7,4,2.11706114311079e-05,1.07284048810234e-05,9.86355677345964e-06,8.41789196483705e-06,3.42801166713055e-06,3.35966386680579e-06,100,100
0.61,40,7,9,6,4,2.08736496548026e-05,1.06961600827242e-05,9.82951044722188e-06,8.31872139884256e-06,3.4091772574886e-06,3.36405643662949e-06,100,100
0.611,37,7,9,6,4,2.05782962258936e-05,1.06634699406641e-05,9.80466322262627e-06,8.24885949291769e-06,3.38448287148593e-06,3.35707124988252e-06,100,100
0.612,36,6,9,6,4,2.02844930736779e-05,1.06304706175635e-05,9.77968075543354e-06,8.17949918364164e-06,3.36797744016914e-06,3.34998547759311e-06,100,100
0.613,36,6,9,6,4,1.99922214663656e-05,1.05973251497079e-05,9.75451004121811e-06,8.11296704613279e-06,3.35746648985835e-06,3.34351880353566e-06,100,100
0.614,35,6,9,6,4,1.9701566600117e-05,1.05641955299316e-05,9.72914396264179e-06,8.01178259726599e-06,3.31675084450835e-06,3.33761873660177e-06,100,100
0.615,34,6,9,6,4,1.94126516031747e-05,1.05312379142479e-05,9.70346622747231e-06,7.86657787604828e-06,3.27936146277425e-06,3.33366396617186e-06,100,100
0.616,33,6,9,6,4,1.91255703402921e-05,1.04985463321025e-05,9.67737252014243e-06,7.67857896265001e-06,3.25437894165006e-06,3.34502594621754e-06,100,100
0.617,33,6,8,6,4,1.88403503807399e-05,1.04662038991305e-05,9.65899589680912e-06,7.49132649736014e-06,3.24067617392762e-06,3.36383012679747e-06,100,100
0.618,31,6,8,6,4,1.85570150725103e-05,1.04343343508181e-05,9.64081070987869e-06,7.30488911195863e-06,3.24030652568523e-06,3.38426163443292e-06,100,100
0.619,31,6,7,6,4,1.82756278003861e-05,1.04030351625017e-05,9.62800867875454e-06,7.11937446266209e-06,3.23963274585344e-06,3.40303755376552e-06,100,100
0.62,30,6,7,6,4,1.79962742340596e-05,1.03723480309696e-05,9.62105551238038e-06,6.93489013171886e-06,3.23573305817491e-06,3.39364561443121e-06,100,100
0.621,28,6,6,5,3,1.77190489322882e-05,1.03423068500035e-05,9.61388317095173e-06,6.75460835502113e-06,3.2142103999236e-06,3.37402275452685e-06,100,100
0.622,26,6,6,5,3,1.74440461482417e-05,1.03128966359689e-05,9.60646829653273e-06,6.61048215232876e-06,3.18829523614179e-06,3.36772054682214e-06,100,100
0.623,26,6,6,5,3,1.71712851330221e-05,1.02840835411423e-05,9.59880617921972e-06,6.39573871758108e-06,3.15737598893584e-06,3.36170518665492e-06,100,100
0.624,24,6,6,5,3,1.69007258719892e-05,1.02559230968733e-05,9.59088695011647e-06,6.28690399214405e-06,3.15176936143042e-06,3.35596743316503e-06,100,100
0.625,21,6,5,5,3,1.6632389755846e-05,1.02285239847035e-05,9.58268035587888e-06,6.18394505525443e-06,3.15649631233478e-06,3.35052785609986e-06,100,100
0.626,20,6,5,5,3,1.63663456797224e-05,1.02019291812407e-05,9.57418523800376e-06,6.08447482162931e-06,3.14621127456617e-06,3.34543322160531e-06,100,100
0.627,20,6,5,5,3,1.61026400876272e-05,1.01760940963363e-05,9.5654532124591e-06,5.89645780669059e-06,3.15931838366941e-06,3.3507951983488e-06,100,100
0.628,19,6,5,5,3,1.58412632579492e-05,1.01510054162214e-05,9.5565453697349e-06,5.68707298094667e-06,3.18697868096093e-06,3.35937255624953e-06,100,100
0.629,18,5,5,5,3,1.55821701036695e-05,1.01267143773644e-05,9.5474993432222e-06,5.52573909837199e-06,3.20693157131578e-06,3.36781213336555e-06,100,100
0.63,18,5,5,5,3,1.53253783124197e-05,1.01033296530395e-05,9.53832962126817e-06,5.37849143245733e-06,3.2197229658788e-06,3.37611943607274e-06,100,100
0.631,17,5,5,5,3,1.50709309474793e-05,1.00777906098498e-05,9.52900375025994e-06,5.364682595265e-06,3.23599212180576e-06,3.38429722351453e-06,100,100
0.632,17,5,5,5,3,1.48187813140925e-05,1.00467395513354e-05,9.51946668228818e-06,5.22570216641666e-06,3.25212428034398e-06,3.3923491345311e-06,100,100
0.633,15,5,5,5,3,1.45688480878012e-05,1.00166020416424e-05,9.50969961245075e-06,4.9722845304283e-06,3.25407631301475e-06,3.39744227473917e-06,100,100
0.634,14,5,5,5,3,1.42956871067219e-05,9.98741360953321e-06,9.49973367054427e-06,4.73490527957687e-06,3.2448567613288e-06,3.39408956656882e-06,100,100
0.635,14,5,5,5,3,1.39705095785553e-05,9.95925682091841e-06,9.48960655072833e-06,4.56969224621968e-06,3.23549905126947e-06,3.39032927475413e-06,100,100
0.636,13,5,5,5,3,1.36473348167939e-05,9.93218772586743e-06,9.479309826549e-06,4.4129946931248e-06,3.22602231068357e-06,3.38624611421599e-06,100,100
0.637,11,5,5,5,3,1.34535320074781e-05,9.90627483041557e-06,9.46396136084463e-06,4.26089862442428e-06,3.21641135919022e-06,3.38192857632047e-06,100,100
0.638,11,5,5,5,3,1.32742769468029e-05,9.88159486896851e-06,9.44483822348172e-06,4.18132308338287e-06,3.20661823144939e-06,3.37747630667081e-06,100,100
0.639,11,5,5,5,3,1.30962073066933e-05,9.8581551661821e-06,9.4257335204877e-06,4.10279922884476e-06,3.1965743433832e-06,3.37296657864644e-06,100,100
0.64,11,4,5,5,3,1.29051695357887e-05,9.835913074151e-06,9.40665800656226e-06,4.01791603345354e-06,3.18619725907889e-06,3.36845246595763e-06,100,100
0.641,11,3,5,5,3,1.26744989470609e-05,9.81481272926607e-06,9.38760791197558e-06,3.88071348638925e-06,3.17544465070929e-06,3.36398488726162e-06,100,100
0.642,11,3,5,5,3,1.24464229372664e-05,9.79481845367922e-06,9.36857888278029e-06,3.82205040201165e-06,3.16429334010145e-06,3.35960059853415e-06,100,100
0.643,11,3,5,5,3,1.22209482860613e-05,9.77592315850202e-06,9.34958846989948e-06,3.68413063903974e-06,3.15269969560633e-06,3.35533323820639e-06,100,100
0.644,10,3,5,5,3,1.19980126302347e-05,9.7580795247191e-06,9.33064027096428e-06,3.62665248954297e-06,3.14065581421137e-06,3.35122077531984e-06,100,100
0.645,10,3,5,5,3,1.1777510421801e-05,9.74123475565261e-06,9.31173341495491e-06,3.53721866793425e-06,3.13383183721128e-06,3.34728864794508e-06,100,100
0.646,9,3,5,4,2,1.1559397908555e-05,9.7253676515736e-06,9.29290538516625e-06,3.40304439349453e-06,3.13384523247997e-06,3.34350747502719e-06,100,100
0.647,9,3,5,4,2,1.14082060741742e-05,9.71041649770545e-06,9.27421364086842e-06,3.26589486231956e-06,3.12861820955631e-06,3.33979521268997e-06,100,100
0.648,8,3,5,4,2,1.13136377589777e-05,9.69631967231779e-06,9.25566867724759e-06,3.20329902270383e-06,3.12302638260448e-06,3.33609274960684e-06,100,100
0.649,7,3,5,4,2,1.12200069123258e-05,9.68302536403601e-06,9.23723660699898e-06,3.13769605323819e-06,3.09783482898361e-06,3.32621869975765e-06,100,100
0.65,7,3,5,4,2,1.11538386150849e-05,9.67044422117876e-06,9.21886439226348e-06,3.0324712147077e-06,3.07222013680481e-06,3.30794027868505e-06,100,100
0.651,7,3,4,4,2,1.10877306367795e-05,9.65852553860619e-06,9.20049624297867e-06,3.00326713198287e-06,3.04623606817664e-06,3.29029208934676e-06,100,100
0.652,7,3,4,4,2,1.09649967109537e-05,9.64727100937474e-06,9.1821380385823e-06,2.94268694986669e-06,3.02233957642187e-06,3.27326640559393e-06,100,100
0.653,7,3,4,4,2,1.08441000864236e-05,9.6366637872879e-06,9.16383823777737e-06,2.99184549429717e-06,3.01230541820041e-06,3.25682176821633e-06,100,100
0.654,7,3,4,4,2,1.0725062267296e-05,9.62665091634403e-06,9.14563626684371e-06,2.96769640824327e-06,3.00218902952433e-06,3.24086882803033e-06,100,100
0.655,7,3,4,4,2,1.06078923669087e-05,9.61718078706137e-06,9.12758315323485e-06,2.85563203106738e-06,2.99198941114741e-06,3.22530696850533e-06,100,100
0.656,6,3,3,3,2,1.04925399126879e-05,9.60824626527856e-06,9.10974328780437e-06,2.84284077930474e-06,2.98171567098248e-06,3.21013203788102e-06,100,100
0.657,6,3,3,3,2,1.0379007000274e-05,9.59986098917644e-06,9.09216650219134e-06,2.82969789505048e-06,2.97136120376667e-06,3.19537811659897e-06,100,100
0.658,6,3,3,3,2,1.02673106985526e-05,9.59202515924303e-06,9.07488160686304e-06,2.86328396055668e-06,2.95356676350217e-06,3.18102010379581e-06,100,100
0.659,5,3,3,3,2,1.01574235815077e-05,9.56712315858513e-06,9.05793490496751e-06,2.97307626624981e-06,2.92507762248341e-06,3.17546497511095e-06,100,100
0.66,5,3,3,3,2,1.01301188135866e-05,9.53856740290234e-06,9.04138425883191e-06,3.01430909226457e-06,2.92248520850491e-06,3.17365434595647e-06,100,100
0.661,5,3,3,3,2,1.000052588635e-05,9.51053806632775e-06,9.02525120300059e-06,3.00187893850502e-06,2.9202933993974e-06,3.17190563281217e-06,100,100
0.662,4,3,3,3,2,9.87306371163192e-06,9.48302554162043e-06,9.00951233244926e-06,2.91250602028638e-06,2.91832754211078e-06,3.17020124206389e-06,100,100
0.663,4,3,3,3,2,9.75258724330725e-06,9.45604746246056e-06,8.99413799325958e-06,2.87897583986617e-06,2.92013070449016e-06,3.16850797122469e-06,100,100
0.664,4,3,3,3,2,9.7318358357548e-06,9.42963253456586e-06,8.97917033671492e-06,2.77475437095908e-06,2.93777489822301e-06,3.15208235824274e-06,100,100
0.665,4,3,3,3,2,9.71201400565479e-06,9.40382797362297e-06,8.96469590106434e-06,2.72560701551915e-06,2.94995715689458e-06,3.13569713430787e-06,100,100
0.666,3,3,3,3,2,9.74939302896033e-06,9.378689786063e-06,8.95075994083076e-06,2.68064268431505e-06,2.94863972835176e-06,3.1255000023816e-06,100,100
0.667,2,3,3,3,2,9.72001337850227e-06,9.35425707887222e-06,8.93737846540142e-06,2.548274748896e-06,2.94708711346655e-06,3.11524369569828e-06,100,100
0.668,2,3,3,3,2,9.63278111632773e-06,9.33054433415322e-06,8.92455461413246e-06,2.52787619455747e-06,2.94531507986268e-06,3.11117490467412e-06,100,100
0.669,2,3,3,3,2,9.54393561345017e-06,9.30756922128614e-06,8.91229354249731e-06,2.63895157514305e-06,2.94333353940527e-06,3.10752562674965e-06,100,100
0.67,3,3,3,3,2,9.47039573728352e-06,9.28536483165276e-06,8.90134782986318e-06,2.64765500823079e-06,2.94112937124728e-06,3.10389324577762e-06,100,100
0.671,3,3,3,3,2,9.39792462253645e-06,9.26395277191802e-06,8.89631024550016e-06,2.62273163765058e-06,2.93869845871984e-06,3.10027600370764e-06,100,100
0.672,3,3,3,3,2,9.32657161969181e-06,9.2433526400138e-06,8.89096198206264e-06,2.72930664511225e-06,2.93607666915804e-06,3.09669657166438e-06,100,100
0.673,3,3,3,3,2,9.25637571258497e-06,9.22359934426103e-06,8.88531618451312e-06,2.79943524589894e-06,2.93332223587829e-06,3.09321267360533e-06,100,100
0.674,3,3,3,3,2,9.20470270942278e-06,9.20470270942278e-06,8.87936230003798e-06,2.84517276742121e-06,2.93047749049842e-06,3.08986286813456e-06,100,100
0.675,3,3,3,3,2,9.18663772960102e-06,9.18663772960102e-06,8.87307055926572e-06,2.80337423072637e-06,2.92756516448766e-06,3.08662966563861e-06,100,100
0.676,3,3,3,3,2,9.16938969371308e-06,9.16938969371308e-06,8.86645281940928e-06,2.71416389155842e-06,2.92460685567685e-06,3.0834892373926e-06,100,100
0.677,3,3,3,3,1,9.15295946203039e-06,9.15295946203039e-06,8.85956681734273e-06,2.77182702581166e-06,2.92160359457343e-06,3.08044475035041e-06,100,100
0.678,3,3,3,3,1,9.1373567246017e-06,9.1373567246017e-06,8.85248399682371e-06,2.8608187915235e-06,2.91852886890364e-06,3.07701110430021e-06,100,100
0.679,3,3,3,3,1,9.12257062688802e-06,9.12257062688802e-06,8.84524579474707e-06,2.82866701176491e-06,2.91806052373087e-06,3.07214505420616e-06,100,100
0.68,3,3,3,3,1,9.108560612985e-06,9.108560612985e-06,8.83784441417433e-06,2.82185195327225e-06,2.92974424396875e-06,3.06756408420094e-06,100,100
0.681,3,3,3,3,1,9.09531351504108e-06,9.09531351504108e-06,8.83028249965312e-06,2.78683055213359e-06,2.9412300353378e-06,3.0632353390333e-06,100,100
0.682,3,3,3,3,1,9.08283313477604e-06,9.08283313477604e-06,8.82260161397659e-06,2.81706858518914e-06,2.95252333388825e-06,3.0548091778966e-06,100,100
0.683,3,3,3,3,1,9.07110156743486e-06,9.07110156743486e-06,8.81484037976281e-06,2.84703946253332e-06,2.96362870851836e-06,3.04619496571985e-06,100,100
0.684,3,3,3,3,1,9.06009736775199e-06,9.06009736775199e-06,8.80701575799398e-06,2.91078738756123e-06,2.97456290304089e-06,3.04034772026298e-06,100,100
0.685,3,3,3,3,1,9.04979008818326e-06,9.04979008818326e-06,8.80217268051981e-06,2.93009407522002e-06,2.98532597221115e-06,3.03709622060948e-06,100,100
0.686,3,3,3,3,1,9.04013060617303e-06,9.04013060617303e-06,8.80041036761737e-06,2.92077838947324e-06,2.99588271735461e-06,3.03411302413268e-06,100,100
0.687,3,3,3,3,1,9.03107795042734e-06,9.03107795042734e-06,8.79914098215375e-06,2.98279690902244e-06,3.00587989637087e-06,3.03140955226722e-06,100,100
0.688,4,3,3,4,2,9.0226048145071e-06,9.0226048145071e-06,8.79834576445101e-06,2.98813109388623e-06,3.01172303789903e-06,3.02898245601841e-06,100,100
0.689,4,3,3,4,2,9.0146940859625e-06,9.0146940859625e-06,8.79799985924642e-06,2.98269136924774e-06,3.01756116952395e-06,3.02681556933799e-06,100,100
0.69,4,3,3,4,2,9.00732919009838e-06,9.00732919009838e-06,8.79806624482841e-06,3.00534801884259e-06,3.02336601118672e-06,3.02488081532089e-06,100,100
0.691,4,3,3,4,2,9.00047117299819e-06,9.00047117299819e-06,8.7985048229372e-06,3.06986782978297e-06,3.02912919098e-06,3.02313999825957e-06,100,100
0.692,4,3,3,4,2,8.99406978680068e-06,8.99406978680068e-06,8.79928292603605e-06,3.13276895200868e-06,3.0348507886863e-06,3.0215615255918e-06,100,100
0.693,4,3,3,4,2,8.98810442495862e-06,8.98810442495862e-06,8.80036682318455e-06,3.20310470926971e-06,3.03996601351001e-06,3.02010065884242e-06,100,100
0.694,4,3,3,4,2,9.02311167497654e-06,8.98259473382081e-06,8.80172376047213e-06,3.27522532661317e-06,3.03991894738695e-06,3.01870033810868e-06,100,100
0.695,4,3,3,4,2,9.10498630025082e-06,8.97757173565713e-06,8.80334804836848e-06,3.3455561428367e-06,3.04006938864803e-06,3.01732762420778e-06,100,100
0.696,4,3,3,4,2,9.22354687990342e-06,8.97304700858007e-06,8.80525704667062e-06,3.37104039425888e-06,3.03354704948535e-06,3.01595795631952e-06,100,100
0.697,4,3,3,4,2,9.33879213941621e-06,8.96900163421148e-06,8.8074517794317e-06,3.40019815306975e-06,3.02587724732869e-06,3.01454795189756e-06,100,100
0.698,4,3,3,4,2,9.45076622599736e-06,8.96540873642874e-06,8.8099177835432e-06,3.46542406410158e-06,3.01869982063718e-06,3.0130495275382e-06,100,100
0.699,4,3,3,4,2,9.55946979658009e-06,8.96226264686902e-06,8.81264557951908e-06,3.53233702285766e-06,3.01197057508763e-06,3.01142719065193e-06,100,100
0.7,4,3,3,4,2,9.66487610677504e-06,8.95956853923928e-06,8.81563525572686e-06,3.56532999432095e-06,3.00563775937945e-06,3.00726524665972e-06,100,100
0.701,4,3,3,4,2,9.76697271861585e-06,8.95731586028295e-06,8.8188941704239e-06,3.62780095559939e-06,2.99965282542962e-06,2.99941026951732e-06,100,100
0.702,4,3,3,4,2,9.86577974804596e-06,8.95548148006611e-06,8.8224182753127e-06,3.66541894202211e-06,2.9939684585169e-06,2.99687457843933e-06,100,100
0.703,4,3,3,4,2,9.96132788156245e-06,8.95404000265669e-06,8.82617809065737e-06,3.6344100568242e-06,2.98855668036571e-06,2.99653369092361e-06,100,100
0.704,6,3,3,4,2,1.00495564973662e-05,8.95296131814549e-06,8.83014219943872e-06,3.64899150830143e-06,2.98339625946168e-06,2.99628544538357e-06,100,100
0.705,6,3,3,4,2,1.00949194152763e-05,8.95221251827022e-06,8.83429535682749e-06,3.66754168290397e-06,2.97845129923083e-06,2.99614124489947e-06,100,100
0.706,6,3,3,4,2,1.01385861710636e-05,8.95175875228504e-06,8.83861344043778e-06,3.70637810789614e-06,2.97368525294369e-06,2.99611008509366e-06,100,100
0.707,7,3,3,4,2,1.0180572506818e-05,8.95157869184147e-06,8.84305819743822e-06,3.73306150044007e-06,2.96907985543215e-06,2.99618058482242e-06,100,100
0.708,7,3,3,4,2,1.02208920195963e-05,8.95166792140051e-06,8.8476008311386e-06,3.74930034068079e-06,2.96463569920066e-06,2.9963313254839e-06,100,100
0.709,7,3,3,4,2,1.02858920112631e-05,8.95201871855664e-06,8.85222106673653e-06,3.7638279527313e-06,2.96034608825891e-06,2.99655192500236e-06,100,100
0.71,7,3,3,4,2,1.03289945877933e-05,8.95261469579382e-06,8.85689596822161e-06,3.75714912879393e-06,2.95619644857433e-06,2.99683193260603e-06,100,100
0.711,7,3,3,4,2,1.03593008699481e-05,8.95342376681041e-06,8.86161003962836e-06,3.75060750561607e-06,2.95218335935931e-06,2.99715076673494e-06,100,100
0.712,7,3,3,4,2,1.03882821497088e-05,8.9544076337233e-06,8.86635130942266e-06,3.74420742861842e-06,2.94831153052709e-06,2.99639135096744e-06,100,100
0.713,7,3,3,4,2,1.04159488083252e-05,8.95553666301418e-06,8.87108555166605e-06,3.73796827154907e-06,2.94458228648485e-06,2.99361795874629e-06,100,100
0.714,8,3,3,4,2,1.04423097638183e-05,8.95678788073121e-06,8.87577472793741e-06,3.731905978545e-06,2.9409915869011e-06,2.99095346974644e-06,100,100
0.715,8,3,3,4,2,1.04673627441132e-05,8.95813955949134e-06,8.88039441424972e-06,3.73617479558431e-06,2.93754846605241e-06,2.98841016739061e-06,100,100
0.716,8,3,3,4,2,1.04910986501546e-05,8.95956052028161e-06,8.88491468552627e-06,3.76088496140085e-06,2.93426822183384e-06,2.98599454114584e-06,100,100
0.717,8,3,3,4,2,1.05135112343548e-05,8.96101488429951e-06,8.8893052316236e-06,3.78408197347779e-06,2.93115681603898e-06,2.98370017495896e-06,100,100
0.718,8,3,3,4,2,1.05345946210761e-05,8.96246962100962e-06,8.89354084286685e-06,3.80575292476582e-06,2.92820978034134e-06,2.9815205431018e-06,100,100
0.719,8,3,3,4,2,1.05543444294542e-05,8.96389467967857e-06,8.89759239166571e-06,3.8258995097206e-06,2.92541301542845e-06,2.97945701640761e-06,100,100
0.72,8,3,3,4,2,1.05727606172401e-05,8.96526860668548e-06,8.90143019662902e-06,3.84453741348838e-06,2.92276420769752e-06,2.97777586448429e-06,100,100
0.721,8,3,3,4,2,1.05898452893615e-05,8.96657552499723e-06,8.90502765771562e-06,3.8616857130587e-06,2.92026713196502e-06,2.9765072016388e-06,100,100
0.722,8,3,3,4,2,1.06082726623091e-05,8.96780470523662e-06,8.90836716044192e-06,3.87736471602941e-06,2.91791659730775e-06,2.97526999506682e-06,100,100
0.723,8,3,3,4,2,1.06393312474328e-05,8.96895316803229e-06,8.91144033618328e-06,3.89159845771847e-06,2.91571174458383e-06,2.97409001393395e-06,100,100
0.724,8,3,3,4,2,1.06674018602435e-05,8.97001323550656e-06,8.9142402631348e-06,3.90441365198942e-06,2.91365586806721e-06,2.97298867823581e-06,100,100
0.725,8,3,3,4,2,1.0692496631805e-05,8.97096825564537e-06,8.91676432459315e-06,3.91583471461934e-06,2.91174711299243e-06,2.97197951538434e-06,100,100
0.726,8,3,3,4,2,1.07146350352867e-05,8.97180477738746e-06,8.91901240117809e-06,3.92588039108764e-06,2.90998273117928e-06,2.97106682716926e-06,100,100
0.727,8,3,3,4,2,1.07338401768456e-05,8.97252002577504e-06,8.92097830774929e-06,3.93456857814647e-06,2.90836205726932e-06,2.97025217824828e-06,100,100
0.728,8,3,3,4,2,1.07501322541232e-05,8.97311577808377e-06,8.92265373706783e-06,3.94191819908257e-06,2.90688649742188e-06,2.96954074250673e-06,100,100
0.729,8,3,3,4,2,1.07635332007291e-05,8.97359038865544e-06,8.92403591067173e-06,3.94794868291001e-06,2.90556438788905e-06,2.96893330979078e-06,100,100
0.73,8,3,3,4,2,1.07740697936667e-05,8.97394129218687e-06,8.92512521593803e-06,3.95268505148639e-06,2.90441074693105e-06,2.96842581003301e-06,100,100
0.731,8,3,3,4,2,1.07817731718089e-05,8.97416736368328e-06,8.92592244160698e-06,3.9561530866535e-06,2.90344310157482e-06,2.9680208927415e-06,100,100
0.732,8,3,3,4,2,1.07866765219299e-05,8.97426863441326e-06,8.9264304022995e-06,3.95837502583178e-06,2.90268151740937e-06,2.96772655252185e-06,100,100
0.733,8,3,3,4,2,1.07888137385619e-05,8.97424568620371e-06,8.92665193132467e-06,3.95937419902896e-06,2.90214742237843e-06,2.96754770742961e-06,100,100
0.734,8,3,3,4,2,1.07882201339013e-05,8.9740978633003e-06,8.92658845183303e-06,3.95917552353421e-06,2.90186117188974e-06,2.96748603052681e-06,100,100
0.735,8,3,3,4,2,1.07849311823758e-05,8.97382392192519e-06,8.92623977319216e-06,3.95780481960773e-06,2.90184219796291e-06,2.96754075345872e-06,100,100
0.736,8,3,3,4,2,1.07789807365216e-05,8.97342231748056e-06,8.92560410111103e-06,3.95528723443257e-06,2.90210777287477e-06,2.96770728726057e-06,100,100
0.737,8,3,3,4,2,1.07704008562435e-05,8.97289318702506e-06,8.92468043522332e-06,3.95164539185382e-06,2.90267179837753e-06,2.96797599287022e-06,100,100
0.738,8,3,3,4,2,1.07592222977151e-05,8.9722375876324e-06,8.92346826508813e-06,3.94690025481353e-06,2.90354452864249e-06,2.96832945147441e-06,100,100
0.739,8,3,3,4,2,1.07454772644916e-05,8.97145473852934e-06,8.92196746379191e-06,3.94106918708434e-06,2.9047328731462e-06,2.96874396814883e-06,100,100
0.74,8,3,3,4,2,1.07291992959599e-05,8.97054227889544e-06,8.9201761455656e-06,3.93416620348497e-06,2.90623953630555e-06,2.96919264977785e-06,100,100
0.741,8,3,3,4,2,1.07104199071564e-05,8.96949676070198e-06,8.91809209556379e-06,3.92620392859027e-06,2.90806321319814e-06,2.96964326237501e-06,100,100
0.742,8,3,3,4,2,1.06891716814332e-05,8.96831285563212e-06,8.91571546781677e-06,3.91719145505452e-06,2.91020197512192e-06,2.97005669131136e-06,100,100
0.743,8,3,3,4,2,1.06654905632677e-05,8.96698383481001e-06,8.91304452020897e-06,3.90713634929088e-06,2.91265135379019e-06,2.97038932930503e-06,100,100
0.744,8,3,3,4,2,1.06394105346527e-05,8.96550865166135e-06,8.91007866051854e-06,3.89604659685338e-06,2.91539955168018e-06,2.97059465018684e-06,100,100
0.745,8,3,3,4,2,1.06109655023833e-05,8.96389178046577e-06,8.90681878821465e-06,3.8839303536515e-06,2.91842822288589e-06,2.97062499116255e-06,100,100
0.746,8,3,3,4,2,1.05801968757958e-05,8.96213425825989e-06,8.90326686552081e-06,3.87079280873355e-06,2.92171650384949e-06,2.9704309597766e-06,100,100
0.747,8,3,3,4,2,1.05562336798794e-05,8.96023569297041e-06,8.89943027443271e-06,3.85662953112489e-06,2.92524679744289e-06,2.96996130958119e-06,100,100
0.748,8,3,3,4,2,1.05368997399165e-05,8.95820214385583e-06,8.89531241733874e-06,3.84142913113625e-06,2.92900860898252e-06,2.96916619477177e-06,100,100
0.749,8,3,3,4,2,1.05163330294166e-05,8.95604598452824e-06,8.89091094952817e-06,3.82517901598921e-06,2.93299703629802e-06,2.9679998831356e-06,100,100
0.75,8,3,3,4,2,1.04945642912056e-05,8.95377800038652e-06,8.88622866513988e-06,3.80785855550941e-06,2.93721397472993e-06,2.96642750431187e-06,100,100
0.751,8,3,3,4,2,1.04716289544446e-05,8.95140353121284e-06,8.88127158734085e-06,3.78943619749627e-06,2.94166638426551e-06,2.96443009536374e-06,100,100
0.752,8,3,3,4,2,1.0447569985255e-05,8.94892387973819e-06,8.87604150480515e-06,3.7698753236846e-06,2.9463608022891e-06,2.96200599263562e-06,100,100
0.753,8,3,3,4,2,1.04224351910503e-05,8.9463290410453e-06,8.87053529339649e-06,3.74913709241714e-06,2.95130236375911e-06,2.95916368945452e-06,100,100
0.754,8,3,3,4,2,1.03962650026885e-05,8.94360139851218e-06,8.86474756922737e-06,3.73736331718816e-06,2.95649742847726e-06,2.95591724114417e-06,100,100
0.755,8,3,3,4,2,1.03690909758971e-05,8.94073392771957e-06,8.8586701041455e-06,3.74546714860321e-06,2.96195461094818e-06,2.95228996432271e-06,100,100
0.756,8,3,3,4,2,1.0340937095263e-05,8.93772402815148e-06,8.85229236832533e-06,3.75394985223574e-06,2.96767616594816e-06,2.94831144691802e-06,100,100
0.757,7,3,3,4,2,1.03118241774343e-05,8.93456204952314e-06,8.84560940083148e-06,3.76277992566744e-06,2.96772173395224e-06,2.94401025200687e-06,100,100
0.758,7,3,3,4,2,1.02817877182283e-05,8.9312352935865e-06,8.83862047500478e-06,3.77192814594342e-06,2.9656297687711e-06,2.93940902520509e-06,100,100
0.759,7,3,3,4,2,1.02508723239637e-05,8.92772016859359e-06,8.83131955384208e-06,3.78136493604655e-06,2.96332244041039e-06,2.93453901969067e-06,100,100
0.76,7,3,3,4,2,1.02191170094227e-05,8.92398792694295e-06,8.82369527718116e-06,3.7734751622318e-06,2.96081671418602e-06,2.9294413586997e-06,100,100
0.761,6,3,3,3,1,1.01768117905694e-05,8.92001934650643e-06,8.81573117470905e-06,3.76073817642596e-06,2.9581284384299e-06,2.92414919211928e-06,100,100
0.762,5,3,3,3,1,1.01267863256794e-05,8.91579561079469e-06,8.80741722927959e-06,3.72328746931419e-06,2.95527708046223e-06,2.91869211733846e-06,100,100
0.763,5,3,3,3,1,1.00866906558246e-05,8.91129774246681e-06,8.7987524898946e-06,3.68203100390668e-06,2.95227693153666e-06,2.91310750808047e-06,100,100
0.764,5,3,3,3,1,1.00455907593587e-05,8.90650796048534e-06,8.78971890657306e-06,3.63941743803881e-06,2.94914505656468e-06,2.90743404236633e-06,100,100
0.765,5,3,3,3,1,1.00035332845726e-05,8.90139308477927e-06,8.78027875799022e-06,3.59545344356854e-06,2.94590589186423e-06,2.90169529486064e-06,100,100
0.766,5,3,3,3,1,9.96056813693406e-06,8.89591186059929e-06,8.77039683866508e-06,3.55014784451515e-06,2.94258705481359e-06,2.89633807280436e-06,100,100
0.767,4,3,3,3,1,9.91674665565557e-06,8.89003920815663e-06,8.76004599653143e-06,3.50352907223746e-06,2.9392066434959e-06,2.89209568609171e-06,100,100
0.768,3,3,3,3,1,9.87210837893496e-06,8.88375304958542e-06,8.74920129308792e-06,3.47606656794291e-06,2.93576642733632e-06,2.88829202705035e-06,100,100
0.769,3,3,3,3,1,9.82669024028093e-06,8.87702573608769e-06,8.737851150082e-06,3.4841862279373e-06,2.93226658459512e-06,2.8850408807561e-06,100,100
0.77,3,3,3,3,1,9.74615383703593e-06,8.86983809130711e-06,8.72599461560218e-06,3.46948023282732e-06,2.92870113920884e-06,2.88248044083382e-06,100,100
0.771,3,3,3,3,1,9.66244398179791e-06,8.86217318759218e-06,8.71361900279784e-06,3.45283608929057e-06,2.92504946525897e-06,2.86766601656724e-06,100,100
0.772,3,3,3,3,1,9.57732176885675e-06,8.85401388684471e-06,8.70070172851564e-06,3.47252322624148e-06,2.92128398819948e-06,2.85694425250568e-06,100,100
0.773,3,3,3,3,1,9.490833017146e-06,8.84534771493109e-06,8.68722030038799e-06,3.46956000424862e-06,2.91738161733249e-06,2.85513164457863e-06,100,100
0.774,3,2,3,3,1,9.40302430218553e-06,8.83617344892461e-06,8.67316316492028e-06,3.45154404030053e-06,2.91331988404738e-06,2.84921498046778e-06,100,100
0.775,3,2,3,3,1,9.3139549291135e-06,8.82649621711575e-06,8.65852257360199e-06,3.42904288948367e-06,2.90400895633596e-06,2.86198544726905e-06,100,100
0.776,3,2,3,3,1,9.22369734504004e-06,8.81631059080233e-06,8.64328179265701e-06,3.37137777695322e-06,2.90465956058279e-06,2.87734855428203e-06,100,100
0.777,3,2,3,3,2,9.19153516904266e-06,8.80560702423574e-06,8.62743225144727e-06,3.31302401765972e-06,2.90002727717674e-06,2.89317605616828e-06,100,100
0.778,3,2,3,3,2,9.16449714443576e-06,8.79438268283441e-06,8.61098400186317e-06,3.2539315279952e-06,2.88847711907688e-06,2.89985362553289e-06,100,100
0.779,3,2,3,3,2,9.13758528084211e-06,8.78263469825674e-06,8.59395731775768e-06,3.19401907145932e-06,2.8653173373161e-06,2.90805942335413e-06,100,100
0.78,3,2,3,3,2,9.11076210957463e-06,8.77034958703322e-06,8.57636902427602e-06,3.13318144515975e-06,2.84300342019629e-06,2.90887861809125e-06,100,100
0.781,3,2,3,3,2,9.08397806522418e-06,8.75750663418871e-06,8.55821959839189e-06,3.11343636520583e-06,2.82161519790345e-06,2.8929566532397e-06,100,100
0.782,3,2,3,3,2,9.05718536899264e-06,8.74409541314095e-06,8.53949918071308e-06,3.1265320590115e-06,2.80337871470935e-06,2.87966566237786e-06,100,100
0.783,3,2,3,3,2,9.03034698838922e-06,8.73012665287221e-06,8.52020651289452e-06,3.13978383633233e-06,2.78953202109168e-06,2.86613612293686e-06,100,100
0.784,3,2,3,3,2,9.00343250762774e-06,8.71561890541462e-06,8.5077062563511e-06,3.15316410647054e-06,2.77249917143022e-06,2.85032248192296e-06,100,100
0.785,3,2,3,3,2,8.97641024189228e-06,8.70058770777154e-06,8.50137711460563e-06,3.15850887381695e-06,2.75469516793339e-06,2.85800280935308e-06,100,100
0.786,3,2,2,3,2,8.94923944660365e-06,8.68725222831708e-06,8.49347320044951e-06,3.15740528746997e-06,2.75722567770168e-06,2.88216417351503e-06,100,100
0.787,3,2,2,3,2,8.92187095637235e-06,8.70850964288525e-06,8.4839441911845e-06,3.15743091534122e-06,2.75926972148646e-06,2.90539776067874e-06,100,100
0.788,3,2,2,3,2,8.88390145983662e-06,8.71997749288451e-06,8.49350923534041e-06,3.09301458044377e-06,2.76017956430803e-06,2.92754066946588e-06,100,100
0.789,3,2,2,3,2,8.83255279229881e-06,8.71886337259015e-06,8.51038143110345e-06,3.01584214381912e-06,2.75984017030112e-06,2.9484458110916e-06,100,100
0.79,3,2,2,3,2,8.78110526704067e-06,8.71840895362622e-06,8.52766111319704e-06,2.93841955166618e-06,2.75814784663885e-06,2.96799125594453e-06,100,100
0.791,3,2,2,3,2,8.72956839873465e-06,8.71859270832673e-06,8.54530885532641e-06,2.89291677793777e-06,2.75388724438879e-06,2.96828274335475e-06,100,100
0.792,3,2,2,3,2,8.71940690192862e-06,8.71940690192862e-06,8.56331776015747e-06,2.82268750428865e-06,2.75209352002871e-06,2.97078431029544e-06,100,100
0.793,3,2,2,3,2,8.72084555563817e-06,8.72084555563817e-06,8.5816832796414e-06,2.79330519425821e-06,2.76409518167912e-06,2.97476137738095e-06,100,100
0.794,3,2,2,3,2,8.72289935642408e-06,8.72289935642408e-06,8.60038300796092e-06,2.80917746879541e-06,2.77275674862044e-06,2.98018795760882e-06,100,100
0.795,3,2,2,3,2,8.72555658739943e-06,8.72555658739943e-06,8.61938062533048e-06,2.83713378113437e-06,2.74835426877134e-06,2.98707694878176e-06,100,100
0.796,3,2,2,3,2,8.72878292646984e-06,8.72878292646984e-06,8.63863013619546e-06,2.85255286882237e-06,2.72147863367413e-06,2.99545554661641e-06,100,100
0.797,3,2,2,3,2,8.73251565389181e-06,8.73251565389181e-06,8.65808422951912e-06,2.86952739322668e-06,2.69204338063627e-06,2.97700432434077e-06,100,100
0.798,3,1,2,3,2,8.73669421660895e-06,8.73669421660895e-06,8.67770184884112e-06,2.8879755001883e-06,2.70744578565002e-06,2.94662703031834e-06,100,100
0.799,3,1,2,3,2,8.74126499685634e-06,8.74126499685634e-06,8.69744013539006e-06,2.872827721969e-06,2.74591824092962e-06,2.91464639308348e-06,100,100
0.8,3,1,2,3,2,8.74618460948962e-06,8.74618460948962e-06,8.71726956602784e-06,2.82521565324636e-06,2.78386865444655e-06,2.88097151933653e-06,100,100
0.801,3,1,2,3,2,8.75139544009225e-06,8.75139544009225e-06,8.73718680391209e-06,2.82877580803034e-06,2.82062128374858e-06,2.84553327521527e-06,100,100
0.802,3,1,2,3,2,8.7567989118323e-06,8.7567989118323e-06,8.7567989118323e-06,2.87874736057014e-06,2.82100461309605e-06,2.79548275621649e-06,100,100
0.803,3,1,2,3,2,8.76229326267588e-06,8.76229326267588e-06,8.76229326267588e-06,2.95524537948524e-06,2.82471728188399e-06,2.74146415366762e-06,100,100
0.804,3,1,2,3,2,8.76779873090135e-06,8.76779873090135e-06,8.76779873090135e-06,2.9130610019001e-06,2.84740697706195e-06,2.73593300673617e-06,100,100
0.805,3,1,2,3,2,8.77327640773071e-06,8.77327640773071e-06,8.77327640773071e-06,2.8638521460918e-06,2.86963457326261e-06,2.74509041225084e-06,100,100
0.806,3,1,2,3,2,8.77870199210774e-06,8.77870199210774e-06,8.77870199210774e-06,2.89869808443117e-06,2.91701743013374e-06,2.74472213331895e-06,100,100
0.807,3,1,2,3,2,8.78402244792384e-06,8.78402244792384e-06,8.78402244792384e-06,2.94131978761924e-06,2.9201149349413e-06,2.74376021914401e-06,100,100
0.808,3,1,2,3,2,8.78916517463018e-06,8.78916517463018e-06,8.78916517463018e-06,2.98349836489981e-06,2.923279600418e-06,2.74214982579255e-06,100,100
0.809,3,1,2,3,2,8.83031148237899e-06,8.7940430391939e-06,8.7940430391939e-06,2.992618791516e-06,2.92731816014736e-06,2.74667485270466e-06,100,100
0.81,3,1,2,3,2,8.93415231762425e-06,8.79858311195894e-06,8.79858311195894e-06,2.88754691288596e-06,2.82613801720713e-06,2.79767318581803e-06,100,100
0.811,3,1,2,3,2,9.03774928744709e-06,8.81840953820437e-06,8.83656990455302e-06,2.79883260966698e-06,2.7740894278212e-06,2.79212851688525e-06,100,100
0.812,3,1,2,3,2,9.14094698635363e-06,8.88492251021513e-06,8.8968305036049e-06,2.76964331478499e-06,2.80139881880931e-06,2.7271789821678e-06,100,100
0.813,3,1,2,3,2,9.24355788055378e-06,8.951237330302e-06,8.9402669687282e-06,2.73921457636739e-06,2.82745382989657e-06,2.72096879888133e-06,100,100
0.814,3,1,2,3,2,9.34542789709134e-06,9.01721565018906e-06,8.94355178550192e-06,2.73693787415978e-06,2.85214606931555e-06,2.73698538657107e-06,100,100
0.815,3,1,2,3,2,9.40861784837585e-06,9.0827698715977e-06,8.94586362463235e-06,2.76883183643386e-06,2.89504216880781e-06,2.77238028016796e-06,100,100
0.816,3,1,2,3,2,9.43203943694576e-06,9.18649431164954e-06,8.94721604639808e-06,2.81007989713192e-06,2.96352952559171e-06,2.80626259712496e-06,100,100
0.817,3,1,2,3,2,9.45491113440554e-06,9.29236891458006e-06,8.94763615079776e-06,2.80582323590949e-06,3.00944200709853e-06,2.82790046330617e-06,100,100
0.818,3,1,2,3,2,9.45145385997382e-06,9.39873778750264e-06,8.94714135418139e-06,2.79433364280328e-06,2.99159205148018e-06,2.79052543046592e-06,100,100
0.819,3,1,2,3,2,9.43571894917862e-06,9.50540842741386e-06,8.94571670237266e-06,2.79134482498176e-06,3.03642354261667e-06,2.751222156074e-06,100,100
0.82,3,1,2,3,2,9.41925782626717e-06,9.61219530528434e-06,8.94332964852901e-06,2.85340353029164e-06,3.01559362558405e-06,2.73537891499551e-06,100,100
0.821,3,1,2,3,2,9.40202900069156e-06,9.71894339810303e-06,8.93995413927753e-06,2.89667224654443e-06,2.97070485941789e-06,2.72091720100971e-06,100,100
0.822,4,1,3,4,2,9.38399417919737e-06,9.82547904184244e-06,8.9355574453072e-06,2.91530851683481e-06,2.96070225106607e-06,2.75316019842301e-06,100,100
0.823,4,2,4,5,2,9.36513194481075e-06,9.92846989767626e-06,8.93632339662728e-06,2.92364222840984e-06,2.98692102925825e-06,2.76264573195818e-06,100,100
0.824,4,2,4,5,3,9.34546801426843e-06,9.99434851224994e-06,8.98898336346622e-06,2.92680403124369e-06,2.94738214287129e-06,2.82765158550567e-06,100,100
0.825,4,2,5,6,3,9.32504602254974e-06,1.00599867055368e-05,9.04069598154043e-06,2.91914252418901e-06,2.94202384237766e-06,2.85034554326849e-06,100,100
0.826,4,2,5,6,3,9.30387289786681e-06,1.01252010729233e-05,9.0913712013959e-06,2.90860664739484e-06,3.03899521803803e-06,2.87700997054489e-06,100,100
0.827,4,2,5,6,3,9.28197914986607e-06,1.01548868218098e-05,9.14092124788162e-06,2.87736446304368e-06,3.11644068176362e-06,2.90118748509681e-06,100,100
0.828,4,2,5,6,3,9.2594722478898e-06,1.01537308050855e-05,9.18187675817612e-06,2.90207563297654e-06,3.11734564443448e-06,2.93551469525043e-06,100,100
0.829,4,2,6,6,3,9.23647529573465e-06,1.01518060748282e-05,9.19060359116046e-06,2.91871636286043e-06,3.1046433117973e-06,3.01385314001679e-06,100,100
0.83,4,3,6,6,3,9.21306483612714e-06,1.01491231693229e-05,9.1986364244443e-06,2.92264566939666e-06,3.09247675998725e-06,3.10758390351002e-06,100,100
0.831,4,3,6,6,3,9.18929179778082e-06,1.01457150980851e-05,9.20596676357023e-06,2.95206178927594e-06,3.08090492606737e-06,3.16243770560425e-06,100,100
0.832,4,3,6,6,3,9.17192973169896e-06,1.01416310294088e-05,9.21261575175631e-06,2.98662449858109e-06,3.07704761730711e-06,3.16925423969572e-06,100,100
0.833,3,3,6,5,2,9.18173912030427e-06,1.01369304235494e-05,9.21863229073964e-06,2.97988392224906e-06,3.12299228946321e-06,3.24265171069221e-06,100,100
0.834,3,3,6,5,2,9.20052755465474e-06,1.0131659968044e-05,9.22405190488822e-06,2.95927557780441e-06,3.12181541845744e-06,3.27879929140257e-06,100,100
0.835,3,3,6,5,2,9.22677972098711e-06,1.01258304676421e-05,9.22889187521179e-06,2.94357172744632e-06,3.08799167387245e-06,3.26399226633112e-06,100,100
0.836,3,3,6,5,2,9.25140220938559e-06,1.01194437962773e-05,9.23316010114366e-06,2.93462982178892e-06,3.08955865394734e-06,3.25378673018522e-06,100,100
0.837,3,3,6,5,3,9.27440469330525e-06,1.01125195736719e-05,9.23686152064422e-06,2.92602049064704e-06,3.07156052293539e-06,3.29017800269825e-06,100,100
0.838,3,3,6,5,3,9.29582113701753e-06,1.01050898814025e-05,9.24003436746486e-06,2.93470404957971e-06,3.05441554883632e-06,3.2926494683322e-06,100,100
0.839,3,3,6,5,3,9.31572342371933e-06,1.00971842563611e-05,9.24274617958736e-06,2.9480723830892e-06,3.03812957641287e-06,3.27990272216813e-06,100,100
0.84,3,3,6,5,3,9.33416974502129e-06,1.00888240198272e-05,9.24504754148404e-06,2.9937347607103e-06,3.02268426687138e-06,3.24935856112283e-06,100,100
0.841,3,3,6,5,3,9.35119170698965e-06,1.00800404982011e-05,9.24696596730353e-06,3.05244189454725e-06,3.02598213081186e-06,3.21897505938671e-06,100,100
0.842,3,3,6,5,3,9.34072002912571e-06,1.00956872142491e-05,9.24851362627963e-06,3.09120972422946e-06,3.03508933916349e-06,3.18883981177869e-06,100,100
0.843,3,3,6,5,3,9.31610132975001e-06,1.01090370975548e-05,9.2497052501504e-06,3.11393260038315e-06,3.0440348015506e-06,3.18349239146483e-06,100,100
0.844,3,4,6,5,3,9.29170141225624e-06,1.01212611086167e-05,9.25058766435018e-06,3.13771134653659e-06,3.05278622105227e-06,3.20211226900747e-06,100,100
0.845,3,4,6,5,3,9.26763588075571e-06,1.01323838689383e-05,9.25122011458251e-06,3.1586727652325e-06,3.06133089612724e-06,3.18339787399529e-06,100,100
0.846,3,4,6,5,3,9.24399503653987e-06,1.01424105259329e-05,9.24399503653987e-06,3.17661330956137e-06,3.06966912549165e-06,3.15510775860374e-06,100,100
0.847,3,4,6,5,3,9.22085718546406e-06,1.01513292117066e-05,9.22085718546406e-06,3.19709471406132e-06,3.08075097669409e-06,3.16258914684086e-06,100,100
0.848,3,4,6,5,3,9.19831687055741e-06,1.01591165342957e-05,9.19831687055741e-06,3.22739920360094e-06,3.10053027108344e-06,3.18480164265349e-06,100,100
0.849,3,4,6,5,3,9.17648927282586e-06,1.0165751757169e-05,9.17648927282586e-06,3.26141971105641e-06,3.12093384044838e-06,3.14293003203673e-06,100,100
0.85,3,4,6,5,3,9.15546341433747e-06,1.01712231524811e-05,9.15546341433747e-06,3.29532336399788e-06,3.14195167147358e-06,3.10260748112989e-06,100,100
0.851,3,4,6,5,3,9.13528064983997e-06,1.01755098919968e-05,9.13528064983997e-06,3.32510075317326e-06,3.16359321767183e-06,3.06384835737802e-06,100,100
0.852,3,4,6,5,3,9.11594550994474e-06,1.01785892498591e-05,9.11594550994474e-06,3.34084203967425e-06,3.18585975358194e-06,3.0266651197564e-06,100,100
0.853,3,4,6,5,3,9.12339711563686e-06,1.01804757996172e-05,9.09744598863044e-06,3.37018131118425e-06,3.20867157132787e-06,2.99106314563019e-06,100,100
0.854,3,4,6,5,3,9.1394676387508e-06,1.01812179042926e-05,9.07977605289595e-06,3.38271254652204e-06,3.23189337559536e-06,2.95700026791529e-06,100,100
0.855,3,4,6,5,3,9.1551881115402e-06,1.01808804577875e-05,9.06295236477404e-06,3.39166649219252e-06,3.25544589798108e-06,2.92853243526928e-06,100,100
0.856,4,5,6,6,3,9.1705582133466e-06,1.01795295089885e-05,9.05273687382687e-06,3.39956849352711e-06,3.27931809490484e-06,2.91759940207801e-06,100,100
0.857,4,5,6,6,3,9.18557366717651e-06,1.01772076292183e-05,9.04605831020411e-06,3.3845089040383e-06,3.28930641129708e-06,2.92199820684178e-06,100,100
0.858,4,5,6,6,3,9.20027615652676e-06,1.01739358453252e-05,9.03958909799334e-06,3.3702034039899e-06,3.28700143687318e-06,2.93522070301331e-06,100,100
0.859,4,5,6,6,3,9.21472541256227e-06,1.01697504858393e-05,9.03338237200263e-06,3.35667821203082e-06,3.2847017937472e-06,2.97247999525666e-06,100,100
0.86,4,5,6,6,3,9.22895605541322e-06,1.01647284785638e-05,9.02747096839445e-06,3.35171957075184e-06,3.28323574863336e-06,3.01004791376049e-06,100,100
0.861,3,4,6,5,3,9.24299880329779e-06,1.01589433892575e-05,9.02189961158268e-06,3.39155080791307e-06,3.30737918196749e-06,3.04785752053399e-06,100,100
0.862,3,4,6,5,3,9.25687307781641e-06,1.0152438095288e-05,9.01671612171413e-06,3.44392740699296e-06,3.32449742614548e-06,3.08584917635086e-06,100,100
0.863,3,4,6,5,3,9.27056582131957e-06,1.01452757433182e-05,9.01193717039742e-06,3.45731844557065e-06,3.28618250737769e-06,3.12398484098183e-06,100,100
0.864,3,4,6,5,3,9.28402545865718e-06,1.01375580854576e-05,9.00754973011532e-06,3.46471302175357e-06,3.23819054929046e-06,3.16220529672758e-06,100,100
0.865,3,4,6,5,3,9.29717603583149e-06,1.01293969330704e-05,9.00350897175251e-06,3.47185655276924e-06,3.20082817203238e-06,3.20043528787215e-06,100,100
0.866,3,4,6,5,3,9.30999092152571e-06,1.01208663672186e-05,8.99976473093432e-06,3.48085704175123e-06,3.18540978563281e-06,3.23861668961334e-06,100,100
0.867,3,4,6,5,3,9.32247265771782e-06,1.01120179402242e-05,8.99625532876631e-06,3.48967681040033e-06,3.16919645388502e-06,3.27670409030343e-06,100,100
0.868,3,4,6,5,3,9.34213719942954e-06,1.01029113125371e-05,9.00045999709276e-06,3.49792874011731e-06,3.15220749391811e-06,3.31465092394031e-06,100,100
0.869,3,4,6,5,3,9.36251444544073e-06,1.00935607912047e-05,9.00592505969272e-06,3.50561412732902e-06,3.13448482204818e-06,3.3524162328225e-06,100,100
0.87,3,4,6,5,3,9.38218443569254e-06,1.00839674433112e-05,9.01126115606476e-06,3.51273575681415e-06,3.1160735841202e-06,3.38995092214625e-06,100,100
0.871,3,4,6,5,3,9.40114957980118e-06,1.00742049331741e-05,9.01645802226478e-06,3.51931714958003e-06,3.09703407207815e-06,3.40880757465297e-06,100,100
0.872,3,4,6,5,3,9.40131228617388e-06,1.00643810300743e-05,9.02152241898195e-06,3.52533595963887e-06,3.07745197455123e-06,3.39031377259428e-06,100,100
0.873,3,4,6,5,3,9.39528865692571e-06,1.00545629006261e-05,9.02646505898152e-06,3.53072275331683e-06,3.06036453723674e-06,3.3724962982937e-06,100,100
0.874,3,4,6,5,3,9.38938670303274e-06,1.00447439732587e-05,9.0312679607927e-06,3.53545288639821e-06,3.05985875367668e-06,3.35817256488296e-06,100,100
0.875,3,4,6,5,3,9.38356260371705e-06,1.0034891990891e-05,9.03590219649394e-06,3.53952305158538e-06,3.05880827959648e-06,3.3893125839692e-06,100,100
0.876,3,4,6,5,3,9.37784239689943e-06,1.00250392648061e-05,9.04036316225866e-06,3.5429068544702e-06,3.05723879485964e-06,3.41881208143125e-06,100,100
0.877,3,3,6,5,3,9.37229052495897e-06,1.00152613661892e-05,9.04465914687111e-06,3.54556695689026e-06,3.05653816457858e-06,3.43569777362823e-06,100,100
0.878,3,3,6,5,3,9.36692668796911e-06,1.0005602592831e-05,9.04878428068162e-06,3.54748571872642e-06,3.0604774703606e-06,3.44296962411565e-06,100,100
0.879,3,3,6,5,3,9.36175426667287e-06,9.99608562217041e-06,9.05271774870071e-06,3.54866111914984e-06,3.06408880207548e-06,3.42633988799569e-06,100,100
0.88,4,3,6,5,3,9.35680799037514e-06,9.98675302040202e-06,9.05644133323378e-06,3.53849978691904e-06,3.06739101846267e-06,3.40954083336357e-06,100,100
0.881,4,3,6,5,3,9.35211720909652e-06,9.97762451645682e-06,9.05994606892314e-06,3.51953922984557e-06,3.077830492968e-06,3.39274905324139e-06,100,100
0.882,4,3,6,5,3,9.34764881552757e-06,9.96867805895556e-06,9.06319515262476e-06,3.52455451903751e-06,3.09114530686447e-06,3.37601318215886e-06,100,100
0.883,4,3,6,5,3,9.34332584521021e-06,9.95988829009773e-06,9.06612012389026e-06,3.52876176070097e-06,3.1022846951633e-06,3.35935339723094e-06,100,100
0.884,4,3,6,5,3,9.33904626318093e-06,9.95121641324413e-06,9.06863788382016e-06,3.53207750173241e-06,3.11130897540219e-06,3.34279118672038e-06,100,100
0.885,4,3,6,5,3,9.33470761989073e-06,9.94260217995024e-06,9.07064795047041e-06,3.53097038029754e-06,3.11828008621366e-06,3.33751502371866e-06,100,100
0.886,4,3,6,5,3,9.33024926099644e-06,9.93399155253736e-06,9.07207549314602e-06,3.52728576832948e-06,3.12359136844375e-06,3.3456724909456e-06,100,100
0.887,4,3,6,5,3,9.32567366294638e-06,9.92535725991221e-06,9.07289739225582e-06,3.52268505746675e-06,3.13443091798746e-06,3.35392171764211e-06,100,100
0.888,4,3,6,5,3,9.32103940426685e-06,9.91670139854842e-06,9.07311325563682e-06,3.51267623345003e-06,3.14415307262879e-06,3.36222509830146e-06,100,100
0.889,4,3,6,5,3,9.31639045090838e-06,9.90804919505106e-06,9.0727260516688e-06,3.48615650925753e-06,3.15277616327851e-06,3.37054822088737e-06,100,100
0.89,4,3,6,5,3,9.31170579995127e-06,9.8994077445058e-06,9.07172911870165e-06,3.4591503124957e-06,3.1603484678037e-06,3.37887756676041e-06,100,100
0.891,3,3,6,5,3,9.30695990717704e-06,9.89076588434582e-06,9.08269250951424e-06,3.43174697899683e-06,3.16695434218537e-06,3.38243700257606e-06,100,100
0.892,3,3,6,5,3,9.30218522619465e-06,9.88212204983473e-06,9.09312050268605e-06,3.4040325662305e-06,3.17264445535039e-06,3.37175348647331e-06,100,100
0.893,3,3,6,5,3,9.29743043683425e-06,9.87346852067217e-06,9.1027905623579e-06,3.37605092290075e-06,3.17742494141834e-06,3.36125102027156e-06,100,100
0.894,3,3,6,5,3,9.29271495338705e-06,9.86479392116569e-06,9.11169679043749e-06,3.35114376100345e-06,3.18129654724185e-06,3.35094122541861e-06,100,100
0.895,3,3,6,5,2,9.28804454091333e-06,9.85608928002961e-06,9.11983352853348e-06,3.34262934206036e-06,3.18424770207576e-06,3.34082911376766e-06,100,100
0.896,3,3,6,5,2,9.28343076918223e-06,9.84736649258066e-06,9.12720887439507e-06,3.33312904926554e-06,3.18626401472426e-06,3.33095169764488e-06,100,100
0.897,3,3,6,5,2,9.27888384482719e-06,9.83615828868445e-06,9.13384608294235e-06,3.3205822280457e-06,3.1873370515888e-06,3.33283937740167e-06,100,100
0.898,3,3,6,5,2,9.27441863500017e-06,9.82273368668026e-06,9.1397763211304e-06,3.30760678196309e-06,3.19519217889753e-06,3.34398764947564e-06,100,100
0.899,3,3,6,5,2,9.27007417846161e-06,9.81701407512585e-06,9.14503794467855e-06,3.2942178606333e-06,3.2047815232041e-06,3.34941998586196e-06,100,100
0.9,3,3,6,5,2,9.2658674521725e-06,9.81487584239156e-06,9.14966882338085e-06,3.26915036398096e-06,3.2137956506044e-06,3.35481718116852e-06,100,100
0.901,3,3,6,5,2,9.26177725721318e-06,9.81248840195939e-06,9.15370349770307e-06,3.24297536237837e-06,3.22222022146854e-06,3.36012200301977e-06,100,100
0.902,3,3,6,5,2,9.25779207806336e-06,9.80985332188963e-06,9.1571480651925e-06,3.21608829747947e-06,3.23004194774362e-06,3.36532188952867e-06,100,100
0.903,3,3,6,5,2,9.25393184604871e-06,9.80697354143081e-06,9.1580464694255e-06,3.1995427699492e-06,3.23725328938453e-06,3.37042464297641e-06,100,100
0.904,3,3,6,5,2,9.25024288536985e-06,9.80387916042071e-06,9.1548905308227e-06,3.20236333869496e-06,3.24383321915036e-06,3.37542582982063e-06,100,100
0.905,3,3,6,5,2,9.24676138311265e-06,9.80061430834184e-06,9.15130331064639e-06,3.20551400307033e-06,3.24977598426207e-06,3.37847767819453e-06,100,100
0.906,3,3,6,5,2,9.24349433360799e-06,9.7972227320651e-06,9.14726907491259e-06,3.22071432178658e-06,3.25511384438306e-06,3.35284108722369e-06,100,100
0.907,3,3,6,5,2,9.24042617647067e-06,9.79372475633256e-06,9.14280927016593e-06,3.20917391224847e-06,3.26397898820948e-06,3.32698749218371e-06,100,100
0.908,3,3,6,5,2,9.23751178078817e-06,9.79010596197789e-06,9.13798853632712e-06,3.19965720008142e-06,3.27437325003415e-06,3.32218678244904e-06,100,100
0.909,3,3,6,5,2,9.23468185254121e-06,9.78631839352695e-06,9.1328679698007e-06,3.19076532205674e-06,3.2838456193943e-06,3.33315695895452e-06,100,100
0.91,3,3,6,5,2,9.23186871596026e-06,9.78229180001417e-06,9.12746583062483e-06,3.19029268296963e-06,3.28704793842946e-06,3.3443041155682e-06,100,100
0.911,3,3,6,5,2,9.22904491648491e-06,9.77799259970074e-06,9.12175757488293e-06,3.20041693518924e-06,3.28239509955812e-06,3.35558636011942e-06,100,100
0.912,3,3,6,5,2,9.22623869330402e-06,9.77344661660193e-06,9.1157050689928e-06,3.2180816883464e-06,3.27764836415824e-06,3.36693810155976e-06,100,100
0.913,3,3,6,5,2,9.21496905755922e-06,9.76868028455871e-06,9.1092834022246e-06,3.2356767863642e-06,3.27287957783427e-06,3.37830950898201e-06,100,100
0.914,3,2,6,5,2,9.18768391007396e-06,9.76368353882033e-06,9.10249335577547e-06,3.24709174772984e-06,3.26815569271517e-06,3.37838594999098e-06,100,100
0.915,3,2,6,5,2,9.15999943500052e-06,9.75842132151889e-06,9.09536506407078e-06,3.25077169664476e-06,3.26354342449818e-06,3.37616298239005e-06,100,100
0.916,3,2,6,5,2,9.13196316147237e-06,9.75287201394412e-06,9.08792630239154e-06,3.25471222808226e-06,3.25910944046642e-06,3.37454684257649e-06,100,100
0.917,3,2,6,5,2,9.10363521713646e-06,9.7470535928546e-06,9.08017271308651e-06,3.25895323470593e-06,3.25488321046144e-06,3.37093480338348e-06,100,100
0.918,3,2,6,5,2,9.075044530576e-06,9.74098276252748e-06,9.07208086675593e-06,3.26351081577117e-06,3.25086950086087e-06,3.36502486698261e-06,100,100
0.919,3,2,6,5,2,9.04620014457854e-06,9.73464963890603e-06,9.06363375516715e-06,3.26839417998103e-06,3.24707362215532e-06,3.35937501157634e-06,100,100
0.92,3,2,6,5,2,9.01711355864292e-06,9.7280245512196e-06,9.05483545099749e-06,3.27362484574674e-06,3.24938238976842e-06,3.35395273545176e-06,100,100
0.921,3,2,6,5,2,8.98780520948141e-06,9.72104805088955e-06,9.04568471507147e-06,3.27916947151687e-06,3.25274625857534e-06,3.34879820212951e-06,100,100
0.922,3,2,6,5,2,8.95829330790867e-06,9.71367739616388e-06,9.03615248083622e-06,3.25828743004088e-06,3.25454646471757e-06,3.34394948135122e-06,100,100
0.923,3,2,6,5,2,8.9350521169057e-06,9.70591045340332e-06,9.0261991016589e-06,3.2318776160346e-06,3.24949779323769e-06,3.3394290477003e-06,100,100
0.924,3,2,6,5,2,8.93270100245552e-06,9.6977246268524e-06,9.01581327832578e-06,3.2057778358596e-06,3.2442918417721e-06,3.33527428053199e-06,100,100
0.925,3,2,6,5,2,8.93055249694211e-06,9.68906608743439e-06,9.00500845888757e-06,3.18001419682388e-06,3.23893716820418e-06,3.33153623741676e-06,100,100
0.926,2,2,5,4,2,8.92860990805287e-06,9.67989677697611e-06,9.0014496819174e-06,3.15462334720045e-06,3.23344710493636e-06,3.32828586520245e-06,100,100
0.927,2,2,5,4,2,8.92687139046229e-06,9.67020112785534e-06,8.99796562715658e-06,3.14712634678392e-06,3.22785102888635e-06,3.3255744971591e-06,100,100
0.928,2,2,5,4,2,8.92531441441279e-06,9.65997370000914e-06,8.99409395023473e-06,3.14550067516098e-06,3.22215946156108e-06,3.32342708974533e-06,100,100
0.929,2,2,5,4,2,8.92390191412553e-06,9.64921275042844e-06,8.98979529735558e-06,3.14399256416187e-06,3.21639136337666e-06,3.32185279901349e-06,100,100
0.93,2,2,5,4,2,8.9225749263066e-06,9.63790535255964e-06,8.98500731632955e-06,3.14265599607144e-06,3.21058968580803e-06,3.32081496593545e-06,100,100
0.931,2,2,5,4,2,8.92125689495386e-06,9.62604438880415e-06,8.97968667602153e-06,3.11633805320667e-06,3.2047805720704e-06,3.32025640849038e-06,100,100
0.932,2,2,5,4,2,8.9198962671623e-06,9.61364093181493e-06,8.97382458755593e-06,3.08428042809058e-06,3.19899077662083e-06,3.32015145845032e-06,100,100
0.933,2,2,5,4,2,8.91846252160886e-06,9.60069619754942e-06,8.96742262994655e-06,3.05205016127064e-06,3.19326324265027e-06,3.32049781707644e-06,100,100
0.934,2,2,5,4,2,8.91692520914215e-06,9.58719208079963e-06,8.96048679426788e-06,3.01965492491109e-06,3.18765813896233e-06,3.32130016850921e-06,100,100
0.935,2,2,5,4,2,8.91527712810451e-06,9.57314982016073e-06,8.95300276655058e-06,2.98713367365154e-06,3.18223609869616e-06,3.32256974039346e-06,100,100
0.936,2,2,3,3,2,8.91349966539899e-06,9.5586667042658e-06,8.94494458770975e-06,2.95449832801369e-06,3.17702806600235e-06,3.32429097932511e-06,100,100
0.937,2,2,3,3,2,8.91152622385687e-06,9.54386240816717e-06,8.93634429685325e-06,2.92947191809103e-06,3.17204313533149e-06,3.32642681140265e-06,100,100
0.938,2,2,3,3,2,8.90929322126085e-06,9.52882350122737e-06,8.92728122282943e-06,2.94199984188796e-06,3.16727832271173e-06,3.32897727237476e-06,100,100
0.939,2,2,3,3,2,8.90678897723976e-06,9.51358997315254e-06,8.91780853830546e-06,2.96321404085127e-06,3.16273681843431e-06,3.33197453131188e-06,100,100
0.94,2,2,3,3,2,8.9040434845184e-06,9.49817548388932e-06,8.90906259555045e-06,2.98431130944731e-06,3.15844432415874e-06,3.33542427500049e-06,100,100
0.941,2,2,3,3,2,8.90107560019393e-06,9.48260384751733e-06,8.90283653697401e-06,3.00527275049889e-06,3.15443055891498e-06,3.33930891491721e-06,100,100
0.942,2,2,3,3,2,8.89787162821381e-06,9.46691406082971e-06,8.89670678714113e-06,3.02609714210032e-06,3.1506949442155e-06,3.34361181403449e-06,100,100
0.943,2,2,3,3,2,8.89441792164469e-06,9.45112682120663e-06,8.89071194877492e-06,3.03916949820989e-06,3.14720391502196e-06,3.3482967640434e-06,100,100
0.944,2,2,3,3,2,8.89071298020536e-06,9.43524105366946e-06,8.88489571788138e-06,3.03242555556836e-06,3.14390460805145e-06,3.35060451337816e-06,100,100
0.945,2,2,3,3,2,8.88676726789097e-06,9.4192501689276e-06,8.87928813940247e-06,3.02536608896062e-06,3.13195862775014e-06,3.3473135475604e-06,100,100
0.946,2,2,3,3,2,8.888782407494e-06,9.40314785269098e-06,8.87391836575692e-06,3.00837036055017e-06,3.11959274903081e-06,3.34403901881346e-06,100,100
0.947,2,2,3,3,2,8.9003130665793e-06,9.38694630020066e-06,8.86881254219097e-06,2.98906488061022e-06,3.10724385154161e-06,3.34074586854798e-06,100,100
0.948,2,2,3,3,2,8.91132764886175e-06,9.3706669240729e-06,8.86399159338438e-06,2.95642847292354e-06,3.09488968577237e-06,3.33739962334738e-06,100,100
0.949,2,2,3,3,2,8.92183172099614e-06,9.35431984130599e-06,8.85947974807396e-06,2.95935237089926e-06,3.08249695423724e-06,3.33397418384298e-06,100,100
0.95,2,2,3,3,2,8.93181378113844e-06,9.33790267532521e-06,8.85528808518217e-06,2.96199284595719e-06,3.07002483833541e-06,3.33046342859339e-06,100,100
0.951,2,2,3,3,2,8.94124805575376e-06,9.32143076718747e-06,8.85140763726978e-06,2.95308829954638e-06,3.05745229486717e-06,3.32689594898129e-06,100,100
0.952,2,2,3,3,2,8.95013056400057e-06,9.30494145814939e-06,8.84782504034629e-06,2.92686114177667e-06,3.04478557106968e-06,3.32332416858568e-06,100,100
0.953,2,2,3,3,2,8.96584632344658e-06,9.28845715761768e-06,8.84452740900397e-06,2.90027807589438e-06,3.03203434256338e-06,3.31980628340218e-06,100,100
0.954,2,2,3,3,2,8.98488018781558e-06,9.27198714094277e-06,8.84149632975452e-06,2.87337476176116e-06,3.01921669798072e-06,3.31638422156125e-06,100,100
0.955,2,2,3,3,2,9.00387242672462e-06,9.25553067744862e-06,8.83869915777596e-06,2.84614284972252e-06,3.01061478433941e-06,3.31310251596563e-06,100,100
0.956,2,2,3,3,2,9.00735675505905e-06,9.23906611591019e-06,8.83608335768227e-06,2.81854677574963e-06,3.01710145631991e-06,3.31002565472815e-06,100,100
0.957,2,2,3,3,2,9.00566118851863e-06,9.22257201746361e-06,8.83360195086957e-06,2.79059413514094e-06,3.0239154057633e-06,3.30719401033068e-06,100,100
0.958,2,2,3,3,2,9.00412044713211e-06,9.20604914285038e-06,8.83123836168702e-06,2.76231590978521e-06,3.02064199738441e-06,3.30462757906603e-06,100,100
0.959,2,2,3,3,2,9.0027897362176e-06,9.18951631793425e-06,8.82897682561509e-06,2.73373963737519e-06,3.01335324146733e-06,3.29954404794498e-06,100,100
0.96,2,2,3,3,2,9.00172441034811e-06,9.17300510548363e-06,8.82679715922388e-06,2.70884593244981e-06,3.00546562257984e-06,3.29380460444167e-06,100,100
0.961,2,2,3,3,2,9.00097779715673e-06,9.15655598563986e-06,8.82469694750754e-06,2.69515569679302e-06,2.99700093453599e-06,3.28827018503962e-06,100,100
0.962,2,2,3,3,2,9.00056983405508e-06,9.14020707498595e-06,8.8226800518758e-06,2.690435548991e-06,2.98800380595752e-06,3.28295835905747e-06,100,100
0.963,2,2,3,3,2,9.00047724556448e-06,9.1239967333295e-06,8.82074481474266e-06,2.68806226719107e-06,2.97851765550505e-06,3.27787520958667e-06,100,100
0.964,2,2,3,3,2,9.0007178650925e-06,9.10798997395334e-06,8.81889561235887e-06,2.69246557800765e-06,2.96857607482005e-06,3.27299815420856e-06,100,100
0.965,2,2,3,3,2,9.00137253122755e-06,9.09228120041804e-06,8.81714091172906e-06,2.69646380128072e-06,2.95822319219972e-06,3.26829845979436e-06,100,100
0.966,2,2,3,3,2,9.00248591503759e-06,9.07693716744958e-06,8.81547734621018e-06,2.70006722436594e-06,2.9475200938179e-06,3.26375228509475e-06,100,100
0.967,2,2,3,3,2,9.00400630882769e-06,9.06196637191499e-06,8.81390288731649e-06,2.70326361663138e-06,2.9365377111321e-06,3.25933916633928e-06,100,100
0.968,2,2,2,2,2,9.00583572586682e-06,9.0473521577569e-06,8.81242264922583e-06,2.70600893984444e-06,2.92533974557334e-06,3.2550414829831e-06,100,100
0.969,2,2,2,2,2,9.00788557181428e-06,9.03307109447336e-06,8.81103601308354e-06,2.70828067719794e-06,2.91397333940992e-06,3.25084252727438e-06,100,100
0.97,2,2,2,2,2,9.01009180063768e-06,9.01910703464926e-06,8.80974050171425e-06,2.71953155763422e-06,2.90248894586933e-06,3.24671662142731e-06,100,100
0.971,2,2,2,2,2,9.00545689173127e-06,9.00545689173127e-06,8.8085335330366e-06,2.73339602140417e-06,2.87587209093262e-06,3.24263155069547e-06,100,100
0.972,2,2,2,2,2,8.99213172617597e-06,8.99213172617597e-06,8.82522283688763e-06,2.74668376523302e-06,2.85811075335591e-06,3.23857509181268e-06,100,100
0.973,2,2,2,2,2,8.97916952192722e-06,8.97916952192722e-06,8.84264147122163e-06,2.75939181375686e-06,2.86890237382049e-06,3.23454790182123e-06,100,100
0.974,2,2,2,2,2,8.96661132168687e-06,8.96661132168687e-06,8.85167992089038e-06,2.77153212851828e-06,2.87786019749073e-06,3.23052791620478e-06,100,100
0.975,2,2,2,2,2,8.95790262195316e-06,8.95790262195316e-06,8.84536281534072e-06,2.78313476329739e-06,2.88629148195429e-06,3.22645841679516e-06,100,100
0.976,2,2,2,2,2,8.95097110691629e-06,8.95097110691629e-06,8.8390915055746e-06,2.78785407546062e-06,2.89490294356862e-06,3.22228012510411e-06,100,100
0.977,2,2,2,2,2,8.94411520549346e-06,8.94411520549346e-06,8.83290496884446e-06,2.77558698018866e-06,2.90368061104175e-06,3.21797162907839e-06,100,100
0.978,2,2,2,2,2,8.93734551337354e-06,8.93734551337354e-06,8.82683012013004e-06,2.76309508788394e-06,2.91261208203709e-06,3.21354197076304e-06,100,100
0.979,2,2,2,2,2,8.93066890663281e-06,8.93066890663281e-06,8.82086336507918e-06,2.75043572809593e-06,2.92173034002306e-06,3.20898423255004e-06,100,100
0.98,2,2,1,1,2,8.92408686771063e-06,8.92408686771063e-06,8.81499576589629e-06,2.73765370829125e-06,2.93107784649021e-06,3.20428524586788e-06,100,100
0.981,2,2,1,1,2,8.91760627024501e-06,8.91760627024501e-06,8.80920495335719e-06,2.73541852765044e-06,2.94067113170214e-06,3.19944054963962e-06,100,100
0.982,2,2,1,1,2,8.91123650711269e-06,8.91123650711269e-06,8.8034386333809e-06,2.75136312696325e-06,2.95051719403231e-06,3.19442276660606e-06,100,100
0.983,2,2,1,1,2,8.9049949729908e-06,8.9049949729908e-06,8.8005273959917e-06,2.77896472620974e-06,2.96061499090982e-06,3.1891944692032e-06,100,100
0.984,2,2,1,1,2,8.89890245215245e-06,8.89890245215245e-06,8.80056182276605e-06,2.806082488343e-06,2.97095556905869e-06,3.18373140656197e-06,100,100
0.985,2,2,1,1,2,8.89297763429234e-06,8.89297763429234e-06,8.80072991479821e-06,2.83271405245685e-06,2.98153273611732e-06,3.1780086603335e-06,100,100
0.986,2,2,1,1,2,8.88726649457053e-06,8.88726649457053e-06,8.80105424461937e-06,2.8588512359268e-06,2.99233673885969e-06,3.17200235459638e-06,100,100
0.987,2,2,1,1,2,8.88183043879752e-06,8.88183043879752e-06,8.80157367200345e-06,2.8844933960051e-06,3.00335950053129e-06,3.1657084576813e-06,100,100
0.988,1,2,1,1,2,8.8767021616358e-06,8.8767021616358e-06,8.80233284053419e-06,2.89434666604226e-06,3.01070050328415e-06,3.15913813221428e-06,100,100
0.989,1,2,1,1,2,8.87189550168025e-06,8.87189550168025e-06,8.80337941640028e-06,2.90054325812745e-06,3.00492264050524e-06,3.15230991293227e-06,100,100
0.99,1,2,1,1,2,8.8674378665375e-06,8.8674378665375e-06,8.8047434935156e-06,2.90651573082114e-06,2.9993591335335e-06,3.14524656820316e-06,100,100
0.991,1,2,1,1,2,8.86337580222316e-06,8.86337580222316e-06,8.80645148825202e-06,2.9122500279889e-06,2.99399009812645e-06,3.13794806452779e-06,100,100
0.992,1,2,1,1,2,8.85973638360032e-06,8.85973638360032e-06,8.80853901701176e-06,2.91770318729055e-06,2.98880827877817e-06,3.1303892585171e-06,100,100
0.993,1,2,1,1,2,8.85651768917626e-06,8.85651768917626e-06,8.81103734173781e-06,2.92282408912156e-06,2.98378182122855e-06,3.12256133382499e-06,100,100
0.994,1,2,1,1,2,8.85373245207962e-06,8.85373245207962e-06,8.81395812370244e-06,2.92757397343098e-06,2.97884519234288e-06,3.114472762171e-06,100,100
0.995,1,1,1,1,2,8.8513899126953e-06,8.8513899126953e-06,8.8172994991677e-06,2.93192894948319e-06,2.97393917288698e-06,3.10612562258786e-06,100,100
0.996,1,1,1,1,2,8.84948431394806e-06,8.84948431394806e-06,8.82108234842541e-06,2.93587853936155e-06,2.96902534012844e-06,3.09752323409519e-06,100,100
0.997,1,1,1,1,2,8.84802211022204e-06,8.84802211022204e-06,8.82533470341609e-06,2.93944519871226e-06,2.96408296227256e-06,3.08868037098697e-06,100,100
0.998,1,1,1,1,2,8.8470027983063e-06,8.8470027983063e-06,8.83007876691329e-06,2.94267221150712e-06,2.95908995012744e-06,3.07964034268651e-06,100,100
0.999,1,1,1,1,2,8.84640047297568e-06,8.84640047297568e-06,8.83533813734925e-06,2.94557760675632e-06,2.95399372300867e-06,3.07045517170471e-06,100,100
1,1,1,1,1,2,8.84616731924967e-06,8.84616731924967e-06,8.84109739879061e-06,2.94815389460239e-06,2.94606802490976e-06,3.06113310603207e-06,100,100
1.001,1,1,1,1,2,8.84625126075743e-06,8.84625126075743e-06,8.84729515654498e-06,2.9328283083468e-06,2.91377558830054e-06,3.05166724742153e-06,100,100
1.002,1,1,1,1,2,8.84659892267899e-06,8.82720726999811e-06,8.8538529566463e-06,2.9241296758109e-06,2.87637468899954e-06,3.04207354294636e-06,100,100
1.003,1,1,1,1,2,8.84713577988622e-06,8.80026381956638e-06,8.84473330060324e-06,2.9146901963422e-06,2.83780311965414e-06,3.03236631756744e-06,100,100
1.004,1,1,1,1,2,8.84777579323384e-06,8.77287863707654e-06,8.82516866525701e-06,2.90449104469081e-06,2.84034375033677e-06,3.02254476369346e-06,100,100
1.005,1,1,1,1,2,8.84842595838402e-06,8.74502659650452e-06,8.80512291690004e-06,2.91073082646439e-06,2.84928777696992e-06,3.01261097642952e-06,100,100
1.006,1,1,1,1,2,8.84898305818766e-06,8.71666375875727e-06,8.78456336619621e-06,2.93275936278689e-06,2.82882613146828e-06,3.00256871506441e-06,100,100
1.007,1,1,1,1,2,8.84936340151168e-06,8.68490412669906e-06,8.76345244714199e-06,2.9394578616673e-06,2.80800986682525e-06,2.99242069136559e-06,100,100
1.008,1,1,1,1,2,8.84951314994247e-06,8.67382038095226e-06,8.74177327911608e-06,2.92722186366101e-06,2.78683974022893e-06,2.99126626583412e-06,100,100
1.009,1,1,1,1,2,8.84937565673957e-06,8.66716917740905e-06,8.71950774534923e-06,2.91451898276102e-06,2.76529947277059e-06,3.02389419646144e-06,100,100
1.01,1,1,1,1,2,8.84889055177194e-06,8.6602447177625e-06,8.69662700039724e-06,2.90133745497506e-06,2.74338774289627e-06,3.05666712919432e-06,100,100
1.011,1,1,1,1,2,8.84800955070824e-06,8.65294777213416e-06,8.6778746126115e-06,2.88765087452295e-06,2.72112722021433e-06,3.08944046821094e-06,100,100
1.012,1,1,1,1,2,8.84667253160291e-06,8.64515585623884e-06,8.67663538711382e-06,2.8734274149411e-06,2.69851423956388e-06,3.08139316126871e-06,100,100
1.013,1,1,1,1,2,8.82958659303018e-06,8.63674950349349e-06,8.67520943187297e-06,2.85865575731362e-06,2.6955373549168e-06,3.04326602019934e-06,100,100
1.014,1,1,1,1,2,8.79853149727231e-06,8.62762999246556e-06,8.67349475571062e-06,2.86694701729767e-06,2.65621799063238e-06,3.00420084774675e-06,100,100
1.015,1,1,1,1,3,8.76620944107733e-06,8.61770930890683e-06,8.67139331788481e-06,2.88541232634449e-06,2.63406312296365e-06,2.96418636198836e-06,100,100
1.016,1,1,1,1,3,8.73262704090133e-06,8.60689945416692e-06,8.66879884905142e-06,2.90330616305152e-06,2.62262086513332e-06,2.96551096985979e-06,100,100
1.017,1,1,1,1,3,8.69779154869616e-06,8.59510844120105e-06,8.6702093036209e-06,2.92054087709205e-06,2.59648930385874e-06,2.98005898619271e-06,100,100
1.018,1,1,1,1,3,8.66170750425314e-06,8.5822346265909e-06,8.67799313882231e-06,2.91368546890018e-06,2.56525848209331e-06,2.99412096468566e-06,100,100
1.019,1,1,1,1,3,8.6243712386965e-06,8.56816030552277e-06,8.685633744674e-06,2.89664607021968e-06,2.5336552342945e-06,3.00769162318064e-06,100,100
1.02,1,1,1,1,3,8.58578875760214e-06,8.55277658790163e-06,8.69308877629382e-06,2.87949001094474e-06,2.5024679456079e-06,3.02078022773233e-06,100,100
1.021,1,1,1,1,3,8.54598920760911e-06,8.53601478519143e-06,8.70029981008317e-06,2.86217484752571e-06,2.49740743546571e-06,3.03342006803129e-06,100,100
1.022,1,1,1,1,3,8.51782385176601e-06,8.51782385176601e-06,8.70718810695977e-06,2.8446410161521e-06,2.49212771072793e-06,3.04565505018563e-06,100,100
1.023,1,1,1,1,3,8.49815876314916e-06,8.49815876314916e-06,8.71367023860203e-06,2.82682743193076e-06,2.51303545257312e-06,3.05753913353044e-06,100,100
1.024,1,1,1,1,3,8.47700375492817e-06,8.47700375492817e-06,8.71966971518168e-06,2.80867054414779e-06,2.53781355541648e-06,3.06912777791852e-06,100,100
1.025,1,1,1,1,3,8.45437493841834e-06,8.45437493841834e-06,8.72510887326467e-06,2.79010211668905e-06,2.56238495751381e-06,3.04491735326228e-06,100,100
1.026,1,1,1,1,3,8.43029571739687e-06,8.43029571739687e-06,8.7299045099784e-06,2.7710582583775e-06,2.5967294565193e-06,3.03893330739143e-06,100,100
1.027,1,1,1,1,3,8.41932129350958e-06,8.404781699552e-06,8.73398787517363e-06,2.75148704950205e-06,2.63328216359626e-06,3.03427231304256e-06,100,100
1.028,1,1,1,1,3,8.41839777063228e-06,8.37785731602126e-06,8.73732523138926e-06,2.76412158803833e-06,2.67198183154356e-06,3.02862501109954e-06,100,100
1.029,1,1,1,1,3,8.41667209671877e-06,8.34956073362687e-06,8.73990282406495e-06,2.77024642419183e-06,2.70481335989497e-06,2.99648706200958e-06,100,100
1.03,1,1,1,1,3,8.41418451976736e-06,8.31994503271042e-06,8.74171868045628e-06,2.77317584174934e-06,2.72772424123061e-06,2.97463750157396e-06,100,100
1.031,1,1,1,1,3,8.41096715074431e-06,8.29718865363554e-06,8.74278217540329e-06,2.79494313583375e-06,2.76222979169771e-06,2.95467958641247e-06,100,100
1.032,1,1,1,1,3,8.40704948644226e-06,8.28456775640771e-06,8.73972729658455e-06,2.8358554302732e-06,2.79673389670736e-06,2.97160740275608e-06,100,100
1.033,1,1,1,1,3,8.4024416883989e-06,8.27191097135856e-06,8.73525637494647e-06,2.8415236614939e-06,2.80332424100167e-06,2.94543379333246e-06,100,100
1.034,1,1,1,1,3,8.39712648048799e-06,8.259218410374e-06,8.73346080442902e-06,2.87300558856608e-06,2.79763831827081e-06,2.89888591578444e-06,100,100
1.035,1,1,1,1,3,8.39111821626311e-06,8.24650646887662e-06,8.73576113394145e-06,2.8853768809684e-06,2.79255784578146e-06,2.87910547844543e-06,100,100
1.036,1,1,1,1,3,8.39312539771326e-06,8.23379686844735e-06,8.73755779133016e-06,2.87514632630279e-06,2.77049511910484e-06,2.86124090005788e-06,100,100
1.037,1,1,1,1,3,8.39355695163604e-06,8.22111442589967e-06,8.73886452747858e-06,2.85782978112743e-06,2.75755388609667e-06,2.84376271978497e-06,100,100
1.038,1,1,1,1,3,8.3948613506273e-06,8.2202375732978e-06,8.73972653704525e-06,2.84099742827125e-06,2.74763841152834e-06,2.82664457985654e-06,100,100
1.039,1,1,1,1,3,8.39700078643749e-06,8.2519219359773e-06,8.74019227988853e-06,2.82462910076945e-06,2.73859506827213e-06,2.83037566204866e-06,100,100
1.04,1,1,1,1,3,8.39995460234984e-06,8.28475734625436e-06,8.73403164138156e-06,2.81085159030577e-06,2.73034841296693e-06,2.84355251896267e-06,100,100
1.041,1,1,1,1,2,8.41846312142725e-06,8.31864145227134e-06,8.72033411114176e-06,2.80938486968278e-06,2.72281873236277e-06,2.85654491853087e-06,100,100
1.042,1,1,1,1,2,8.44422752553993e-06,8.35346361394683e-06,8.71551088421562e-06,2.79128722110455e-06,2.71596212586532e-06,2.85448147379641e-06,100,100
1.043,1,1,1,1,2,8.47117615746523e-06,8.38910882948825e-06,8.71037230459474e-06,2.77320953439294e-06,2.70975483488408e-06,2.85362623039343e-06,100,100
1.044,1,1,1,1,2,8.49923476625755e-06,8.42545764066106e-06,8.70498471232363e-06,2.75516707925e-06,2.70417164943625e-06,2.85398532591462e-06,100,100
1.045,1,1,1,1,2,8.52830238844837e-06,8.44843484664163e-06,8.69941099506439e-06,2.74316879625454e-06,2.70414048975961e-06,2.84963568102931e-06,100,100
1.046,1,1,1,1,3,8.55584006392613e-06,8.450424193739e-06,8.69368713480999e-06,2.74874987045408e-06,2.72375073278271e-06,2.83965304605288e-06,100,100
1.047,1,1,1,1,3,8.5649284922439e-06,8.45255962848791e-06,8.6878429324484e-06,2.75469056866158e-06,2.73676630194394e-06,2.83348509612881e-06,100,100
1.048,1,1,1,1,3,8.56684940809164e-06,8.45476911924538e-06,8.68193158653549e-06,2.79453345133708e-06,2.7513808048879e-06,2.86748349117706e-06,100,100
1.049,1,1,1,1,3,8.56898882174659e-06,8.45698536956713e-06,8.67598940722089e-06,2.83506631833386e-06,2.76754058865619e-06,2.90231016111204e-06,100,100
1.05,1,1,1,1,3,8.57134951492823e-06,8.45915381869834e-06,8.67002619612624e-06,2.86309886541829e-06,2.78517226424134e-06,2.93790378276998e-06,100,100
1.051,1,1,1,1,3,8.57392958455982e-06,8.46123304986092e-06,8.66403896779294e-06,2.87153202777618e-06,2.80419427961561e-06,2.97419478573483e-06,100,100
1.052,1,1,1,1,3,8.57672595811774e-06,8.46316503961731e-06,8.65802732327245e-06,2.88158248765982e-06,2.80506939218063e-06,3.0111016993257e-06,100,100
1.053,1,1,1,1,3,8.57975553023741e-06,8.46487664305794e-06,8.68109039656427e-06,2.88735438392495e-06,2.78934027736611e-06,3.0485458918633e-06,100,100
1.054,1,1,1,1,3,8.58304616270003e-06,8.46631346746875e-06,8.70472480296053e-06,2.8780803268448e-06,2.78560445662184e-06,3.08644468513774e-06,100,100
1.055,1,1,1,1,3,8.58660957425519e-06,8.46743114916792e-06,8.72779755620668e-06,2.87024684678768e-06,2.78495040442293e-06,3.1246877246485e-06,100,100
1.056,1,1,1,1,3,8.59045326640662e-06,8.4681858471811e-06,8.75019476016205e-06,2.85081704476421e-06,2.77130368388824e-06,3.16315790048329e-06,100,100
1.057,1,1,1,1,3,8.59456781404114e-06,8.46854531791631e-06,8.77180672581074e-06,2.83136187630929e-06,2.75628116075464e-06,3.20175583461992e-06,100,100
1.058,1,1,1,1,3,8.5989231951238e-06,8.47532997619805e-06,8.79254001733965e-06,2.81278252923342e-06,2.74082407392715e-06,3.20814794927689e-06,100,100
1.059,1,1,1,1,3,8.6034979734466e-06,8.49442988417041e-06,8.8123245482709e-06,2.79155549929104e-06,2.72502050827551e-06,3.20595756014609e-06,100,100
1.06,1,1,1,1,3,8.60828053013718e-06,8.53315632260889e-06,8.83111464525377e-06,2.81312430899949e-06,2.72936191737381e-06,3.2036907270514e-06,100,100
1.061,1,1,1,1,3,8.61457557340725e-06,8.5814792138627e-06,8.84888764055405e-06,2.8358324395905e-06,2.77009719907019e-06,3.20132395993129e-06,100,100
1.062,1,1,1,1,3,8.64619369886357e-06,8.6029410468313e-06,8.88422507372136e-06,2.85391120224691e-06,2.78243981912871e-06,3.19883265684186e-06,100,100
1.063,1,1,1,1,3,8.67622615695801e-06,8.62439215365032e-06,8.93386628786592e-06,2.86194604134676e-06,2.78831311496163e-06,3.19622116088285e-06,100,100
1.064,1,1,1,1,3,8.70467131131511e-06,8.64578535833502e-06,8.98202457413609e-06,2.89178401614977e-06,2.81443882831274e-06,3.2154657350649e-06,100,100
1.065,1,1,1,1,3,8.71700937346858e-06,8.66709044079464e-06,9.01541112650322e-06,2.92338862268813e-06,2.84182844563252e-06,3.25482315665896e-06,100,100
1.066,1,1,1,1,3,8.71483880029661e-06,8.66443287409441e-06,9.04120131079646e-06,2.95674617333487e-06,2.8701577499493e-06,3.29382924206237e-06,100,100
1.067,1,1,1,1,3,8.71137164643716e-06,8.64733266669105e-06,9.06509113109369e-06,2.99182132928466e-06,2.89942649160052e-06,3.33241487889184e-06,100,100
1.068,2,1,2,2,3,8.70660954451417e-06,8.62964814687874e-06,9.08705075053358e-06,3.0285834387312e-06,2.9296210717969e-06,3.37046076813326e-06,100,100
1.069,2,1,2,2,3,8.70057466714721e-06,8.61133266645352e-06,9.10704055468603e-06,3.06700758993875e-06,2.96975023217299e-06,3.40785218467351e-06,100,100
1.07,2,1,2,2,3,8.69799686309678e-06,8.59234702337111e-06,9.12504144270196e-06,3.10705926686774e-06,3.01262237243182e-06,3.42480496774057e-06,100,100
1.071,2,1,2,2,3,8.71122872312047e-06,8.5726753782431e-06,9.14105516995942e-06,3.14870431728846e-06,3.0556721349607e-06,3.43398574689377e-06,100,100
1.072,2,1,2,2,3,8.72361392292123e-06,8.55231639968296e-06,9.15506961863803e-06,3.19191422291328e-06,3.08083759692963e-06,3.44311721632772e-06,100,100
1.073,2,1,2,2,3,8.69874543046102e-06,8.53303564728859e-06,9.16706614395368e-06,3.23666191111887e-06,3.09438376832755e-06,3.45219671861653e-06,100,100
1.074,2,2,2,2,3,8.68309562480311e-06,8.53347277743762e-06,9.17703393760362e-06,3.24832241141129e-06,3.10676673915938e-06,3.45374981941348e-06,100,100
1.075,2,2,2,2,3,8.68800118481719e-06,8.533677589537e-06,9.18497086066405e-06,3.23798011218802e-06,3.11797757250939e-06,3.44208760467093e-06,100,100
1.076,2,2,3,2,3,8.6927639530352e-06,8.53364159511325e-06,9.19087037943665e-06,3.22165371551939e-06,3.12802166179292e-06,3.41530508181183e-06,100,100
1.077,2,2,3,2,3,8.69737241910874e-06,8.53335379814238e-06,9.19470454176494e-06,3.20471212764284e-06,3.13689425386909e-06,3.37605485928338e-06,100,100
1.078,2,2,3,2,3,8.70180444809077e-06,8.53279261246932e-06,9.1964481301217e-06,3.18724673423922e-06,3.13006735776444e-06,3.33740860950383e-06,100,100
1.079,2,2,3,2,3,8.70603122698968e-06,8.53192978701554e-06,9.19609241680954e-06,3.1693492940641e-06,3.12134334726046e-06,3.29940424027281e-06,100,100
1.08,2,2,3,2,3,8.71004051526863e-06,8.53075363643271e-06,9.19363621951317e-06,3.15110719868086e-06,3.11890150436212e-06,3.26208545465539e-06,100,100
1.081,2,2,3,2,4,8.7138375820417e-06,8.5292699928733e-06,9.18908336261048e-06,3.13261905292063e-06,3.11586486687445e-06,3.23204422972226e-06,100,100
1.082,2,2,3,2,4,8.71743456056872e-06,8.52749156173392e-06,9.18243036025693e-06,3.11400545204187e-06,3.11964982075668e-06,3.2210125029377e-06,100,100
1.083,2,2,3,2,4,8.72083854108936e-06,8.52542603395031e-06,9.17366607772497e-06,3.11196440036268e-06,3.12136161935857e-06,3.20999676897428e-06,100,100
1.084,2,2,3,2,4,8.72404645647744e-06,8.52307099111035e-06,9.16277752603467e-06,3.11619961065156e-06,3.1212895820411e-06,3.21534884266468e-06,100,100
1.085,2,2,3,2,4,8.72940620504766e-06,8.52041840968367e-06,9.14977033773742e-06,3.12573064259129e-06,3.12686097308555e-06,3.2345936906398e-06,100,100
1.086,2,2,3,2,4,8.73633159232553e-06,8.51745244610012e-06,9.13466536274656e-06,3.16266812557529e-06,3.15356387727117e-06,3.22585240109466e-06,100,100
1.087,2,2,3,2,4,8.74334944460186e-06,8.51416170729288e-06,9.11746625246499e-06,3.17876523779905e-06,3.16390527344204e-06,3.23777590791348e-06,100,100
1.088,2,2,3,2,4,8.75047535055327e-06,8.5105386925135e-06,9.09817439799687e-06,3.18280029163325e-06,3.16436908583072e-06,3.26637738971153e-06,100,100
1.089,2,2,3,2,4,8.75772652828914e-06,8.50657963844248e-06,9.07682112157603e-06,3.20624683141394e-06,3.15081077411476e-06,3.30339267753192e-06,100,100
1.09,2,2,3,2,4,8.76512291486875e-06,8.50228945117272e-06,9.06092661339142e-06,3.22969610609484e-06,3.15494441656312e-06,3.33342002304689e-06,100,100
1.091,2,2,3,2,4,8.77268172605266e-06,8.49767284587458e-06,9.06572127870327e-06,3.2531318357227e-06,3.14765076898675e-06,3.35593451445457e-06,100,100
1.092,2,2,3,2,4,8.78042019566691e-06,8.49273202707278e-06,9.06958111981427e-06,3.27557519210671e-06,3.13872793815659e-06,3.36068751455897e-06,100,100
1.093,2,2,3,2,4,8.78834017145836e-06,8.48744631420514e-06,9.07250543749561e-06,3.28938662001572e-06,3.15884139148122e-06,3.34881982034245e-06,100,100
1.094,2,2,3,2,4,8.79643152107036e-06,8.48177402974165e-06,9.07448737316118e-06,3.32297308594687e-06,3.19011117052151e-06,3.33810988044468e-06,100,100
1.095,2,2,3,2,4,8.8046873511242e-06,8.4756952897481e-06,9.07554785671022e-06,3.3459101886779e-06,3.22102202320289e-06,3.3325385744974e-06,100,100
1.096,2,2,3,2,4,8.81309677841935e-06,8.46920744859705e-06,9.07571280407877e-06,3.36860294532154e-06,3.25156496619218e-06,3.33937094408366e-06,100,100
1.097,2,2,3,2,4,8.82164776030036e-06,8.46229698270062e-06,9.07499902432591e-06,3.37874690923617e-06,3.2817283101554e-06,3.34665734325165e-06,100,100
1.098,2,2,3,2,4,8.83032021253006e-06,8.45493760664653e-06,9.0734136085805e-06,3.38106171173851e-06,3.31151142770399e-06,3.35749164336634e-06,100,100
1.099,2,2,3,2,4,8.83908589255462e-06,8.45894139072841e-06,9.07097544301974e-06,3.37621175855253e-06,3.3305448522122e-06,3.36785432643516e-06,100,100
1.1,2,2,3,2,4,8.84792849865149e-06,8.47572529032629e-06,9.06773356726038e-06,3.37142418709962e-06,3.34181459845746e-06,3.34997578674967e-06,100,100
1.101,2,2,3,2,4,8.85684595483193e-06,8.49169640940235e-06,9.06372904481243e-06,3.36674919543416e-06,3.353175157925e-06,3.35728100769416e-06,100,100
1.102,2,2,3,2,4,8.86583349202944e-06,8.50687591528523e-06,9.05899579392186e-06,3.36222519046133e-06,3.38117002683529e-06,3.3546126579948e-06,100,100
1.103,2,2,3,2,4,8.87488791571765e-06,8.52128467214997e-06,9.05357260988506e-06,3.35789418935766e-06,3.41813483184104e-06,3.36853360263434e-06,100,100
1.104,2,2,3,2,4,8.88402546982471e-06,8.53496530499023e-06,9.04745597840016e-06,3.35381006555841e-06,3.45044517094097e-06,3.39428348705296e-06,100,100
1.105,2,2,3,2,4,8.89327815780018e-06,8.54798754459565e-06,9.04060741211514e-06,3.35002868997194e-06,3.45580015335905e-06,3.41596808549544e-06,100,100
1.106,2,2,3,2,4,8.90266988277937e-06,8.56040647844905e-06,9.03301427941922e-06,3.34659484711022e-06,3.43279013389035e-06,3.42126102559862e-06,100,100
1.107,2,2,3,2,4,8.91220669415162e-06,8.57225606008786e-06,9.0246960102142e-06,3.32694154045792e-06,3.38605694913861e-06,3.40414464144466e-06,100,100
1.108,2,2,3,2,4,8.92188472233513e-06,8.58353544166352e-06,9.01566578635368e-06,3.30119756531393e-06,3.33992173284817e-06,3.38705005491794e-06,100,100
1.109,2,2,3,2,4,8.93171021888044e-06,8.59424113619342e-06,9.0059374222034e-06,3.27613189466829e-06,3.31104746785252e-06,3.36991702882676e-06,100,100
1.11,1,2,2,1,4,8.94171367116649e-06,8.60442110474011e-06,9.02925109340965e-06,3.23611189596882e-06,3.32759664339009e-06,3.35269940326408e-06,100,100
1.111,1,3,2,1,4,8.9519184973955e-06,8.61414861086393e-06,9.0608641835312e-06,3.20235926815275e-06,3.36266233890838e-06,3.32369899260613e-06,100,100
1.112,1,3,2,1,4,8.96232637665497e-06,8.62348589061577e-06,9.09303825857794e-06,3.20496355004197e-06,3.37754904003008e-06,3.27033183183631e-06,100,100
1.113,1,3,2,1,4,8.96993499642581e-06,8.63248039202158e-06,9.1256806058685e-06,3.18243322435412e-06,3.35914589821906e-06,3.25826832644706e-06,100,100
1.114,1,2,2,1,4,8.97778721400768e-06,8.64117441337763e-06,9.15869780282699e-06,3.20272062054087e-06,3.3408526216068e-06,3.23641839285597e-06,100,100
1.115,1,2,2,1,4,8.98604286900058e-06,8.6495966716462e-06,9.19201678253049e-06,3.23435973731168e-06,3.33841116872733e-06,3.21233027913711e-06,100,100
1.116,1,2,2,1,3,8.99466265694741e-06,8.6577691070473e-06,9.22558656983278e-06,3.23964698348356e-06,3.30959839231783e-06,3.18849029566069e-06,100,100
1.117,1,2,2,1,3,9.003597626302e-06,8.66572801796978e-06,9.25937078741985e-06,3.23411162815509e-06,3.28698788184109e-06,3.18052205641498e-06,100,100
1.118,1,2,2,1,3,9.01281492991679e-06,8.67349603578405e-06,9.29333071687575e-06,3.2280626145158e-06,3.26949141078273e-06,3.185430132121e-06,100,100
1.119,1,2,2,1,3,9.02228504909377e-06,8.68107271810786e-06,9.32739813091292e-06,3.22153594784007e-06,3.25229297486155e-06,3.1918101259906e-06,100,100
1.12,1,2,2,1,3,9.03196913244167e-06,8.68845464315002e-06,9.36147296419479e-06,3.21821206651828e-06,3.23896051568106e-06,3.19967227214979e-06,100,100
1.121,1,2,2,1,2,9.04182177313995e-06,8.69563544853233e-06,9.39544726508508e-06,3.25212033677361e-06,3.25577538802885e-06,3.20902045335023e-06,100,100
1.122,1,2,2,1,2,9.0520844738843e-06,8.7026003490862e-06,9.42923028496144e-06,3.28587793033882e-06,3.22697232924117e-06,3.2198353415184e-06,100,100
1.123,1,2,2,1,2,9.07210391854556e-06,8.70931436417631e-06,9.46275850972253e-06,3.31945739225095e-06,3.19760738692467e-06,3.21882594098553e-06,100,100
1.124,1,2,2,1,2,9.09407185463713e-06,8.71575575486001e-06,9.4959749502902e-06,3.35281916029924e-06,3.22396773009365e-06,3.20953979078343e-06,100,100
1.125,1,2,3,2,2,9.10487358996764e-06,8.72195104101963e-06,9.52882084976213e-06,3.35055434741198e-06,3.26323378779632e-06,3.20027264572725e-06,100,100
1.126,1,2,3,2,2,9.11549860481673e-06,8.72793657085523e-06,9.56123390524532e-06,3.3522444472374e-06,3.32182296416986e-06,3.19106228730157e-06,100,100
1.127,1,2,3,2,2,9.12589206080072e-06,8.73372442119855e-06,9.59313302459253e-06,3.40660076635994e-06,3.38874106690941e-06,3.19607572565625e-06,100,100
1.128,1,2,3,2,2,9.13599232577267e-06,8.70845816050949e-06,9.62443485511603e-06,3.4612608277587e-06,3.42131376035322e-06,3.18499335836133e-06,100,100
1.129,1,2,3,2,2,9.13563846472134e-06,8.67722093886062e-06,9.62923675330829e-06,3.50706742833148e-06,3.45409211464501e-06,3.17438897092011e-06,100,100
1.13,1,2,3,2,2,9.11729855248953e-06,8.6460726983867e-06,9.62810189416847e-06,3.48796591301361e-06,3.48703544387262e-06,3.16450104691619e-06,100,100
1.131,1,2,3,2,2,9.10378630246719e-06,8.61505259398043e-06,9.6260822720388e-06,3.42329432585229e-06,3.46353118034177e-06,3.16390438532901e-06,100,100
1.132,1,2,3,2,2,9.10525130417768e-06,8.58419611595364e-06,9.62317320857496e-06,3.33487587710561e-06,3.46228517182474e-06,3.17064609469716e-06,100,100
1.133,1,2,3,2,2,9.10645258555498e-06,8.55892413839087e-06,9.61940118574731e-06,3.24667032545983e-06,3.47897892712045e-06,3.17758315903067e-06,100,100
1.134,1,2,3,2,2,9.10740912964e-06,8.54170688456091e-06,9.60939475505306e-06,3.20090047698205e-06,3.50306706457491e-06,3.18472981180782e-06,100,100
1.135,1,2,3,2,2,9.10810856639319e-06,8.52478289730084e-06,9.58309568263827e-06,3.17147221060315e-06,3.52765609806803e-06,3.19212636948124e-06,100,100
1.136,2,2,3,3,3,9.10851871384144e-06,8.50817591838372e-06,9.56089130243887e-06,3.14941877593155e-06,3.55278372366466e-06,3.20357501561608e-06,100,100
1.137,2,2,3,3,3,9.10861322625848e-06,8.49190850135568e-06,9.56441898831394e-06,3.1580427397014e-06,3.57849133370447e-06,3.20376631171101e-06,100,100
1.138,2,2,3,3,3,9.10837243976575e-06,8.47596922392126e-06,9.56752237222803e-06,3.23125617448012e-06,3.60481427992321e-06,3.198022091936e-06,100,100
1.139,2,2,3,3,3,9.10776504942003e-06,8.46032785363956e-06,9.5701962228785e-06,3.29845514599227e-06,3.62742740564911e-06,3.18867471834951e-06,100,100
1.14,2,2,3,3,3,9.10675683232009e-06,8.44496920888089e-06,9.57242239004354e-06,3.26245377952527e-06,3.65131531865273e-06,3.18694892798539e-06,100,100
1.141,2,2,3,3,3,9.10533826218924e-06,8.42989870228907e-06,9.57416493712592e-06,3.19614653387767e-06,3.68753501662998e-06,3.19113525633971e-06,100,100
1.142,2,2,3,3,3,9.10350718517012e-06,8.41512695958404e-06,9.55783951124263e-06,3.14053074451954e-06,3.69233958138499e-06,3.1942959275212e-06,100,100
1.143,2,2,3,3,3,9.10124609692934e-06,8.40065482523141e-06,9.54302198222225e-06,3.12609280073097e-06,3.68398063752147e-06,3.22154229364858e-06,100,100
1.144,2,2,3,3,3,9.09855046394222e-06,8.38648790085513e-06,9.53259729655112e-06,3.12436591418534e-06,3.63949319880439e-06,3.2409603286013e-06,100,100
1.145,2,2,3,3,3,9.09542219303953e-06,8.3726813832195e-06,9.52179189161723e-06,3.15617709635653e-06,3.59642248494623e-06,3.23774906477143e-06,100,100
1.146,2,2,3,3,3,9.09187055192078e-06,8.35930139392045e-06,9.51063089269897e-06,3.19047888122899e-06,3.59242884472913e-06,3.23432822883531e-06,100,100
1.147,2,2,3,3,3,9.08792138874002e-06,8.3463794542689e-06,9.49917791241507e-06,3.19551779225191e-06,3.6157298483157e-06,3.23072145821423e-06,100,100
1.148,2,2,3,3,3,9.08359331393612e-06,8.33397216511416e-06,9.48748430809503e-06,3.18915265276232e-06,3.65438569374799e-06,3.22696151737097e-06,100,100
1.149,2,2,3,3,3,9.07891334936253e-06,8.33122980485665e-06,9.47556091445268e-06,3.18359391508354e-06,3.66666070676098e-06,3.22308771119385e-06,100,100
1.15,2,2,3,3,3,9.07391428233393e-06,8.33206242809147e-06,9.46344808964564e-06,3.17879428310257e-06,3.66953619606913e-06,3.21912451559629e-06,100,100
1.151,3,2,3,4,4,9.06861732583424e-06,8.33307934038866e-06,9.4512384257762e-06,3.1747286996206e-06,3.66939717685106e-06,3.21509804824396e-06,100,100
1.152,3,2,3,4,4,9.0630192618505e-06,8.3343371711786e-06,9.43904108741695e-06,3.19036475914372e-06,3.62036966694193e-06,3.21104713518729e-06,100,100
1.153,3,2,3,4,4,9.0570851700745e-06,8.33588249887345e-06,9.4269366096492e-06,3.21778802985227e-06,3.58918322834727e-06,3.20980589751476e-06,100,100
1.154,3,2,3,4,4,9.05078361621263e-06,8.33776239420091e-06,9.41496181360095e-06,3.22397790719178e-06,3.5660446915112e-06,3.22803775384579e-06,100,100
1.155,3,2,3,4,4,9.04409805041322e-06,8.34000397351896e-06,9.40314842625369e-06,3.22336202756627e-06,3.60066104517437e-06,3.24521392990993e-06,100,100
1.156,3,2,3,4,4,9.03700884381488e-06,8.34261476481489e-06,9.39154428806285e-06,3.19555746297265e-06,3.63963456231249e-06,3.25663164105443e-06,100,100
1.157,3,2,3,4,4,9.02949773843187e-06,8.34562281754155e-06,9.38019375144877e-06,3.16475463011963e-06,3.6772813843675e-06,3.2368483261733e-06,100,100
1.158,3,2,3,4,4,9.02155454033565e-06,8.34905132144202e-06,9.36913762803367e-06,3.13334310289291e-06,3.71363435835713e-06,3.20483094922237e-06,100,100
1.159,3,2,3,4,4,9.01317751092676e-06,8.35291053403198e-06,9.35842583984469e-06,3.08788677139644e-06,3.72313688493999e-06,3.21233692561271e-06,100,100
1.16,3,2,3,4,4,9.00437442065634e-06,8.35724127116652e-06,9.34808368101026e-06,3.05123983291741e-06,3.71322613816086e-06,3.22510004015103e-06,100,100
1.161,3,2,3,4,4,8.99516010928834e-06,8.36206054995615e-06,9.33811495513945e-06,3.03319021343022e-06,3.70379712233067e-06,3.2222714150829e-06,100,100
1.162,3,2,3,4,4,8.98553655645313e-06,8.3673354498967e-06,9.32854611536169e-06,3.00987407957491e-06,3.69486539449348e-06,3.2051781407382e-06,100,100
1.163,3,2,3,4,4,8.97549731813658e-06,8.37304844624173e-06,9.31939546644698e-06,2.98658072685173e-06,3.68643828178102e-06,3.19580513579818e-06,100,100
1.164,3,2,3,4,4,8.96507624015321e-06,8.37920733284689e-06,9.31064426904734e-06,2.963346083866e-06,3.65605091169506e-06,3.20235277557866e-06,100,100
1.165,3,2,3,4,4,8.95431812728065e-06,8.38581765360922e-06,9.30228487344805e-06,2.94023104099184e-06,3.61817226233793e-06,3.21100936137731e-06,100,100
1.166,3,2,3,4,4,8.94322794054302e-06,8.39724562675606e-06,9.29433705251879e-06,2.91680527363695e-06,3.58209223443106e-06,3.21908068612456e-06,100,100
1.167,3,2,3,4,4,8.93180311990662e-06,8.4126913308864e-06,9.28681830064918e-06,2.88698161987073e-06,3.55379177110475e-06,3.2266285681065e-06,100,100
1.168,3,2,3,4,4,8.92005277870144e-06,8.42886299171535e-06,9.27973483348384e-06,2.87646951290888e-06,3.54801055113465e-06,3.23369024404684e-06,100,100
1.169,3,2,3,4,4,8.90798810164663e-06,8.44567905949326e-06,9.27307877197942e-06,2.86917060057183e-06,3.54277461626528e-06,3.24029157295242e-06,100,100
1.17,3,2,3,4,4,8.89561907161031e-06,8.46303710887081e-06,9.26683586639179e-06,2.87782342504439e-06,3.53807609229531e-06,3.24791695502282e-06,100,100
1.171,3,2,3,4,4,8.88292738707469e-06,8.4808215750867e-06,9.26099060783945e-06,2.88597737261372e-06,3.53390892143719e-06,3.25318545084206e-06,100,100
1.172,3,2,3,4,4,8.87400989245404e-06,8.49891889430935e-06,9.25550862570122e-06,2.8935827465103e-06,3.5113181660994e-06,3.25002217887375e-06,100,100
1.173,3,2,3,4,4,8.87663889811597e-06,8.51724589579782e-06,9.25033058789187e-06,2.89250316556942e-06,3.46752430844701e-06,3.24722368334563e-06,100,100
1.174,3,2,3,4,4,8.87906907421306e-06,8.53572243906463e-06,9.2453927549948e-06,2.88791696017957e-06,3.44720842084681e-06,3.24920430747838e-06,100,100
1.175,3,2,3,4,4,8.8812191769169e-06,8.55421509613625e-06,9.24065069933017e-06,2.88524088484517e-06,3.44186172844837e-06,3.25768154425198e-06,100,100
1.176,3,2,3,4,4,8.88300149765074e-06,8.57257885349617e-06,9.23606728886691e-06,2.88986577082639e-06,3.43233298639409e-06,3.23584079531668e-06,100,100
1.177,3,2,3,4,4,8.88435558721093e-06,8.59070986508838e-06,9.23158829341046e-06,2.88846087400621e-06,3.41522523389789e-06,3.22614081742131e-06,100,100
1.178,3,2,3,4,4,8.88523380028225e-06,8.60854014796377e-06,9.22715552135473e-06,2.88130497130652e-06,3.38995169094189e-06,3.23980649458336e-06,100,100
1.179,3,2,3,4,4,8.8855827228972e-06,8.62602606894997e-06,9.22271925567611e-06,2.87465757804508e-06,3.35536074993744e-06,3.25782492875215e-06,100,100
1.18,3,2,3,4,4,8.88533140119749e-06,8.64309756952271e-06,9.21822921041684e-06,2.86850927680197e-06,3.32135531714857e-06,3.27476400550422e-06,100,100
1.181,3,2,3,4,4,8.88439825001193e-06,8.65965784666678e-06,9.21364771657004e-06,2.86286382586718e-06,3.28798223558443e-06,3.29058260716447e-06,100,100
1.182,3,2,3,4,4,8.88273019658266e-06,8.67714291186982e-06,9.20893926899642e-06,2.8439930226402e-06,3.25531076104282e-06,3.29700736493782e-06,100,100
1.183,3,2,3,4,4,8.88030140398333e-06,8.69773882768427e-06,9.20405940212461e-06,2.8293519824871e-06,3.22342942453639e-06,3.29972784288538e-06,100,100
1.184,3,2,3,4,4,8.87708588760122e-06,8.71684198081274e-06,9.19897591663249e-06,2.83170151810751e-06,3.19241246586775e-06,3.30217019219343e-06,100,100
1.185,3,2,3,4,4,8.87305775310326e-06,8.73439847865288e-06,9.19365718896664e-06,2.83458628730246e-06,3.16232700745918e-06,3.30428535208817e-06,100,100
1.186,3,2,3,4,4,8.86818869822598e-06,8.75034688039905e-06,9.18808044731884e-06,2.82918382320202e-06,3.13323594298611e-06,3.30252773930867e-06,100,100
1.187,3,2,3,4,4,8.86244648087619e-06,8.7646089130635e-06,9.18731103100543e-06,2.82212720457103e-06,3.10519804424755e-06,3.29403386820814e-06,100,100
1.188,3,2,3,4,4,8.85580505129881e-06,8.77711876482732e-06,9.20115393422914e-06,2.81522457505931e-06,3.07826836851958e-06,3.28382603807929e-06,100,100
1.189,3,2,3,4,4,8.84825374796585e-06,8.78785087114959e-06,9.21389909624265e-06,2.80842371515099e-06,3.05249894214446e-06,3.27309310073329e-06,100,100
1.19,3,2,3,4,4,8.83981583725688e-06,8.79681583425525e-06,9.22552182821937e-06,2.80167760138362e-06,3.02793922962987e-06,3.26187397925497e-06,100,100
1.191,3,2,3,4,4,8.83052493092494e-06,8.80403008474226e-06,9.23601158583455e-06,2.79495027837823e-06,3.0046337877844e-06,3.24683172163104e-06,100,100
1.192,3,2,3,4,4,8.8204089349324e-06,8.80951102908903e-06,9.24537532286092e-06,2.79589469550499e-06,2.98458594439869e-06,3.23114850888348e-06,100,100
1.193,3,2,3,4,4,8.80951535593396e-06,8.81330157897875e-06,9.25361801313422e-06,2.80293402496331e-06,2.96921047461822e-06,3.21516400861245e-06,100,100
1.194,3,2,3,4,4,8.79978636917194e-06,8.81544323066985e-06,9.26074100507473e-06,2.82900208588118e-06,2.95443664096995e-06,3.21171948576154e-06,100,100
1.195,3,2,3,4,4,8.80383446810886e-06,8.81595445851114e-06,9.26675649599418e-06,2.85392218189327e-06,2.94141412213905e-06,3.21530327492606e-06,100,100
1.196,3,2,3,4,4,8.806928030556e-06,8.81483822908719e-06,9.27166797335513e-06,2.86269384886784e-06,2.93004336312058e-06,3.21905668478044e-06,100,100
1.197,3,2,3,4,4,8.80904308444837e-06,8.81209732356524e-06,9.27545979021523e-06,2.86676309134065e-06,2.91951580471212e-06,3.22300819426874e-06,100,100
1.198,3,2,3,4,4,8.81018486450499e-06,8.81018486450499e-06,9.27813334305384e-06,2.87001617318982e-06,2.91507390210676e-06,3.22720247170372e-06,100,100
1.199,3,2,3,4,4,8.81039823206855e-06,8.81039823206855e-06,9.27971354297909e-06,2.85823724459278e-06,2.91507520730224e-06,3.23167419816764e-06,100,100
1.2,3,2,3,4,4,8.80973284822161e-06,8.80973284822161e-06,9.28021242573486e-06,2.84681011292206e-06,2.92527887305291e-06,3.22220527762969e-06,100,100
1.201,3,2,3,4,4,8.80824112802763e-06,8.80824112802763e-06,9.27966534716453e-06,2.83580142897387e-06,2.93752739635257e-06,3.20966159304557e-06,100,100
1.202,2,2,3,3,3,8.80598520429866e-06,8.80598520429866e-06,9.27814300691155e-06,2.82876980498928e-06,2.95090482204617e-06,3.19741632075046e-06,100,100
1.203,2,2,3,3,3,8.80299084374669e-06,8.80299084374669e-06,9.27569767910278e-06,2.82504794789009e-06,2.96323128340021e-06,3.18552542946702e-06,100,100
1.204,2,2,3,3,3,8.79927946342263e-06,8.79927946342263e-06,9.2723742838818e-06,2.82604169368362e-06,2.97454105493166e-06,3.17405515863825e-06,100,100
1.205,2,2,3,3,3,8.79490205580289e-06,8.79490205580289e-06,9.26821095339224e-06,2.83829475826953e-06,2.98484290988352e-06,3.16305900813257e-06,100,100
1.206,2,2,3,3,3,8.7898982272811e-06,8.7898982272811e-06,9.26322420617041e-06,2.85077742634851e-06,2.99415034786648e-06,3.15256783897036e-06,100,100
1.207,2,2,3,3,3,8.78426959118688e-06,8.78426959118688e-06,9.25742902444043e-06,2.86345130148426e-06,3.002499776768e-06,3.14260119515722e-06,100,100
1.208,2,2,3,3,3,8.77799924546542e-06,8.77799924546542e-06,9.25084428233177e-06,2.8762903190225e-06,3.00990978440043e-06,3.13316587720498e-06,100,100
1.209,2,2,3,3,3,8.77110958635552e-06,8.77110958635552e-06,9.24348908408466e-06,2.88922195582485e-06,3.01445916110467e-06,3.12427348103104e-06,100,100
1.21,2,2,3,3,3,8.76365315281349e-06,8.76365315281349e-06,9.23537639216075e-06,2.89340905177921e-06,3.00513934685067e-06,3.11594396426964e-06,100,100
1.211,2,2,3,3,3,8.75564997807555e-06,8.75564997807555e-06,9.22652842216715e-06,2.89228605901704e-06,2.99612280026244e-06,3.10817819627055e-06,100,100
1.212,2,2,3,3,3,8.74708138631076e-06,8.74708138631076e-06,9.21697962956786e-06,2.89074266867371e-06,2.98957075245072e-06,3.10096018261176e-06,100,100
1.213,2,2,3,3,3,8.73793819518778e-06,8.73793819518778e-06,9.2067459875577e-06,2.8887762439287e-06,2.98327658548301e-06,3.10206161208492e-06,100,100
1.214,2,2,3,3,3,8.72824684203839e-06,8.72824684203839e-06,9.19581342250794e-06,2.88638334527258e-06,2.98393073705382e-06,3.10571418942154e-06,100,100
1.215,2,2,3,3,3,8.71804037036232e-06,8.71804037036232e-06,9.18417066624036e-06,2.88354358788178e-06,2.9850227335676e-06,3.10837684337341e-06,100,100
1.216,2,2,3,3,3,8.70734693472753e-06,8.70734693472753e-06,9.17184901453084e-06,2.88022259521892e-06,2.98645953730846e-06,3.09459311629083e-06,100,100
1.217,2,2,3,3,3,8.69620770283931e-06,8.69620770283931e-06,9.15889572536297e-06,2.88166382132691e-06,2.98818527712675e-06,3.07521938458086e-06,100,100
1.218,2,2,3,3,3,8.68467453214519e-06,8.68467453214519e-06,9.14534763881429e-06,2.87912527382477e-06,2.99015437083028e-06,3.05564377125876e-06,100,100
1.219,2,2,3,3,3,8.67277896331318e-06,8.67277896331318e-06,9.13124930319681e-06,2.87356374420628e-06,2.99583176059319e-06,3.03592921916563e-06,100,100
1.22,2,2,3,3,3,8.66053281329257e-06,8.66053281329257e-06,9.11665326576666e-06,2.86758766265409e-06,3.00538033421452e-06,3.0164307314199e-06,100,100
1.221,2,2,3,3,3,8.64794791420285e-06,8.64794791420285e-06,9.10158922859986e-06,2.86126054971927e-06,3.01487964443028e-06,3.00394716058257e-06,100,100
1.222,2,2,3,3,3,8.63503891007183e-06,8.63503891007183e-06,9.08607101128272e-06,2.85463132872206e-06,3.02424026731089e-06,2.99495125127655e-06,100,100
1.223,2,2,3,3,3,8.62184283953427e-06,8.62184283953427e-06,9.07014240673554e-06,2.84775832963307e-06,3.03337632937984e-06,2.98707870064509e-06,100,100
1.224,2,2,3,3,3,8.60838820540067e-06,8.60838820540067e-06,9.05383430082281e-06,2.84071729200379e-06,3.03201825737092e-06,2.97915312100295e-06,100,100
1.225,2,2,3,3,3,8.59467221903118e-06,8.59467221903118e-06,9.03714044078245e-06,2.84059369406998e-06,3.01733462340967e-06,2.97117205275994e-06,100,100
1.226,2,2,3,3,3,8.58068887594813e-06,8.58068887594813e-06,9.02006368464539e-06,2.84395203843756e-06,3.00241299859968e-06,2.96313975946808e-06,100,100
1.227,2,2,3,3,3,8.56645774303761e-06,8.56645774303761e-06,9.00262570454423e-06,2.84743727574727e-06,2.98728555693865e-06,2.95508918681242e-06,100,100
1.228,2,2,3,3,3,8.55839312937927e-06,8.55205388970616e-06,8.98486878774273e-06,2.85102115536662e-06,2.97197582798313e-06,2.94703869819722e-06,100,100
1.229,2,2,3,3,3,8.55692943848369e-06,8.53757731827897e-06,8.96685593345127e-06,2.85468640832533e-06,2.95649503649552e-06,2.93899287302781e-06,100,100
1.23,2,1,3,3,3,8.55516341928724e-06,8.52311151680271e-06,8.94866606101116e-06,2.8584444539512e-06,2.94085354742252e-06,2.92873132262362e-06,100,100
1.231,2,1,3,3,3,8.55310189387649e-06,8.50872985220285e-06,8.93038417805813e-06,2.86233095338091e-06,2.92508004205877e-06,2.91629905739933e-06,100,100
1.232,2,1,3,3,3,8.55075817127433e-06,8.49449453795661e-06,8.91208249852549e-06,2.86636715850352e-06,2.90920372764329e-06,2.9040991745213e-06,100,100
1.233,2,1,3,3,3,8.54813039559518e-06,8.48043612486082e-06,8.89381990678408e-06,2.87054727022194e-06,2.90354625811477e-06,2.89214479486722e-06,100,100
1.234,2,1,3,3,3,8.53963029042594e-06,8.46656216358771e-06,8.87564817997164e-06,2.87443443833702e-06,2.90772191181748e-06,2.88165225438357e-06,100,100
1.235,2,1,2,2,3,8.53076662191954e-06,8.45288393337085e-06,8.85758283227237e-06,2.86720657081054e-06,2.9118763778329e-06,2.87158951894804e-06,100,100
1.236,2,1,2,2,3,8.52177700276454e-06,8.43942920468154e-06,8.83962059674183e-06,2.85983633573193e-06,2.91597829453956e-06,2.86517701560486e-06,100,100
1.237,2,1,2,2,3,8.51264493557095e-06,8.42622619554484e-06,8.82179719123628e-06,2.85231581058562e-06,2.92001280147563e-06,2.85963831076242e-06,100,100
1.238,2,1,2,2,3,8.50336480067219e-06,8.41329890656787e-06,8.80417647014649e-06,2.8446465480115e-06,2.92396466373862e-06,2.8546180091761e-06,100,100
1.239,2,1,2,2,3,8.49393045243843e-06,8.40068336051399e-06,8.7868007091504e-06,2.83685098724879e-06,2.92781568028223e-06,2.85006805645424e-06,100,100
1.24,2,1,2,2,3,8.48433248604417e-06,8.38840990692466e-06,8.76969141625252e-06,2.82894849492282e-06,2.9315627784661e-06,2.84596113790876e-06,100,100
1.241,2,1,2,2,3,8.47453495967852e-06,8.37649243283602e-06,8.75288926032204e-06,2.8209620087987e-06,2.93520723215676e-06,2.8422977873624e-06,100,100
1.242,2,1,2,2,3,8.4644921155179e-06,8.36492803538592e-06,8.73642718246389e-06,2.81290527936026e-06,2.93872564052384e-06,2.84340155283107e-06,100,100
1.243,2,1,2,2,3,8.45419068365979e-06,8.3537240591627e-06,8.72030719565032e-06,2.80476892451623e-06,2.94208195203639e-06,2.84336821165398e-06,100,100
1.244,2,1,2,2,3,8.44363544014795e-06,8.34291114058209e-06,8.70452521346944e-06,2.79532042519297e-06,2.94527185525602e-06,2.83900330159722e-06,100,100
1.245,2,1,2,2,3,8.43283001402947e-06,8.33248782826932e-06,8.68908558293656e-06,2.77102294445756e-06,2.94832689926506e-06,2.83544480449181e-06,100,100
1.246,2,1,2,2,3,8.42178859228687e-06,8.3224378664361e-06,8.6740009672673e-06,2.74633168979467e-06,2.95756825076725e-06,2.83243949744186e-06,100,100
1.247,2,1,2,2,3,8.41052960993437e-06,8.312767451165e-06,8.65927460377611e-06,2.73085077159513e-06,2.96642685223064e-06,2.82998249166512e-06,100,100
1.248,2,1,2,2,3,8.39905700422961e-06,8.30347385971499e-06,8.64491956977196e-06,2.71512278688911e-06,2.97476994978041e-06,2.82806745501218e-06,100,100
1.249,2,1,2,2,3,8.38738086333363e-06,8.29453810664045e-06,8.63094597560918e-06,2.70514850272258e-06,2.98260856608949e-06,2.82733376275923e-06,100,100
1.25,1,1,2,1,2,8.37555110060066e-06,8.28593358844468e-06,8.61732513375049e-06,2.69783170451141e-06,2.98943359072118e-06,2.83334531651211e-06,100,100
1.251,1,1,2,1,2,8.36364133369801e-06,8.27762728702734e-06,8.60403723285841e-06,2.7030808504375e-06,2.99143923420842e-06,2.83985274447704e-06,100,100
1.252,1,1,2,1,2,8.35171289877235e-06,8.269591827022e-06,8.59108746330685e-06,2.73031911517564e-06,2.99321413389322e-06,2.84669005374056e-06,100,100
1.253,1,1,2,1,2,8.33982771861768e-06,8.26179735991282e-06,8.57845008951203e-06,2.75742539565956e-06,2.99477762985745e-06,2.85387405340149e-06,100,100
1.254,1,1,2,1,2,8.32803674067347e-06,8.2541977587893e-06,8.56607144243568e-06,2.78440857522456e-06,2.99615110857394e-06,2.86141992538289e-06,100,100
1.255,1,1,2,1,2,8.31636531828418e-06,8.24675376025892e-06,8.55391652791378e-06,2.81128847633073e-06,2.99735150222891e-06,2.86930660895822e-06,100,100
1.256,1,1,2,1,2,8.30483725119378e-06,8.23945074825812e-06,8.54196846371841e-06,2.83810416437501e-06,2.99841743387285e-06,2.87747884385814e-06,100,100
1.257,1,1,2,1,2,8.29345916381624e-06,8.23228595245898e-06,8.53021613457641e-06,2.86490700960236e-06,2.99941310115799e-06,2.88586816909844e-06,100,100
1.258,1,1,2,1,2,8.28222930060352e-06,8.22525465652503e-06,8.51864832951629e-06,2.89175778971283e-06,2.99690686814013e-06,2.89442522792567e-06,100,100
1.259,1,1,2,1,2,8.27114564513242e-06,8.21834044052337e-06,8.50724010837584e-06,2.8886340734694e-06,2.99235401665631e-06,2.90314360463585e-06,100,100
1.26,1,1,2,1,2,8.26018734081113e-06,8.21150454777466e-06,8.4959540420212e-06,2.87899114207404e-06,2.98767710002932e-06,2.91204231323614e-06,100,100
1.261,1,1,2,1,2,8.24933098183872e-06,8.20470055842826e-06,8.48475033085465e-06,2.86891254831877e-06,2.98290975006729e-06,2.92112729077093e-06,100,100
1.262,1,1,2,1,2,8.23856171029126e-06,8.19790581922386e-06,8.47359118646632e-06,2.85835587454589e-06,2.97806017212491e-06,2.93037777155992e-06,100,100
1.263,1,1,2,1,2,8.22786253407927e-06,8.1911264833749e-06,8.46245240674027e-06,2.8530533294343e-06,2.97314309950425e-06,2.93974841329316e-06,100,100
1.264,1,1,2,1,2,8.21719929315871e-06,8.18438619310594e-06,8.45133805092274e-06,2.86768513647765e-06,2.96817186334476e-06,2.94918891534662e-06,100,100
1.265,1,1,2,1,2,8.20653175288335e-06,8.17769905619321e-06,8.44025729867645e-06,2.88200600557924e-06,2.96313095414786e-06,2.95866402918171e-06,100,100
1.266,1,1,2,1,2,8.19582091387643e-06,8.17104801011833e-06,8.42920063146412e-06,2.89601089586868e-06,2.95799810771367e-06,2.96812903030164e-06,100,100
1.267,1,1,2,1,2,8.18504546549779e-06,8.16442224269239e-06,8.41816314298611e-06,2.90969536170253e-06,2.95276991037467e-06,2.9775227915315e-06,100,100
1.268,1,1,2,1,2,8.17420680695388e-06,8.15783338381925e-06,8.40714786281785e-06,2.92305091004846e-06,2.94745999896341e-06,2.98680045652569e-06,100,100
1.269,1,1,1,1,2,8.16330808879504e-06,8.15127689264769e-06,8.39616063754331e-06,2.93610612143054e-06,2.94209166595448e-06,2.99594746701713e-06,100,100
1.27,1,1,1,1,2,8.15235393890062e-06,8.14472748915566e-06,8.38520925617993e-06,2.94890945733613e-06,2.94469102092609e-06,3.00496484765627e-06,100,100
1.271,1,1,1,1,2,8.14133244352497e-06,8.13815481433658e-06,8.37428156582147e-06,2.95884236309139e-06,2.94902555600654e-06,3.01383154171907e-06,100,100
1.272,1,1,1,1,1,8.1302098442577e-06,8.13154480277021e-06,8.36336437584418e-06,2.94902200625542e-06,2.95334431055191e-06,3.0225135850211e-06,100,100
1.273,1,1,1,1,1,8.11895421870967e-06,8.12490900206653e-06,8.35245058429199e-06,2.93892904805099e-06,2.95767756168894e-06,3.03101814658062e-06,100,100
1.274,1,1,1,1,1,8.11248404968344e-06,8.11824171711939e-06,8.3415231132502e-06,2.92968826352688e-06,2.96204990867803e-06,3.03732890357695e-06,100,100
1.275,1,1,1,1,1,8.11150449319856e-06,8.11150449319856e-06,8.33058070787049e-06,2.93824027863642e-06,2.96648216724502e-06,3.04115416712551e-06,100,100
1.276,1,1,1,1,1,8.10465321039783e-06,8.10465321039783e-06,8.31961328072018e-06,2.91460838081226e-06,2.9709969370662e-06,3.04484001914728e-06,100,100
1.277,1,1,1,1,1,8.09766586016108e-06,8.09766586016108e-06,8.30857749954151e-06,2.89669049374885e-06,2.9755984009204e-06,3.04843607230535e-06,100,100
1.278,1,1,1,1,1,8.09055138241831e-06,8.09055138241831e-06,8.29744738125249e-06,2.90121168904421e-06,2.98028454659718e-06,3.05197004414097e-06,100,100
1.279,1,1,1,1,1,8.08332239080374e-06,8.08332239080374e-06,8.28622343559875e-06,2.91163857322093e-06,2.9796127960095e-06,3.05543696357749e-06,100,100
1.28,1,1,1,1,1,8.07599031904217e-06,8.07599031904217e-06,8.2749041088696e-06,2.91764017860121e-06,2.97775972025775e-06,3.05883426311405e-06,100,100
1.281,1,1,1,1,1,8.06857681393863e-06,8.06857681393863e-06,8.26348982381387e-06,2.89612745404394e-06,2.97612650167181e-06,3.06046231529484e-06,100,100
1.282,1,1,1,1,1,8.06112657375692e-06,8.06112657375692e-06,8.25201324212612e-06,2.86940680528077e-06,2.97628253518727e-06,3.04979885556757e-06,100,100
1.283,1,1,1,1,1,8.05370353265015e-06,8.05370353265015e-06,8.24052632144669e-06,2.85486157830338e-06,2.98250795813159e-06,3.04893700325924e-06,100,100
1.284,1,1,1,1,1,8.04635938358386e-06,8.04635938358386e-06,8.22906600283801e-06,2.84718722679575e-06,2.98563306404491e-06,3.05678427054182e-06,100,100
1.285,1,1,1,1,1,8.03914866609671e-06,8.03914866609671e-06,8.21767948881963e-06,2.86485997456569e-06,2.98580067492701e-06,3.05226980570331e-06,100,100
1.286,1,1,1,1,1,8.03214544353939e-06,8.03214544353939e-06,8.20643568329474e-06,2.88241141734394e-06,2.98603687980848e-06,3.04566764873439e-06,100,100
1.287,1,1,1,1,1,8.02542340458561e-06,8.02542340458561e-06,8.19540287640597e-06,2.89792378585233e-06,2.98627674421214e-06,3.03908607165062e-06,100,100
1.288,1,1,1,1,1,8.01904234976973e-06,8.01904234976973e-06,8.1846372402235e-06,2.9116849771527e-06,2.98025293517839e-06,3.03315594177353e-06,100,100
1.289,1,1,1,1,1,8.01304122925755e-06,8.01304122925755e-06,8.17417133630081e-06,2.91693680880803e-06,2.99114672150707e-06,3.02728714495407e-06,100,100
1.29,1,1,1,1,1,8.00744492412973e-06,8.00744492412973e-06,8.1640248575024e-06,2.92164554350616e-06,3.00442639887104e-06,3.02172719179625e-06,100,100
1.291,1,1,1,1,1,8.00227136378637e-06,8.00227136378637e-06,8.15421553467683e-06,2.92579716147218e-06,3.01819641810092e-06,3.0232412489271e-06,100,100
1.292,1,1,1,1,1,8.0098617689047e-06,8.0098617689047e-06,8.14475291046103e-06,2.93907164352263e-06,3.03239405448333e-06,3.03257348882636e-06,100,100
1.293,1,1,1,1,1,8.02342960854507e-06,8.02342960854507e-06,8.1356607244738e-06,2.98383030371297e-06,3.04695266286745e-06,3.04180688998357e-06,100,100
1.294,1,1,1,1,1,8.03770356894563e-06,8.03770356894563e-06,8.12697856803467e-06,3.00586579492263e-06,3.0618114248393e-06,3.05091784551804e-06,100,100
1.295,1,1,1,1,1,8.05263084674187e-06,8.05263084674187e-06,8.11873044745698e-06,3.02939352682858e-06,3.07691182256555e-06,3.05987461466957e-06,100,100
1.296,1,1,1,1,1,8.06814013203482e-06,8.06814013203482e-06,8.11091854619726e-06,3.07700346028887e-06,3.08642762667664e-06,3.06866202925777e-06,100,100
1.297,1,1,1,1,1,8.08414765300214e-06,8.08414765300214e-06,8.10353484601417e-06,3.11720248105773e-06,3.08842571424029e-06,3.07728760053084e-06,100,100
1.298,1,1,1,1,1,8.10056544816503e-06,8.10056544816503e-06,8.09657696485522e-06,3.16201641294299e-06,3.09098556359075e-06,3.08577054497914e-06,100,100
1.299,1,1,1,1,1,8.11729364763662e-06,8.11729364763662e-06,8.09003418982211e-06,3.17353027996845e-06,3.09295421140742e-06,3.09412980283589e-06,100,100
1.3,1,1,1,1,1,8.1342263611432e-06,8.1342263611432e-06,8.08386343509593e-06,3.17085721550886e-06,3.08483066910268e-06,3.10236813337972e-06,100,100
1.301,1,1,1,1,1,8.15125930813218e-06,8.15125930813218e-06,8.0780025593795e-06,3.15337893572831e-06,3.07879617999982e-06,3.11048235751066e-06,100,100
1.302,1,1,1,1,1,8.1682920312166e-06,8.1682920312166e-06,8.07239632881723e-06,3.1455047262343e-06,3.07737259920312e-06,3.11845665888958e-06,100,100
1.303,1,1,1,1,1,8.18522660458636e-06,8.18522660458636e-06,8.06700096993049e-06,3.1589051962048e-06,3.07584691773423e-06,3.12626940274439e-06,100,100
1.304,1,1,1,1,1,8.20195808442581e-06,8.20195808442581e-06,8.06177645978965e-06,3.18579303755461e-06,3.07418947556173e-06,3.13392053617361e-06,100,100
1.305,1,1,1,1,1,8.21838832652728e-06,8.21838832652728e-06,8.05668486596028e-06,3.19141343979e-06,3.06460902497912e-06,3.14139791798941e-06,100,100
1.306,1,1,1,1,1,8.23443776768202e-06,8.23443776768202e-06,8.05169649074722e-06,3.18751671670256e-06,3.05312824643495e-06,3.14866291115941e-06,100,100
1.307,1,1,1,1,1,8.23841589050441e-06,8.23841589050441e-06,8.04679313997799e-06,3.1976538682189e-06,3.0411339747491e-06,3.15478517378484e-06,100,100
1.308,1,1,1,1,1,8.23357873772393e-06,8.23357873772393e-06,8.04194654017674e-06,3.22820314466639e-06,3.02866508250532e-06,3.16034762265837e-06,100,100
1.309,1,1,1,1,1,8.2285064951067e-06,8.2285064951067e-06,8.03711584837437e-06,3.25170159901782e-06,3.01577235751677e-06,3.17322616202638e-06,100,100
1.31,1,1,1,1,1,8.22316363050548e-06,8.22316363050548e-06,8.0322663795494e-06,3.27522372384302e-06,3.00250569657112e-06,3.18563647327207e-06,100,100
1.311,1,1,1,1,1,8.21750587213345e-06,8.21750587213345e-06,8.02736471809496e-06,3.2745817292372e-06,2.98890475411778e-06,3.19753446246283e-06,100,100
1.312,1,1,1,1,1,8.21211862199811e-06,8.21150758550166e-06,8.02238662429979e-06,3.27341999865306e-06,2.97512097454964e-06,3.20887340970803e-06,100,100
1.313,1,1,1,1,1,8.21789121756697e-06,8.20516123700362e-06,8.01732164089771e-06,3.27177056833155e-06,2.96775063897445e-06,3.21960003839843e-06,100,100
1.314,1,1,1,1,1,8.22294888709438e-06,8.1984553208517e-06,8.01215392897971e-06,3.27468202847864e-06,2.96012041256497e-06,3.21853887936741e-06,100,100
1.315,1,1,1,1,1,8.22732407586466e-06,8.19138804240088e-06,8.00686881378748e-06,3.2821930935468e-06,2.95224029892302e-06,3.21220665456136e-06,100,100
1.316,1,1,1,1,1,8.23106669588668e-06,8.1839738572347e-06,8.00145614282569e-06,3.28920624774985e-06,2.94412589773509e-06,3.20524202604753e-06,100,100
1.317,1,1,1,1,1,8.23423424572492e-06,8.17622833294159e-06,7.99590085783283e-06,3.29573335620148e-06,2.93580188361304e-06,3.19765282318288e-06,100,100
1.318,1,1,1,1,1,8.23689085141713e-06,8.16817018322726e-06,7.99019335267512e-06,3.30178431634003e-06,2.92730348462768e-06,3.18944277865424e-06,100,100
1.319,1,1,1,1,1,8.23910916413853e-06,8.15982478231811e-06,7.98432221352077e-06,3.28253379023544e-06,2.91866109344723e-06,3.18062903909915e-06,100,100
1.32,1,1,1,1,1,8.24095574668901e-06,8.15121391024405e-06,7.97827021788371e-06,3.26133281889285e-06,2.9098963832742e-06,3.17124196165962e-06,100,100
1.321,1,1,1,1,1,8.24248895235065e-06,8.14236484553017e-06,7.97203751811099e-06,3.22363453031029e-06,2.901030256609e-06,3.16803157565604e-06,100,100
1.322,1,1,1,1,1,8.24377045581471e-06,8.13331820783379e-06,7.96563831408697e-06,3.19676680388044e-06,2.8920845864833e-06,3.16694396319314e-06,100,100
1.323,2,1,1,2,2,8.24486550659429e-06,8.12412144754238e-06,7.95908671690868e-06,3.17030619508678e-06,2.88308341162209e-06,3.16596952444565e-06,100,100
1.324,2,1,1,2,2,8.24583916722853e-06,8.11482911660303e-06,7.95240252856033e-06,3.14429335566236e-06,2.87404927395548e-06,3.16509896110621e-06,100,100
1.325,2,1,1,2,2,8.24675355139254e-06,8.10549511595796e-06,7.9456105735952e-06,3.11876882955651e-06,2.86924928088997e-06,3.16432787275443e-06,100,100
1.326,2,1,1,2,2,8.24766934444612e-06,8.096169775438e-06,7.93874163814044e-06,3.09456144975072e-06,2.87309765273274e-06,3.16365238317277e-06,100,100
1.327,2,1,1,2,2,8.24864680877438e-06,8.08691099509451e-06,7.93183363372047e-06,3.0888928707485e-06,2.87660575139237e-06,3.16307082853229e-06,100,100
1.328,2,1,1,2,2,8.2653308866456e-06,8.0777799504917e-06,7.92491701566854e-06,3.10540327735138e-06,2.8797694766136e-06,3.16432655941374e-06,100,100
1.329,2,1,1,2,2,8.28208965293675e-06,8.06883125575657e-06,7.91801482362053e-06,3.12145369879312e-06,2.88259584224307e-06,3.16878495335775e-06,100,100
1.33,2,1,1,2,2,8.29856818396617e-06,8.06011335151826e-06,7.91115176374887e-06,3.13561480634565e-06,2.88510055898557e-06,3.17309502375139e-06,100,100
1.331,2,1,1,2,2,8.31476542220679e-06,8.0516656232359e-06,7.90434799151371e-06,3.13513263992303e-06,2.88729617082947e-06,3.17721722521464e-06,100,100
1.332,2,1,1,2,2,8.33067421108298e-06,8.04352002509287e-06,7.89762312154794e-06,3.13449801557188e-06,2.88918442469808e-06,3.18110502337728e-06,100,100
1.333,2,1,1,2,2,8.34627685832176e-06,8.0357067760795e-06,7.89100401787485e-06,3.1224066244961e-06,2.8907616818835e-06,3.18471447222658e-06,100,100
1.334,2,1,1,2,2,8.36154755712605e-06,8.02825751367524e-06,7.88452049102729e-06,3.09524839971377e-06,2.89202965583607e-06,3.18801822250536e-06,100,100
1.335,2,1,1,2,2,8.37645784828782e-06,8.02119817178149e-06,7.87820236596308e-06,3.08127985315086e-06,2.89300111626976e-06,3.19100417598114e-06,100,100
1.336,2,1,1,2,2,8.39097744987172e-06,8.01454243787709e-06,7.87208027561266e-06,3.07496669929807e-06,2.893696472118e-06,3.19403600645111e-06,100,100
1.337,2,1,1,2,2,8.40507005938937e-06,8.00830136316037e-06,7.86618671839935e-06,3.07356797956985e-06,2.89413926356299e-06,3.19080669877564e-06,100,100
1.338,2,1,1,2,2,8.41869448122692e-06,8.00248618319232e-06,7.86055263514462e-06,3.07655019872553e-06,2.89435830735e-06,3.18791685279925e-06,100,100
1.339,2,1,1,2,2,8.43180728149496e-06,7.99710226686631e-06,7.85520689355628e-06,3.07080320835809e-06,2.89438679893814e-06,3.18534592650113e-06,100,100
1.34,2,1,1,2,2,8.4443551215007e-06,7.99215091621087e-06,7.8501767089449e-06,3.06180557886726e-06,2.8942564873375e-06,3.1830745316582e-06,100,100
1.341,2,1,1,2,2,8.45627877789658e-06,7.98763733149674e-06,7.84548684491991e-06,3.05365372064743e-06,2.89399823718948e-06,3.18108621538491e-06,100,100
1.342,2,1,1,2,2,8.46752191436155e-06,7.9835670868825e-06,7.84115944970444e-06,3.0463309822162e-06,2.89364512651338e-06,3.17936552422702e-06,100,100
1.343,2,1,1,2,2,8.47802815330368e-06,7.97993753713761e-06,7.83721066987937e-06,3.03982083043599e-06,2.89322937502058e-06,3.17789479409144e-06,100,100
1.344,2,1,1,2,2,8.4877397462258e-06,7.97674227824491e-06,7.83365096236107e-06,3.03410269794302e-06,2.89277902291986e-06,3.1766555828717e-06,100,100
1.345,2,1,1,2,2,8.49660024940371e-06,7.97397535740073e-06,7.83048940987513e-06,3.02915388533164e-06,2.89231647048943e-06,3.17562755430245e-06,100,100
1.346,2,1,1,2,2,8.50455502146136e-06,7.97162863543672e-06,7.82773346990707e-06,3.02494855209206e-06,2.89186083109286e-06,3.17478903811618e-06,100,100
1.347,2,1,1,2,2,8.51155310462277e-06,7.96969032366425e-06,7.82538737653603e-06,3.02145368199131e-06,2.89143073342483e-06,3.17411664147406e-06,100,100
1.348,2,1,1,2,2,8.51754642229218e-06,7.96814585793646e-06,7.8234521848276e-06,3.01863241069715e-06,2.89104184325536e-06,3.17358484609196e-06,100,100
1.349,2,1,1,2,2,8.5224869121559e-06,7.96698098164846e-06,7.82192710305115e-06,3.0164463132836e-06,2.89016083894283e-06,3.17317191648406e-06,100,100
1.35,2,1,1,2,2,8.52632827886631e-06,7.96618263337392e-06,7.8208101851202e-06,3.01485484386258e-06,2.88898651240332e-06,3.17286141213258e-06,100,100
1.351,2,1,1,2,2,8.5290268852817e-06,7.96573636691935e-06,7.82009736702272e-06,3.01381489911468e-06,2.88815131859406e-06,3.17263983901941e-06,100,100
1.352,2,1,1,2,2,8.53054001038287e-06,7.96562622093848e-06,7.81978182048569e-06,3.0132790115187e-06,2.88763015540321e-06,3.17249507668789e-06,100,100
1.353,2,1,1,2,2,8.5308260498863e-06,7.9658357836234e-06,7.81985344451689e-06,3.01319576329317e-06,2.88739832153796e-06,3.17241722644051e-06,100,100
1.354,2,1,1,2,2,8.52984621564948e-06,7.96634795321859e-06,7.8202999423243e-06,3.01351185501401e-06,2.88743113594737e-06,3.17239979426245e-06,100,100
1.355,2,1,1,2,2,8.52756507153961e-06,7.96714426051278e-06,7.82110789314133e-06,3.01417317049158e-06,2.88770443836397e-06,3.17243887343017e-06,100,100
1.356,2,1,1,2,2,8.52395125993739e-06,7.96820452061443e-06,7.82226318777977e-06,3.01512467901598e-06,2.88819523564299e-06,3.17253256816555e-06,100,100
1.357,2,1,1,2,2,8.51897809494663e-06,7.96950688105552e-06,7.82375092949525e-06,3.01631126326095e-06,2.88888184843707e-06,3.17268144271079e-06,100,100
1.358,2,1,1,2,2,8.51262416091882e-06,7.97102502133585e-06,7.82555488011068e-06,3.01767902392267e-06,2.88974404555738e-06,3.17288804273581e-06,100,100
1.359,2,1,1,2,2,8.50487423244091e-06,7.97272621173083e-06,7.82765852343578e-06,3.01917506554432e-06,2.890408584433e-06,3.17315482364724e-06,100,100
1.36,2,1,1,2,2,8.49572032074176e-06,7.97457477628475e-06,7.83004602103926e-06,3.02074801137327e-06,2.89044945933971e-06,3.17348386642537e-06,100,100
1.361,2,1,1,2,2,8.48516060656684e-06,7.97653146122335e-06,7.83270074134692e-06,3.02234611698202e-06,2.89042248159332e-06,3.1738786050275e-06,100,100
1.362,2,1,1,2,2,8.47319391364075e-06,7.97855350550213e-06,7.83560492568474e-06,3.02391579684648e-06,2.89029866063876e-06,3.17434619370137e-06,100,100
1.363,2,1,1,2,2,8.45981765376047e-06,7.98059930902432e-06,7.83874278809254e-06,3.02540317361088e-06,2.89004620233409e-06,3.17489956222187e-06,100,100
1.364,2,1,1,2,2,8.44503217957602e-06,7.98262689806032e-06,7.84210367593406e-06,3.02675541596545e-06,2.88963277730109e-06,3.17555828979435e-06,100,100
1.365,2,1,1,2,2,8.42884396692769e-06,7.98459327069192e-06,7.84567822799866e-06,3.02792509536112e-06,2.88902445924502e-06,3.17634636587247e-06,100,100
1.366,2,1,1,2,2,8.41126052394818e-06,7.98645680081565e-06,7.84945458919583e-06,3.02907142911919e-06,2.8881852489103e-06,3.17729039787635e-06,100,100
1.367,2,1,1,2,2,8.39228533218498e-06,7.98818076719307e-06,7.85342512375487e-06,3.02703241426452e-06,2.88707670293223e-06,3.17842448493542e-06,100,100
1.368,2,1,1,2,2,8.37192148084362e-06,7.98973922242903e-06,7.85759235403433e-06,3.02732735090208e-06,2.88565568486462e-06,3.18016531860637e-06,100,100
1.369,2,1,1,2,2,8.35017487723078e-06,7.9911118849719e-06,7.86196225692918e-06,3.04941885889271e-06,2.88387296787435e-06,3.18496483738593e-06,100,100
1.37,2,1,1,2,2,8.32705224292669e-06,7.99227958967131e-06,7.86653946149421e-06,3.07749968092987e-06,2.88167227890526e-06,3.19042579127003e-06,100,100
1.371,2,1,1,2,2,8.30255798369017e-06,7.99323029468697e-06,7.87133053140992e-06,3.10128765609346e-06,2.87899733356011e-06,3.19660122053836e-06,100,100
1.372,2,1,1,2,2,8.27669687222761e-06,7.99395428558208e-06,7.87634408547027e-06,3.09965536842482e-06,2.87579609297237e-06,3.19387375052083e-06,100,100
1.373,2,1,1,2,2,8.24947604084234e-06,7.99444276616749e-06,7.88158823784327e-06,3.09327066106979e-06,2.87201615787166e-06,3.18912576278204e-06,100,100
1.374,2,1,1,2,2,8.22089542998039e-06,7.99469134383844e-06,7.8870681212116e-06,3.08634454904994e-06,2.8676043836091e-06,3.18429170097224e-06,100,100
1.375,2,1,1,2,2,8.19094745999883e-06,7.99469745799104e-06,7.89278797253571e-06,3.08265293032181e-06,2.862509629198e-06,3.17939736052822e-06,100,100
1.376,2,1,1,2,2,8.15962441129502e-06,7.99446218610181e-06,7.89875094689471e-06,3.06024115551004e-06,2.85668536211008e-06,3.17446483662478e-06,100,100
1.377,2,1,1,2,2,8.12691708358135e-06,7.9939913636487e-06,7.90495988607877e-06,3.03675207530346e-06,2.85008379538741e-06,3.16951686820583e-06,100,100
1.378,2,1,1,2,2,8.09281675130925e-06,7.99330020593187e-06,7.90544944643311e-06,3.03629752386463e-06,2.84265693485947e-06,3.16189008899881e-06,100,100
1.379,2,1,1,2,2,8.06936168167935e-06,7.99241363502667e-06,7.90254597945623e-06,3.06641945684503e-06,2.83437017485018e-06,3.1455445354718e-06,100,100
1.38,2,1,1,2,2,8.0564483326163e-06,7.9913548569921e-06,7.89957545824773e-06,3.05649368426554e-06,2.82520673480672e-06,3.12897600459706e-06,100,100
1.381,2,1,1,2,2,8.04285497995187e-06,7.99014405484976e-06,7.89655966179695e-06,3.04603984401744e-06,2.81610009501651e-06,3.11228885795393e-06,100,100
1.382,2,1,1,2,2,8.0285481543732e-06,7.98881044724583e-06,7.8935456017703e-06,3.06108965462992e-06,2.82843091114798e-06,3.09558397954963e-06,100,100
1.383,2,1,1,2,2,8.01348940125956e-06,7.98739529292326e-06,7.89059425491445e-06,3.08060202018035e-06,2.84137469251617e-06,3.07896607745484e-06,100,100
1.384,2,1,1,2,2,7.99764227269837e-06,7.9859408521942e-06,7.88776615242307e-06,3.10030197354632e-06,2.85492063352427e-06,3.06255689939259e-06,100,100
1.385,2,1,1,2,2,7.98448555355643e-06,7.98448555355643e-06,7.88512909001386e-06,3.12017258664305e-06,2.86906197554021e-06,3.04649422880615e-06,100,100
1.386,2,1,1,2,2,7.98307389315552e-06,7.98307389315552e-06,7.88275626003563e-06,3.14019860499869e-06,2.88379614796089e-06,3.03091940209696e-06,100,100
1.387,2,1,1,2,2,7.98176448192843e-06,7.98176448192843e-06,7.8807279309014e-06,3.16035120281601e-06,2.88385174255666e-06,3.0159692324779e-06,100,100
1.388,2,1,1,2,2,7.9806228131754e-06,7.9806228131754e-06,7.87912865777338e-06,3.19581323512534e-06,2.87355885395642e-06,3.00177766027755e-06,100,100
1.389,2,2,1,2,3,7.97971966658494e-06,7.97971966658494e-06,7.87804478457716e-06,3.23441212180587e-06,2.86289377657542e-06,2.9884883318202e-06,100,100
1.39,2,2,1,2,3,7.97913378558012e-06,7.97913378558012e-06,7.87757065195209e-06,3.24120738321968e-06,2.85533317402915e-06,2.97625181409773e-06,100,100
1.391,2,2,1,2,3,7.97895161598518e-06,7.97895161598518e-06,7.87780353835208e-06,3.20270414723711e-06,2.85417714495049e-06,2.96520725844822e-06,100,100
1.392,2,2,1,2,3,7.97927188018431e-06,7.97927188018431e-06,7.87883020764081e-06,3.19206111150528e-06,2.85313519936428e-06,2.95548658969071e-06,100,100
1.393,2,2,1,2,3,7.9801881514169e-06,7.9801881514169e-06,7.88071790586938e-06,3.20999361274918e-06,2.85226239194657e-06,2.94722748134558e-06,100,100
1.394,2,2,1,2,3,7.9826929031423e-06,7.9826929031423e-06,7.88353517224082e-06,3.17882396852397e-06,2.85163248579872e-06,2.94983309534497e-06,100,100
1.395,2,2,1,2,3,7.98833613010912e-06,7.98833613010912e-06,7.88736116957836e-06,3.13706803644999e-06,2.8513310468448e-06,2.97010591813425e-06,100,100
1.396,2,2,1,2,3,7.99400622562511e-06,7.99400622562511e-06,7.89226410505697e-06,3.09546412826038e-06,2.85144044965804e-06,2.99168257431534e-06,100,100
1.397,2,2,1,2,3,7.99967179015638e-06,7.99967179015638e-06,7.89830271549742e-06,3.10140970758821e-06,2.85201670444097e-06,3.01453266882321e-06,100,100
1.398,2,2,1,2,3,8.00530295598892e-06,8.00530295598892e-06,7.90554773951721e-06,3.08180747992743e-06,2.84469646518412e-06,3.0432367216388e-06,100,100
1.399,2,2,1,2,3,8.01086679840616e-06,8.01086679840616e-06,7.9140708917578e-06,3.06218306959676e-06,2.83266768529462e-06,3.0773713201382e-06,100,100
1.4,2,2,1,2,3,8.01631904779227e-06,8.01631904779227e-06,7.92391847507912e-06,3.03051172460044e-06,2.82021132639563e-06,3.07914395263014e-06,100,100
1.401,2,2,1,2,3,8.02768782247537e-06,8.02160026847477e-06,7.93510931584119e-06,2.98784568346663e-06,2.80735681408118e-06,3.07876245035099e-06,100,100
1.402,2,1,1,2,3,8.06501383693154e-06,8.02855559016978e-06,7.94765147056395e-06,2.94476738133736e-06,2.8128769435265e-06,3.07802137379746e-06,100,100
1.403,2,1,1,2,3,8.1028426071263e-06,8.03954672075435e-06,7.96156145069383e-06,2.92885712567124e-06,2.82119236016424e-06,3.07691486764692e-06,100,100
1.404,2,1,1,2,3,8.14114451627792e-06,8.05177745213973e-06,7.97684534039459e-06,2.96437125713303e-06,2.82890440521914e-06,3.07542216741283e-06,100,100
1.405,2,1,1,2,3,8.1798733772122e-06,8.06525193074495e-06,7.99349031920688e-06,3.00400393258596e-06,2.83596705171707e-06,3.07350544270328e-06,100,100
1.406,2,1,1,2,3,8.21897440280887e-06,8.07999480849132e-06,8.01148705623343e-06,2.88292677349209e-06,2.84235916633366e-06,3.07114576202133e-06,100,100
1.407,2,1,1,2,3,8.23377549252898e-06,8.09602165454475e-06,8.03081248657638e-06,2.81328536534588e-06,2.84807234838478e-06,3.06955053778625e-06,100,100
1.408,2,1,1,2,3,8.22472167703525e-06,8.11333579441346e-06,8.05142153823734e-06,2.76187668873832e-06,2.85311085394775e-06,3.04614002358976e-06,100,100
1.409,2,1,1,2,3,8.21547900320624e-06,8.1319338817897e-06,8.07326674643446e-06,2.76478738409684e-06,2.86614193436817e-06,3.04365059395319e-06,100,100
1.41,2,1,1,2,3,8.20600534944167e-06,8.1517914974657e-06,8.09629588947068e-06,2.67762391990224e-06,2.8995669234255e-06,3.04252567274476e-06,100,100
1.411,2,1,1,2,3,8.19623537062611e-06,8.1728680526098e-06,8.12044510494644e-06,2.65541657418764e-06,2.91131623869024e-06,3.04285484174284e-06,100,100
1.412,2,1,1,2,3,8.19511794888149e-06,8.19511794888149e-06,8.14564266592896e-06,2.74050222443506e-06,2.90493677545566e-06,3.04470012487073e-06,100,100
1.413,2,1,1,2,3,8.21850531026398e-06,8.21850531026398e-06,8.1718182150499e-06,2.78986048315294e-06,2.89984332608355e-06,3.0253755610667e-06,100,100
1.414,2,1,1,2,3,8.24300650724355e-06,8.24300650724355e-06,8.19889882972908e-06,2.84908691553785e-06,2.89430234281238e-06,3.0073919825703e-06,100,100
1.415,2,1,1,2,3,8.26858637735303e-06,8.26858637735303e-06,8.22680193874109e-06,2.86684040760803e-06,2.88834796398074e-06,2.99760893202577e-06,100,100
1.416,2,1,1,2,3,8.29518680084138e-06,8.29518680084138e-06,8.23142081619245e-06,2.87871619409246e-06,2.88332445540347e-06,2.98795123927895e-06,100,100
1.417,2,1,1,2,3,8.32274188487097e-06,8.32274188487097e-06,8.23436281657855e-06,2.85886598749854e-06,2.898482323638e-06,2.99787815997607e-06,100,100
1.418,2,1,1,2,3,8.35118097127261e-06,8.35118097127261e-06,8.23646510264151e-06,2.81387538551444e-06,2.91227250641396e-06,3.03527390973183e-06,100,100
1.419,2,1,1,2,3,8.38042444166332e-06,8.38042444166332e-06,8.237715828341e-06,2.80260243023616e-06,2.92466895557645e-06,3.05405487349502e-06,100,100
1.42,2,1,1,2,3,8.41038787655089e-06,8.41038787655089e-06,8.23809434691136e-06,2.85188716341589e-06,2.93565072885698e-06,3.05103007287572e-06,100,100
1.421,1,1,1,1,2,8.48492824568921e-06,8.44098200918034e-06,8.23756752154562e-06,2.87045671381406e-06,2.95990032150987e-06,3.0489289214768e-06,100,100
1.422,2,1,2,2,2,8.58447748095373e-06,8.50246716452994e-06,8.2361154616902e-06,2.86529740438768e-06,2.98539563130544e-06,3.05997248254736e-06,100,100
1.423,2,1,3,2,2,8.68474454868384e-06,8.57905804264084e-06,8.23372889470316e-06,2.77692890005442e-06,2.96488691108999e-06,3.06836325068486e-06,100,100
1.424,2,1,3,2,2,8.78561255256161e-06,8.65461332965507e-06,8.23038379067042e-06,2.71835330915799e-06,2.93373507721572e-06,3.05030182975028e-06,100,100
1.425,2,1,3,2,2,8.88698562268163e-06,8.72894237639254e-06,8.22606558387174e-06,2.75704220000795e-06,2.91257007069995e-06,3.02531704592793e-06,100,100
1.426,2,1,4,2,2,8.98878120055967e-06,8.80186549256885e-06,8.22077009517751e-06,2.72299460052935e-06,2.90269938084776e-06,3.01136819450349e-06,100,100
1.427,2,1,4,2,2,9.09091267215811e-06,8.87323173300674e-06,8.2144957445544e-06,2.670680876247e-06,2.89250388147226e-06,2.99925779195512e-06,100,100
1.428,2,1,4,2,2,9.18847684066943e-06,8.94292836265761e-06,8.20724715857786e-06,2.65017463497802e-06,2.89727685128908e-06,2.99462723878526e-06,100,100
1.429,3,1,4,2,2,9.17557740855742e-06,9.01082999341007e-06,8.21694815252196e-06,2.67388331073719e-06,2.90785235739669e-06,2.99168003891282e-06,100,100
1.43,3,1,4,2,2,9.16223366922847e-06,9.01957183561937e-06,8.22683079802786e-06,2.71743100402205e-06,2.93657532287786e-06,2.98276649725791e-06,100,100
1.431,3,1,4,2,2,9.14843576833913e-06,8.99983833017328e-06,8.23626651425829e-06,2.72528787117989e-06,2.94824939911754e-06,2.97482441921364e-06,100,100
1.432,3,2,4,2,2,9.25856938605187e-06,8.97778765914918e-06,8.24524966555581e-06,2.77006174467815e-06,2.92879090082558e-06,2.96782029739924e-06,100,100
1.433,3,2,4,2,2,9.39750687803007e-06,8.9535468260188e-06,8.25375734282247e-06,2.83991252748071e-06,2.90950521819364e-06,2.96173096542825e-06,100,100
1.434,4,2,4,2,2,9.53639971197683e-06,8.92722573870552e-06,8.26178302863175e-06,2.87798265657385e-06,2.92559429107983e-06,2.95654715670887e-06,100,100
1.435,4,2,4,2,2,9.67506515870513e-06,8.89892919795449e-06,8.26932123780511e-06,2.97048255942094e-06,2.97048255942094e-06,2.95226221579617e-06,100,100
1.436,4,2,5,3,2,9.81332248328245e-06,8.86876901746488e-06,8.2763549000892e-06,3.00294511911879e-06,3.00294511911879e-06,2.94888967692633e-06,100,100
1.437,5,2,5,3,2,9.95095806275193e-06,8.83683872919701e-06,8.28287135481459e-06,3.02342381444354e-06,3.01503746043603e-06,2.99324121418833e-06,100,100
1.438,5,2,5,3,2,1.01139616199937e-05,8.80323683694288e-06,8.24943093489479e-06,2.98659634502182e-06,3.01158577661287e-06,3.03931185076244e-06,100,100
1.439,5,2,5,3,2,1.02879025237426e-05,8.76810216352671e-06,8.19729400619947e-06,2.96276069257783e-06,3.01394464310601e-06,3.04434514937073e-06,100,100
1.44,6,2,5,3,2,1.03755500103756e-05,8.7829643586268e-06,8.14571472458051e-06,2.99144831341798e-06,3.04049515038933e-06,3.04944845776034e-06,100,100
1.441,6,2,5,3,2,1.04592056742882e-05,8.83979328807432e-06,8.0948034947003e-06,2.96674184322412e-06,3.09202815685722e-06,3.05452843779442e-06,100,100
1.442,6,2,5,3,2,1.05425279940305e-05,8.89307947967572e-06,8.04465016798414e-06,3.04339755510551e-06,3.07379599069282e-06,3.04016972687051e-06,100,100
1.443,7,2,5,4,3,1.0625485114868e-05,8.9427442108082e-06,7.99963738623979e-06,3.04512327444796e-06,3.08869597915677e-06,3.03691635526276e-06,100,100
1.444,7,2,5,4,3,1.07080457062214e-05,8.98875459514402e-06,7.99088795922548e-06,3.0554087718481e-06,3.09724700170788e-06,3.06475797295724e-06,100,100
1.445,7,2,5,4,3,1.07901571371271e-05,9.03110653058057e-06,7.98762917356463e-06,3.10944861470207e-06,3.13135232512141e-06,3.10511365126531e-06,100,100
1.446,7,2,5,4,3,1.0871778491607e-05,9.06979739554923e-06,7.98276594870328e-06,3.1964936072902e-06,3.16464744308472e-06,3.13374041389295e-06,100,100
1.447,7,2,5,4,3,1.09528897600417e-05,9.10484579013945e-06,7.97641353787434e-06,3.21498428856466e-06,3.17261243838979e-06,3.12885637813964e-06,100,100
1.448,7,2,5,4,3,1.10334720705178e-05,9.1363112301158e-06,7.9686871496815e-06,3.33050786252216e-06,3.15551440583542e-06,3.11524797923278e-06,100,100
1.449,7,2,5,4,3,1.11135098224912e-05,9.16426196044047e-06,7.95969244259679e-06,3.45764437833549e-06,3.14097152086442e-06,3.09698900901411e-06,100,100
1.45,7,2,5,4,3,1.11929644198915e-05,9.18876102360776e-06,7.94955900541295e-06,3.49734733665238e-06,3.15519019545674e-06,3.07418327434419e-06,100,100
1.451,7,2,5,4,3,1.12717897629701e-05,9.20988147924459e-06,7.93844608392487e-06,3.5618136539472e-06,3.16936244247962e-06,3.05122878949813e-06,100,100
1.452,7,2,5,4,3,1.13107714521421e-05,9.22768591291139e-06,7.92648560099661e-06,3.62676453163406e-06,3.18340133455317e-06,3.05615938978988e-06,100,100
1.453,7,2,5,4,3,1.13463592068553e-05,9.24222246877199e-06,7.91373616346836e-06,3.6922132117985e-06,3.19725679082643e-06,3.06776161235435e-06,100,100
1.454,9,2,5,4,3,1.13808255153433e-05,9.25357206048425e-06,7.90023273191007e-06,3.75813294983765e-06,3.1842594504877e-06,3.04867531565966e-06,100,100
1.455,9,2,5,4,3,1.14141698647414e-05,9.26182808798187e-06,7.88606220810724e-06,3.82445882284223e-06,3.164428949049e-06,3.01922545513196e-06,100,100
1.456,9,2,4,3,3,1.14464068966675e-05,9.26707050206242e-06,7.87132563249522e-06,3.89110874035897e-06,3.17477256530399e-06,3.00778500091313e-06,100,100
1.457,10,2,4,3,3,1.14775775147322e-05,9.26941695974774e-06,7.85610441061037e-06,3.94644774436284e-06,3.19781687951112e-06,3.01127853430291e-06,100,100
1.458,11,2,4,3,3,1.15077141760028e-05,9.26900975038719e-06,7.84051044558591e-06,3.98744099822933e-06,3.20314183487268e-06,2.99099766358912e-06,100,100
1.459,11,2,4,3,3,1.15368500355279e-05,9.26597575964806e-06,7.82464399405478e-06,4.03749269850246e-06,3.18730758665973e-06,2.97067411077513e-06,100,100
1.46,11,2,4,3,3,1.15650198334025e-05,9.26042024004385e-06,7.80856361078412e-06,4.07149877178248e-06,3.1709166742399e-06,2.97107054368446e-06,100,100
1.461,11,2,4,3,3,1.15922437543796e-05,9.25243414347613e-06,7.79234515771297e-06,4.11445014755287e-06,3.15741764505614e-06,2.9739795632996e-06,100,100
1.462,11,2,4,3,3,1.16629372569977e-05,9.24211627360778e-06,7.77608237402561e-06,4.17505579605271e-06,3.15073070799763e-06,2.9768805118835e-06,100,100
1.463,12,2,4,3,3,1.17546655765688e-05,9.22955896438968e-06,7.75985345912036e-06,4.2384236658775e-06,3.14356714257642e-06,2.97977964827484e-06,100,100
1.464,12,2,4,3,3,1.18562825267556e-05,9.21483140443702e-06,7.74372193537241e-06,4.26490849835807e-06,3.13593830789092e-06,2.99723601317658e-06,100,100
1.465,12,2,4,3,3,1.19553609844511e-05,9.19799512064118e-06,7.72775314665058e-06,4.30414230357547e-06,3.12783345777078e-06,3.01482074766221e-06,100,100
1.466,14,2,4,3,3,1.20519331856732e-05,9.17914708426215e-06,7.71201666356983e-06,4.30707161449908e-06,3.12442384469554e-06,3.03121191249543e-06,100,100
1.467,14,2,4,3,3,1.21460400076454e-05,9.1584321161554e-06,7.69657307863641e-06,4.29720123287387e-06,3.13134506054325e-06,3.04635272110666e-06,100,100
1.468,14,2,4,3,3,1.22377412558428e-05,9.14961069565186e-06,7.6814584450884e-06,4.303604169289e-06,3.13774412250944e-06,3.06023628938461e-06,100,100
1.469,15,2,4,3,3,1.23270806158182e-05,9.13836709353494e-06,7.66670307003647e-06,4.30795833724365e-06,3.14365728077204e-06,3.07292760702105e-06,100,100
1.47,15,2,4,3,3,1.24140838891045e-05,9.12445405966363e-06,7.65234626667441e-06,4.31030016018703e-06,3.14911491422926e-06,3.08195277981935e-06,100,100
1.471,15,2,4,3,3,1.24987695310043e-05,9.10797731948706e-06,7.63843580648731e-06,4.3106597733314e-06,3.17372218916789e-06,3.07606323625126e-06,100,100
1.472,15,2,4,3,3,1.25811651314061e-05,9.08901496231646e-06,7.62501510921531e-06,4.31367387776097e-06,3.20366352622027e-06,3.06923762428638e-06,100,100
1.473,15,2,4,3,3,1.2661327348168e-05,9.06767653163222e-06,7.61207028650811e-06,4.322892448568e-06,3.2332796329085e-06,3.06150620026509e-06,100,100
1.474,15,2,4,3,3,1.27393014994296e-05,9.04412562258137e-06,7.59952955905811e-06,4.33078831054061e-06,3.26198938628561e-06,3.05291067025544e-06,100,100
1.475,15,2,4,3,3,1.28151001282699e-05,9.01854884998991e-06,7.58731826425697e-06,4.37587607865544e-06,3.25883839326906e-06,3.04352539386548e-06,100,100
1.476,17,2,4,3,3,1.28887438358586e-05,8.99112630689397e-06,7.57541279251955e-06,4.42384449885176e-06,3.25524734677945e-06,3.03347714401544e-06,100,100
1.477,17,2,4,3,3,1.29602760414336e-05,8.96203338913692e-06,7.56382663031545e-06,4.47090760818169e-06,3.23142554351634e-06,3.02289173664401e-06,100,100
1.478,19,2,4,3,3,1.30297587758681e-05,8.93142027861041e-06,7.55255197932581e-06,4.51695163513912e-06,3.20833671686268e-06,3.01183880666337e-06,100,100
1.479,20,2,4,3,3,1.30972886013276e-05,8.89943366012734e-06,7.54156910838777e-06,4.57263062932011e-06,3.1864287803565e-06,3.00037931862886e-06,100,100
1.48,20,2,4,3,3,1.31629849166138e-05,8.86626141309246e-06,7.53086452975738e-06,4.63096625542219e-06,3.16565908689742e-06,2.98862360887561e-06,100,100
1.481,20,2,4,3,3,1.32269409465535e-05,8.83210163781498e-06,7.52042716333438e-06,4.65252822342244e-06,3.14597200915279e-06,2.9766929206042e-06,100,100
1.482,20,2,4,3,3,1.32994833359236e-05,8.79710868394466e-06,7.51023036234347e-06,4.67244570178399e-06,3.12736543350975e-06,2.96467846801854e-06,100,100
1.483,21,2,4,3,3,1.33880796012691e-05,8.76138060778866e-06,7.49155796966533e-06,4.69274297503242e-06,3.12384317014643e-06,2.95263943517917e-06,100,100
1.484,20,2,4,2,2,1.34746611965254e-05,8.72499680250999e-06,7.46670739409795e-06,4.7133087655575e-06,3.12540343309243e-06,2.9405929712262e-06,100,100
1.485,21,2,4,2,2,1.35592693827734e-05,8.70452748462709e-06,7.44186402820674e-06,4.73407276067277e-06,3.12728325468976e-06,2.93441670828714e-06,100,100
1.486,21,2,4,2,2,1.36419597356765e-05,8.6873319874999e-06,7.41701076990215e-06,4.75502424651437e-06,3.13180487918767e-06,2.92810475554765e-06,100,100
1.487,21,2,4,2,2,1.37227803067499e-05,8.67007831265989e-06,7.39212515803773e-06,4.77615354924448e-06,3.14690183475438e-06,2.92131917138677e-06,100,100
1.488,21,2,4,2,2,1.38017501644041e-05,8.65277075771505e-06,7.36720282016873e-06,4.79743267507196e-06,3.14597203277801e-06,2.91412294681213e-06,100,100
1.489,21,2,4,2,2,1.38789138804543e-05,8.63539152770488e-06,7.34225842751263e-06,4.8188304436327e-06,3.13922373789577e-06,2.90650813529957e-06,100,100
1.49,23,2,4,2,2,1.39543920484198e-05,8.61790194498963e-06,7.31726611619482e-06,4.84034652745985e-06,3.13230730289406e-06,2.89986597972406e-06,100,100
1.491,24,2,4,2,2,1.40283076021262e-05,8.60029519082557e-06,7.29216251021985e-06,4.8619651561885e-06,3.12521327034278e-06,2.89398895779409e-06,100,100
1.492,24,2,4,2,2,1.41007192627832e-05,8.58257005484851e-06,7.28183321799985e-06,4.87800469345356e-06,3.11792688585721e-06,2.88806102690642e-06,100,100
1.493,24,2,4,2,2,1.41716680139666e-05,8.56469360226578e-06,7.2716556660313e-06,4.87051012982999e-06,3.11049127205116e-06,2.87401018258692e-06,100,100
1.494,24,2,4,2,2,1.42411867283371e-05,8.54662577145494e-06,7.26123959016362e-06,4.86707547824485e-06,3.09505190865823e-06,2.85293921480312e-06,100,100
1.495,24,2,4,2,2,1.42834909392779e-05,8.52835171541475e-06,7.25059664572498e-06,4.8931754488659e-06,3.08402450771693e-06,2.83727452734442e-06,100,100
1.496,24,2,4,2,2,1.42940464222691e-05,8.50985662274457e-06,7.2397571501018e-06,4.88467850296259e-06,3.07375008721871e-06,2.82464018201804e-06,100,100
1.497,24,2,4,2,2,1.43051398428848e-05,8.4910821753033e-06,7.2287490979599e-06,4.87631921456973e-06,3.06417402175241e-06,2.81179757336554e-06,100,100
1.498,24,2,4,2,2,1.43395607055717e-05,8.4719624032196e-06,7.21758425466884e-06,4.86807846236298e-06,3.05522242059749e-06,2.7987233909499e-06,100,100
1.499,24,2,4,2,2,1.43726501175252e-05,8.45248602264322e-06,7.20628577992386e-06,4.85994234621501e-06,3.0468267519576e-06,2.78533663004926e-06,100,100
1.5,25,2,4,2,2,1.44159983814627e-05,8.43267147999555e-06,7.19487512885756e-06,4.85192643956898e-06,3.03891670717186e-06,2.77156402693033e-06,100,100
1.501,26,2,4,2,2,1.44813270239751e-05,8.41250648604472e-06,7.18338240022964e-06,4.84405174658098e-06,3.03144645098032e-06,2.75740949563778e-06,100,100
1.502,26,2,4,2,2,1.45445100064342e-05,8.39193154754152e-06,7.17187696497747e-06,4.84214231703016e-06,3.0113916568762e-06,2.74291414838205e-06,100,100
1.503,26,2,4,2,2,1.46055073322293e-05,8.37086564318066e-06,7.16042633002291e-06,4.87329853674509e-06,2.99901327557857e-06,2.71970886776766e-06,100,100
1.504,26,2,4,2,2,1.46642992336024e-05,8.34925378374126e-06,7.14904345812459e-06,4.90349010996972e-06,2.99832353645281e-06,2.682259848682e-06,100,100
1.505,26,2,4,2,2,1.47208531283198e-05,8.32709814697697e-06,7.13772618163159e-06,4.93260839862492e-06,2.9977792909141e-06,2.64467756748287e-06,100,100
1.506,26,2,4,2,2,1.47751562261577e-05,8.30445381277317e-06,7.12649704730095e-06,4.96058414214778e-06,2.99736319779882e-06,2.60703949095801e-06,100,100
1.507,26,2,4,2,2,1.48272204221117e-05,8.28137600005222e-06,7.1153885340971e-06,4.9873830658429e-06,2.99457643668818e-06,2.5704343779734e-06,100,100
1.508,26,2,3,2,2,1.48770514776529e-05,8.25791725187248e-06,7.10440326753532e-06,5.02313029999752e-06,2.98929412695926e-06,2.54091483793384e-06,100,100
1.509,26,2,3,2,2,1.49246388182028e-05,8.23414272543278e-06,7.09351073610072e-06,5.06866214653302e-06,2.98410456074704e-06,2.51114037485154e-06,100,100
1.51,26,2,2,1,2,1.49699647352222e-05,8.2100735571535e-06,7.08268826397762e-06,5.11282255395087e-06,2.97898924182739e-06,2.48114775525614e-06,100,100
1.511,26,2,2,1,2,1.501301959357e-05,8.18570404946994e-06,7.07191858500589e-06,5.1555598131432e-06,2.9739272522845e-06,2.4608844335732e-06,100,100
1.512,26,2,2,1,2,1.50538063378517e-05,8.16107291245294e-06,7.06119293913496e-06,5.19686482176955e-06,2.96510710071892e-06,2.4538141117074e-06,100,100
1.513,26,2,2,1,2,1.50923474224704e-05,8.13625518360957e-06,7.05053699090358e-06,5.23675430104176e-06,2.95189701240987e-06,2.44799480066726e-06,100,100
1.514,27,2,2,1,2,1.51286826205094e-05,8.11133800187365e-06,7.04002150219161e-06,5.27526056561596e-06,2.93848690096309e-06,2.45437729612264e-06,100,100
1.515,27,2,2,1,2,1.51628433201097e-05,8.08638988204893e-06,7.02972581160963e-06,5.31241861328058e-06,2.92488536106454e-06,2.4703033915174e-06,100,100
1.516,27,2,2,1,2,1.51947870498089e-05,8.06142288505442e-06,7.01968510886188e-06,5.34821180006893e-06,2.9123799803334e-06,2.48575929377744e-06,100,100
1.517,27,2,2,1,2,1.52244296005139e-05,8.03643284299817e-06,7.00990899513382e-06,5.38260342536877e-06,2.90614849565886e-06,2.50071896726418e-06,100,100
1.518,27,1,2,1,2,1.52517471119838e-05,8.01145015057056e-06,7.000393842089e-06,5.41557312589047e-06,2.89922981676994e-06,2.51517980373124e-06,100,100
1.519,27,1,2,1,2,1.52767373332039e-05,7.9865044246997e-06,6.99110863781973e-06,5.42447514153989e-06,2.89140689749461e-06,2.52917904141056e-06,100,100
1.52,27,1,2,1,2,1.5299378266691e-05,7.96160995912527e-06,6.98200233422348e-06,5.43012178800179e-06,2.88265992367504e-06,2.54273684045672e-06,100,100
1.521,27,1,2,1,2,1.53196676214543e-05,7.93681600732932e-06,6.97302912711184e-06,5.43552164478518e-06,2.87302131750793e-06,2.55581818472264e-06,100,100
1.522,27,1,2,1,2,1.53376108099025e-05,7.91218469663171e-06,6.96417483173729e-06,5.44068151573022e-06,2.86251138321389e-06,2.56120608176531e-06,100,100
1.523,27,1,2,1,2,1.5353213108133e-05,7.88774211838526e-06,6.95545222994526e-06,5.44560295264576e-06,2.8511704150095e-06,2.56604396579409e-06,100,100
1.524,27,1,2,1,2,1.53664597139662e-05,7.86345472867295e-06,6.94691141959515e-06,5.4502627390112e-06,2.83903156644152e-06,2.55397815265402e-06,100,100
1.525,27,1,2,1,2,1.53773017549893e-05,7.83925367234477e-06,6.93861461252095e-06,5.45587018536753e-06,2.82608249460975e-06,2.54132561202278e-06,100,100
1.526,27,1,2,1,2,1.53857134590382e-05,7.81510729403645e-06,6.93057035406916e-06,5.47166288526471e-06,2.81228820831065e-06,2.52873896146785e-06,100,100
1.527,27,1,2,1,2,1.53916789164891e-05,7.79104313392276e-06,6.9227546374524e-06,5.48621099278111e-06,2.79760405627668e-06,2.51624950031989e-06,100,100
1.528,27,1,2,1,2,1.53951642003784e-05,7.76713793742391e-06,6.91515081372087e-06,5.4994933197986e-06,2.78203107464019e-06,2.50335707504668e-06,100,100
1.529,27,1,2,1,2,1.53961308295098e-05,7.74345333519826e-06,6.90774119025343e-06,5.51149160477167e-06,2.76560007345208e-06,2.47391832062698e-06,100,100
1.53,27,1,2,1,2,1.53945457702722e-05,7.71999163279298e-06,6.90049642122127e-06,5.52223473555838e-06,2.74831724050086e-06,2.44503161689785e-06,100,100
1.531,27,1,2,1,2,1.53903951158951e-05,7.69674330954564e-06,6.89335676470536e-06,5.53181362260268e-06,2.73022163217066e-06,2.41673001732877e-06,100,100
1.532,27,1,2,1,2,1.53836960264184e-05,7.67369612420705e-06,6.88625846287152e-06,5.54028870479321e-06,2.71139906665006e-06,2.38901872246935e-06,100,100
1.533,27,1,2,1,2,1.53745083787109e-05,7.65082310131673e-06,6.87916990128319e-06,5.54764854595368e-06,2.69983133412867e-06,2.36188609387236e-06,100,100
1.534,27,1,2,1,2,1.53628733699054e-05,7.62810212029665e-06,6.87205434856376e-06,5.55387188195223e-06,2.6889704000406e-06,2.33534395651694e-06,100,100
1.535,27,1,2,1,2,1.53487653117796e-05,7.6054814514506e-06,6.86485672953051e-06,5.55897410264009e-06,2.67765508554255e-06,2.30941048349735e-06,100,100
1.536,27,1,2,1,2,1.53321830689396e-05,7.58292507451647e-06,6.85751642308954e-06,5.56298872300036e-06,2.66276757365283e-06,2.28411152157757e-06,100,100
1.537,27,1,2,1,2,1.53131640782563e-05,7.56048701500683e-06,6.84998195407182e-06,5.5659268004969e-06,2.64662024149188e-06,2.25948405849353e-06,100,100
1.538,27,1,2,1,1,1.52917132140204e-05,7.53821569982034e-06,6.84226017286985e-06,5.56778939461649e-06,2.63174441458301e-06,2.23552997217331e-06,100,100
1.539,27,1,2,1,1,1.52678243713375e-05,7.51611396811526e-06,6.83440935531438e-06,5.56817848146427e-06,2.61719990576422e-06,2.21219977546858e-06,100,100
1.54,27,1,2,1,1,1.52414789256699e-05,7.49418698457499e-06,6.82645705089881e-06,5.56139572341093e-06,2.60302734887227e-06,2.18943555358582e-06,100,100
1.541,27,1,2,1,1,1.52126348078712e-05,7.47245611970743e-06,6.8183851451016e-06,5.55355886100826e-06,2.58928199949194e-06,2.17957151146641e-06,100,100
1.542,27,1,2,1,1,1.51812836833052e-05,7.45094269534515e-06,6.80743396682547e-06,5.5447012710152e-06,2.58014787119097e-06,2.17659738545964e-06,100,100
1.543,27,1,2,1,1,1.5147472227775e-05,7.42967859488843e-06,6.77678051377126e-06,5.53482916625191e-06,2.57896094358733e-06,2.17831709445469e-06,100,100
1.544,27,1,2,1,1,1.5111260563048e-05,7.40871865244381e-06,6.74578533560609e-06,5.52391024721666e-06,2.57780437236272e-06,2.17942272683581e-06,100,100
1.545,26,1,2,1,1,1.50726893138155e-05,7.38805998919484e-06,6.71452974330464e-06,5.5119289296857e-06,2.5766691522225e-06,2.17991183743216e-06,100,100
1.546,26,1,2,1,1,1.50318302454883e-05,7.36762745645898e-06,6.68313667557542e-06,5.50324498420162e-06,2.57554258818613e-06,2.17980438681681e-06,100,100
1.547,25,1,2,1,1,1.49888059034993e-05,7.34735485325075e-06,6.65172041947941e-06,5.49802965268119e-06,2.5744505375927e-06,2.17910832505017e-06,100,100
1.548,24,1,2,1,1,1.49437023031363e-05,7.32723803869225e-06,6.62033236057848e-06,5.49221908476963e-06,2.57339992011998e-06,2.17783736106257e-06,100,100
1.549,24,1,2,1,1,1.4896577423884e-05,7.30732162042698e-06,6.58900969747404e-06,5.48576700170595e-06,2.57237014032385e-06,2.17602704928173e-06,100,100
1.55,24,1,2,1,1,1.48474963038705e-05,7.28764309157154e-06,6.55778122923877e-06,5.47865480212217e-06,2.57134597311926e-06,2.1736771003267e-06,100,100
1.551,24,1,2,1,1,1.47964881259545e-05,7.26821537295354e-06,6.52661786310822e-06,5.47087441083441e-06,2.57031659244949e-06,2.17074942356008e-06,100,100
1.552,24,1,2,1,1,1.47435501793699e-05,7.24904716630517e-06,6.49548227621356e-06,5.46243652316377e-06,2.56926669873006e-06,2.16720210881797e-06,100,100
1.553,24,1,2,1,1,1.4688659082877e-05,7.23013869641503e-06,6.4643876624942e-06,5.44436627543981e-06,2.5656263890227e-06,2.16299839695786e-06,100,100
1.554,24,1,2,1,1,1.46318185207831e-05,7.21147973687813e-06,6.43338998508289e-06,5.41120058807501e-06,2.56178500099941e-06,2.15816458338204e-06,100,100
1.555,24,1,2,1,1,1.45730927832954e-05,7.19307623252425e-06,6.40590466055923e-06,5.37664553856666e-06,2.55808344455132e-06,2.15279609028484e-06,100,100
1.556,24,1,1,1,1,1.45125354064573e-05,7.17492086868142e-06,6.3867271874651e-06,5.34270993036166e-06,2.55443195124641e-06,2.14695633195692e-06,100,100
1.557,23,1,1,1,1,1.4450149545578e-05,7.15695639415336e-06,6.36739296799932e-06,5.30890388182465e-06,2.55075261249203e-06,2.14064431635742e-06,100,100
1.558,23,1,1,1,1,1.43859346205307e-05,7.13912668433488e-06,6.34793164679225e-06,5.27376553380951e-06,2.54697942411895e-06,2.13802345156746e-06,100,100
1.559,23,1,1,1,1,1.43199054290593e-05,7.12140780676175e-06,6.32838176612469e-06,5.23732429158504e-06,2.54307625434077e-06,2.14245052342548e-06,100,100
1.56,23,1,1,1,1,1.42520389166886e-05,7.10381052654319e-06,6.30880149113895e-06,5.19960380638005e-06,2.53905703600286e-06,2.14707707151132e-06,100,100
1.561,23,1,1,1,1,1.41823102809781e-05,7.08637056789648e-06,6.28920130036352e-06,5.16616533618439e-06,2.53497361765442e-06,2.15185928925139e-06,100,100
1.562,23,1,1,1,1,1.41107375338836e-05,7.06909479028179e-06,6.26953567891736e-06,5.13314616865922e-06,2.53089905499988e-06,2.15679907732009e-06,100,100
1.563,23,1,1,1,1,1.4037382941488e-05,7.05200316259292e-06,6.24973776352662e-06,5.08703780684051e-06,2.52687639589094e-06,2.15593393045547e-06,100,100
1.564,23,1,1,1,1,1.39623623519543e-05,7.03515517612311e-06,6.22972671974276e-06,5.03942530441166e-06,2.52289344228679e-06,2.15517308859772e-06,100,100
1.565,23,1,1,1,1,1.38857581598193e-05,7.01857293796083e-06,6.20944854257493e-06,4.99036824045488e-06,2.51892206644077e-06,2.15486811732521e-06,100,100
1.566,23,1,1,1,1,1.38075691120239e-05,7.00223242986202e-06,6.18889198775245e-06,4.93992165576711e-06,2.51496149699986e-06,2.15497220926909e-06,100,100
1.567,22,1,1,1,1,1.37277772228443e-05,6.98608876739669e-06,6.16805270240819e-06,4.88811122066861e-06,2.51103063280317e-06,2.14863989259733e-06,100,100
1.568,21,1,1,1,1,1.36463672591019e-05,6.97010074594751e-06,6.14692826085528e-06,4.83493508642431e-06,2.5071203115257e-06,2.14120212354798e-06,100,100
1.569,21,1,1,1,1,1.35632911910885e-05,6.9542389103925e-06,6.12552552623124e-06,4.78040065603675e-06,2.50396545489729e-06,2.13380064441318e-06,100,100
1.57,20,1,1,1,1,1.34784815841168e-05,6.93847976794576e-06,6.10382388236272e-06,4.72452110264795e-06,2.50516428392046e-06,2.12645221670033e-06,100,100
1.571,20,1,1,1,1,1.33918937724263e-05,6.92283230820685e-06,6.08176955453853e-06,4.66785407057172e-06,2.50554061244029e-06,2.12267759097943e-06,100,100
1.572,20,1,1,1,1,1.33035253407139e-05,6.90731828162688e-06,6.05934868314018e-06,4.61488408917156e-06,2.50344669093512e-06,2.11983138355443e-06,100,100
1.573,19,1,1,1,1,1.32133922593745e-05,6.89193005594823e-06,6.0366005017303e-06,4.56104440700057e-06,2.49815056794543e-06,2.11684594645949e-06,100,100
1.574,19,1,1,1,1,1.31214926998918e-05,6.87664388059216e-06,6.01354533997527e-06,4.50644831128258e-06,2.48250842138381e-06,2.11376223091864e-06,100,100
1.575,19,1,1,1,1,1.30278201366281e-05,6.86145854762314e-06,5.99021415861065e-06,4.45119717281366e-06,2.46642631905344e-06,2.10510187174088e-06,100,100
1.576,19,1,1,1,1,1.29324031867745e-05,6.84639284827967e-06,5.966684498686e-06,4.41434816476471e-06,2.45895276763889e-06,2.09667094554563e-06,100,100
1.577,17,1,1,1,1,1.28353345627378e-05,6.83146044089567e-06,5.94299818059259e-06,4.38696781827215e-06,2.45199010083007e-06,2.08871581650685e-06,100,100
1.578,17,1,1,1,1,1.27367037521307e-05,6.81667708733776e-06,5.9191585296334e-06,4.35919239705593e-06,2.44511008753295e-06,2.08129479197851e-06,100,100
1.579,17,1,1,1,1,1.26364964274845e-05,6.8020693965792e-06,5.89515525325257e-06,4.33105954350967e-06,2.43833244389343e-06,2.08166296327351e-06,100,100
1.58,17,1,1,1,1,1.25346655422944e-05,6.78764906040848e-06,5.870963528745e-06,4.302563560106e-06,2.43344164361539e-06,2.08819312528578e-06,100,100
1.581,15,1,1,1,1,1.24312049127146e-05,6.77338056900515e-06,5.84659342459578e-06,4.27367932330019e-06,2.43726130315706e-06,2.09311867660491e-06,100,100
1.582,14,1,1,1,1,1.23431444291731e-05,6.75922567067652e-06,5.82206422014127e-06,4.2610668585055e-06,2.43692753044342e-06,2.09081094427406e-06,100,100
1.583,12,1,1,1,1,1.22765614767292e-05,6.74519706135966e-06,5.79749919663937e-06,4.23624190766304e-06,2.42747923019643e-06,2.08875528392611e-06,100,100
1.584,12,1,1,1,1,1.220947295668e-05,6.73132223006569e-06,5.77927662366008e-06,4.21110260985696e-06,2.41864913114168e-06,2.08693579419067e-06,100,100
1.585,12,1,1,1,1,1.21418923633129e-05,6.71760339183157e-06,5.76095503648335e-06,4.18564591815618e-06,2.40323972670348e-06,2.08532427337144e-06,100,100
1.586,12,1,1,1,1,1.20738307229049e-05,6.70404741674377e-06,5.74258612371088e-06,4.15986953892584e-06,2.3871216294679e-06,2.08389340104417e-06,100,100
1.587,12,1,1,1,1,1.20053028310681e-05,6.69067340066087e-06,5.72420357836257e-06,4.13376804924706e-06,2.37093020951508e-06,2.08262939718627e-06,100,100
1.588,12,1,1,1,1,1.19363199008486e-05,6.67749742356495e-06,5.70583286156686e-06,4.10734497245887e-06,2.35472239723489e-06,2.08154215883204e-06,100,100
1.589,12,1,1,1,1,1.18668942608668e-05,6.66451602216313e-06,5.68749501939838e-06,4.08060545205285e-06,2.33852778581566e-06,2.07997441592669e-06,100,100
1.59,9,1,1,1,1,1.17970442596477e-05,6.65169638353708e-06,5.66920116112271e-06,4.05356301827087e-06,2.32235142464477e-06,2.07739974829679e-06,100,100
1.591,9,1,1,1,1,1.1726794140223e-05,6.63901669955216e-06,5.65094808924909e-06,4.02622468972825e-06,2.30618046952933e-06,2.07294126780592e-06,100,100
1.592,9,1,1,1,1,1.16561727368768e-05,6.62646225550501e-06,5.63273991587783e-06,3.98673293891679e-06,2.28997728286758e-06,2.06849407602367e-06,100,100
1.593,9,1,1,1,1,1.15851986424568e-05,6.61402050117461e-06,5.61460519758721e-06,3.92559719620512e-06,2.27372033528749e-06,2.06404392094383e-06,100,100
1.594,9,1,1,1,1,1.15138771476224e-05,6.60169077565512e-06,5.59654366859791e-06,3.86428263921747e-06,2.2579763826214e-06,2.05960226222057e-06,100,100
1.595,9,1,1,1,1,1.1451292365679e-05,6.5894748818415e-06,5.57851971419792e-06,3.81713770659558e-06,2.24812166103718e-06,2.05520849246829e-06,100,100
1.596,9,1,1,1,1,1.13663201954576e-05,6.57738877777462e-06,5.56055346603219e-06,3.78777911692482e-06,2.23899855267067e-06,2.05089880192093e-06,100,100
1.597,9,1,1,1,1,1.12772640095486e-05,6.56545507627757e-06,5.54270753285615e-06,3.75862361155856e-06,2.238441129086e-06,2.04666694488349e-06,100,100
1.598,9,1,1,1,1,1.11876449560997e-05,6.55367632086536e-06,5.5250266722751e-06,3.72968233209969e-06,2.23714989926194e-06,2.04249070482521e-06,100,100
1.599,9,1,1,1,1,1.10975507818295e-05,6.54204067844108e-06,5.50754698490709e-06,3.7009929124526e-06,2.23520316510679e-06,2.0383651611339e-06,100,100
1.6,7,1,1,1,1,1.10070671261914e-05,6.5305387113467e-06,5.49029446290939e-06,3.67256982511622e-06,2.23264926222301e-06,2.03429749736163e-06,100,100
1.601,7,1,1,1,1,1.09162425290123e-05,6.51916365482098e-06,5.47327405693635e-06,3.64441734602551e-06,2.22949151732814e-06,2.03030327925323e-06,100,100
1.602,7,1,1,1,1,1.08251169835917e-05,6.50791193351171e-06,5.45645996258396e-06,3.61657021526175e-06,2.22571387136526e-06,2.02638924384892e-06,100,100
1.603,7,1,1,1,1,1.07337214304574e-05,6.49677309295514e-06,5.43981894105582e-06,3.58905379531439e-06,2.22129889832896e-06,2.02255009576495e-06,100,100
1.604,6,1,1,1,1,1.06420659316522e-05,6.48573557550754e-06,5.42334744732625e-06,3.56184190823661e-06,2.21626286225056e-06,2.01877859790152e-06,100,100
1.605,6,1,1,1,1,1.05501482432265e-05,6.47480900601155e-06,5.40703313279664e-06,3.5349197339045e-06,2.21065538459759e-06,2.01506530611167e-06,100,100
1.606,6,1,1,1,1,1.04579448709419e-05,6.46399595960421e-06,5.39085028908298e-06,3.48434237176984e-06,2.20450925483382e-06,2.01140532991029e-06,100,100
1.607,6,1,1,1,1,1.0365418626638e-05,6.45325918213057e-06,5.37480815544976e-06,3.41849042997288e-06,2.19783749486293e-06,2.01000053924484e-06,100,100
1.608,6,1,1,1,1,1.02725380583646e-05,6.44255365081207e-06,5.35891828913587e-06,3.35247141929827e-06,2.19065543452092e-06,2.01059152076944e-06,100,100
1.609,6,1,1,1,1,1.01793104053271e-05,6.43182323675566e-06,5.34319032515286e-06,3.28627844524662e-06,2.1829676796476e-06,2.00713757819563e-06,100,100
1.61,5,1,1,1,1,1.00857676326037e-05,6.42100224309161e-06,5.32764553032508e-06,3.21991372852981e-06,2.1790050181181e-06,2.00204778794355e-06,100,100
1.611,5,1,1,1,1,9.99193056952455e-06,6.41008588840899e-06,5.31227861348443e-06,3.15338068695428e-06,2.18540789689047e-06,1.99996200897709e-06,100,100
1.612,5,1,1,1,1,9.89781554182586e-06,6.39913240518239e-06,5.29706680496754e-06,3.08668120739413e-06,2.19150289026869e-06,1.99817450784293e-06,100,100
1.613,5,1,1,1,1,9.80342898426847e-06,6.3882003601084e-06,5.28199176385384e-06,3.0198262764576e-06,2.19730110725659e-06,1.99646707333393e-06,100,100
1.614,4,1,1,1,1,9.70878623092188e-06,6.37730845022217e-06,5.27448944926228e-06,2.9533122875319e-06,2.20282004101134e-06,1.99484873747563e-06,100,100
1.615,4,1,1,1,1,9.61393160108322e-06,6.36645160888856e-06,5.27948219832952e-06,2.93492471393549e-06,2.20809283254934e-06,1.99579327810248e-06,100,100
1.616,4,1,1,1,1,9.51889862324746e-06,6.35563356851816e-06,5.28470297327189e-06,2.92679400107667e-06,2.21314633115961e-06,1.9965808763046e-06,100,100
1.617,3,1,1,1,1,9.42371211770087e-06,6.34487192063534e-06,5.29011657818235e-06,2.87542286329823e-06,2.22946436623196e-06,1.99618265261742e-06,100,100
1.618,3,1,1,1,1,9.32841842242437e-06,6.33419019001295e-06,5.29570177551597e-06,2.81288002924245e-06,2.24569441339191e-06,1.99603303894456e-06,100,100
1.619,3,1,1,1,1,9.23306461408859e-06,6.32358386471781e-06,5.30143351915537e-06,2.7502591370741e-06,2.26178171863057e-06,1.99610252760377e-06,100,100
1.62,3,1,1,1,1,9.13844493665482e-06,6.31301557018702e-06,5.30727473481801e-06,2.68757438651866e-06,2.26937985745321e-06,1.99635505262316e-06,100,100
1.621,3,1,1,1,1,9.06719543944253e-06,6.30247269040732e-06,5.31319085553081e-06,2.63756982627809e-06,2.27288090440011e-06,1.99673253691999e-06,100,100
1.622,3,1,1,1,1,8.9947148404572e-06,6.29198299654383e-06,5.31916704179194e-06,2.59734496342603e-06,2.27630695904825e-06,1.99718179900115e-06,100,100
1.623,2,1,1,1,1,8.92227236684152e-06,6.28157213971679e-06,5.3252015761114e-06,2.55731359804169e-06,2.27966832288032e-06,1.99768773542307e-06,100,100
1.624,1,1,1,1,1,8.84987957700465e-06,6.27124357795946e-06,5.33128317787212e-06,2.51749296898263e-06,2.26829685490912e-06,1.99823743218862e-06,100,100
1.625,1,1,1,1,1,8.77754303632039e-06,6.2610041629526e-06,5.33738426132756e-06,2.50738670623515e-06,2.2565706350346e-06,1.998799565891e-06,100,100
1.626,1,1,1,1,1,8.70530178174683e-06,6.25087548320244e-06,5.34347513026632e-06,2.51333248939065e-06,2.24481800882717e-06,1.99932970215197e-06,100,100
1.627,1,1,1,1,1,8.63320818757238e-06,6.24086921173344e-06,5.34953642665247e-06,2.48662367858876e-06,2.23303360198691e-06,2.0021371293798e-06,100,100
1.628,1,1,1,1,1,8.56130350761327e-06,6.23098835230164e-06,5.35555569766298e-06,2.43288234064867e-06,2.22122915338578e-06,2.00870207093096e-06,100,100
1.629,1,1,1,1,1,8.48963831164474e-06,6.22123074527846e-06,5.36152219209017e-06,2.40430327552618e-06,2.20941539873829e-06,2.01528746454754e-06,100,100
1.63,1,1,1,1,1,8.41825319373816e-06,6.21155820208625e-06,5.36740881497099e-06,2.40992270198784e-06,2.19762567349845e-06,2.0219319931366e-06,100,100
1.631,1,1,1,1,0,8.34716174123996e-06,6.20191710646589e-06,5.37316403033596e-06,2.37415524485561e-06,2.18590160781782e-06,2.02860968471251e-06,100,100
1.632,1,1,1,1,0,8.27638175907706e-06,6.19230263034062e-06,5.37874425989228e-06,2.3405159297679e-06,2.17427534647315e-06,2.03522607721704e-06,100,100
1.633,1,1,1,1,0,8.20593750154639e-06,6.18273350841668e-06,5.3841475586713e-06,2.34079331107732e-06,2.16159166215898e-06,2.04174884628101e-06,100,100
1.634,1,1,1,1,0,8.10585362968562e-06,6.17323446137946e-06,5.38939085097247e-06,2.33043118801583e-06,2.14702521427802e-06,2.04245350624911e-06,100,100
1.635,1,1,1,1,0,7.9757742104105e-06,6.16385403970572e-06,5.39448187043474e-06,2.29915199270096e-06,2.14284733973748e-06,2.04276902665786e-06,100,100
1.636,1,1,1,1,0,7.84617814426303e-06,6.16046720238649e-06,5.3994216521781e-06,2.26019526890862e-06,2.1403328839113e-06,2.04313312847025e-06,100,100
1.637,1,1,1,1,0,7.71714781722155e-06,6.15989878882136e-06,5.40421115366991e-06,2.24218471658476e-06,2.12731315160507e-06,2.04353893375747e-06,100,100
1.638,1,1,1,1,0,7.58874049669775e-06,6.14729366779172e-06,5.40886096951512e-06,2.26236083247815e-06,2.10560142727073e-06,2.04397480781079e-06,100,100
1.639,1,1,1,1,0,7.46096421794213e-06,6.13472030928825e-06,5.41337729141964e-06,2.22320128118791e-06,2.08498788699454e-06,2.04149376991827e-06,100,100
1.64,1,1,1,1,0,7.33383265084991e-06,6.12221356137574e-06,5.41775621512243e-06,2.18174337035691e-06,2.06881992453368e-06,2.03836683154583e-06,100,100
1.641,1,1,1,1,0,7.24850499346226e-06,6.10978614451454e-06,5.42199229588085e-06,2.14704194516857e-06,2.05333818457759e-06,2.035166142476e-06,100,100
1.642,1,1,1,1,0,7.18154991514353e-06,6.09741906856091e-06,5.42607032122159e-06,2.11584835003978e-06,2.04579419395786e-06,2.0318817995413e-06,100,100
1.643,1,1,1,1,0,7.11512908536803e-06,6.08508412845615e-06,5.42997373108157e-06,2.12443565671818e-06,2.03827472384186e-06,2.02851761939813e-06,100,100
1.644,1,1,1,1,0,7.04924967706003e-06,6.07276136429509e-06,5.43369698238803e-06,2.08800431779086e-06,2.03076772029157e-06,2.02510136043513e-06,100,100
1.645,1,1,1,1,0,6.98388519043138e-06,6.06044908749845e-06,5.43722845446192e-06,2.02639629110992e-06,2.02326035585935e-06,2.02166230618236e-06,100,100
1.646,1,0,1,1,0,6.91901782208922e-06,6.04813179117064e-06,5.44054463379413e-06,2.02242809689246e-06,2.01728725502345e-06,2.01856514924486e-06,100,100
1.647,1,0,1,1,0,6.83826159798111e-06,6.03578259439568e-06,5.44363330598105e-06,2.02038320444494e-06,2.00891491424017e-06,2.02267661179124e-06,100,100
1.648,1,0,1,1,0,6.72935609134613e-06,6.02340041150997e-06,5.4464978317773e-06,2.00078851176298e-06,2.0007894366032e-06,2.02667435112766e-06,100,100
1.649,1,0,1,1,0,6.67105550221238e-06,6.01099525430371e-06,5.4491348256847e-06,1.99337100617294e-06,1.99337100617294e-06,2.02879404718995e-06,100,100
1.65,1,0,1,1,0,6.61336498541296e-06,5.99857227323694e-06,5.4515256840779e-06,1.98601334345037e-06,1.98601334345037e-06,2.02697365244686e-06,100,100
1.651,1,0,1,1,0,6.55630994396792e-06,5.98615001325559e-06,5.45364723734575e-06,1.98061374517655e-06,1.98061374517655e-06,2.02940628887214e-06,100,100
1.652,1,0,1,1,0,6.49991122432554e-06,5.97376237911525e-06,5.45549858447873e-06,1.95615261702645e-06,1.97719831854496e-06,2.03144912704532e-06,100,100
1.653,1,0,1,1,0,6.44415996002477e-06,5.96145256695065e-06,5.45710278511902e-06,1.97327020226401e-06,1.97894247873159e-06,2.03308991545674e-06,100,100
1.654,1,0,1,1,0,6.38903427191345e-06,5.94926458246637e-06,5.45845701566282e-06,1.96976147741356e-06,1.98067429687835e-06,2.03431943935718e-06,100,100
1.655,1,0,1,1,0,6.33453958109394e-06,5.93722283051859e-06,5.45953456171978e-06,1.96635115802012e-06,1.98239796794478e-06,2.03513051389647e-06,100,100
1.656,1,0,1,1,0,6.2806957191627e-06,5.92533569012684e-06,5.46033361758367e-06,1.94865132516559e-06,1.98411915948977e-06,2.0341418517068e-06,100,100
1.657,1,0,1,1,0,6.22751191019435e-06,5.91360517889207e-06,5.46087537171238e-06,1.95389761495908e-06,1.98583273280589e-06,2.0321772172369e-06,100,100
1.658,1,0,1,1,0,6.1749861955411e-06,5.90202703909384e-06,5.46117078077393e-06,1.92533158029368e-06,1.98752766535592e-06,2.03004579521771e-06,100,100
1.659,1,0,1,1,0,6.12310762630769e-06,5.89058894774269e-06,5.4612152862383e-06,1.90335594982649e-06,1.98920139254807e-06,2.02537327741961e-06,100,100
1.66,0,0,0,0,0,6.12237304352227e-06,5.87927071043021e-06,5.46101560299502e-06,1.88506853302923e-06,1.98731767750531e-06,2.01948966982765e-06,100,100
1.661,0,0,0,0,0,6.12308387094451e-06,5.86958298486446e-06,5.46059623824418e-06,1.89211569130601e-06,1.98207723773542e-06,2.01350686222309e-06,100,100
1.662,0,0,0,0,0,6.12370500418941e-06,5.86170295451333e-06,5.45998233057874e-06,1.87103654841418e-06,1.97716992158552e-06,2.00743142737724e-06,100,100
1.663,0,0,0,0,0,6.12423581955252e-06,5.85383674347825e-06,5.45918587680515e-06,1.86189118348007e-06,1.97256133471797e-06,2.00128397551601e-06,100,100
1.664,0,0,0,0,0,6.12467682793834e-06,5.84598119162379e-06,5.45820842852559e-06,1.85434649623266e-06,1.96822075068185e-06,1.99508882026295e-06,100,100
1.665,0,0,0,0,0,6.12502947515813e-06,5.83813939784679e-06,5.45705373090296e-06,1.846904753227e-06,1.96412375998495e-06,1.98887186703869e-06,100,100
1.666,0,0,0,0,0,6.12530104281861e-06,5.83031579917554e-06,5.45572518806753e-06,1.88767199207463e-06,1.96025834682594e-06,1.98267257533075e-06,100,100
1.667,0,0,0,0,0,6.1255006733609e-06,5.82251675748789e-06,5.4542326473496e-06,1.89291000088402e-06,1.95663579174039e-06,1.9765297761078e-06,100,100
1.668,0,0,0,0,0,6.11491189366812e-06,5.81474870246845e-06,5.45259053793669e-06,1.89332865912816e-06,1.95326469507131e-06,1.97045068647777e-06,100,100
1.669,0,0,0,0,0,6.09093302876372e-06,5.80699990000169e-06,5.45079471358757e-06,1.85161742945567e-06,1.94714692533636e-06,1.96442415812647e-06,100,100
1.67,0,0,0,0,0,6.06734198029831e-06,5.79925110472549e-06,5.44883091434108e-06,1.8163093319024e-06,1.94011627609853e-06,1.95844678965573e-06,100,100
1.671,0,0,0,0,0,6.04411807745709e-06,5.79149410699645e-06,5.44668938376233e-06,1.82306810323447e-06,1.93325931237879e-06,1.9525278165168e-06,100,100
1.672,0,0,0,0,0,6.0212590497227e-06,5.78373110446218e-06,5.44436691441231e-06,1.84268317762799e-06,1.92659128424793e-06,1.94957844094012e-06,100,100
1.673,0,0,0,0,0,5.99877155313709e-06,5.77596476339808e-06,5.44187003581475e-06,1.86199710598299e-06,1.9201335391758e-06,1.94531629235848e-06,100,100
1.674,0,0,0,0,0,5.97664227746259e-06,5.76818261661322e-06,5.43921118547347e-06,1.83398850095433e-06,1.91530621445934e-06,1.939252326306e-06,100,100
1.675,0,0,0,0,0,5.95486413179379e-06,5.76037994490984e-06,5.43640598490968e-06,1.85462218386157e-06,1.91201299594929e-06,1.93231799672115e-06,100,100
1.676,0,0,0,0,0,5.93344224931757e-06,5.75256645641262e-06,5.43346860774329e-06,1.88280946592187e-06,1.90871332946638e-06,1.92541274456235e-06,100,100
1.677,0,0,0,0,0,5.91236771593417e-06,5.74473849714588e-06,5.43040446728344e-06,1.85583582792267e-06,1.90541318548023e-06,1.91959318945764e-06,100,100
1.678,0,0,0,0,0,5.89162916999365e-06,5.73689246874926e-06,5.4272176977309e-06,1.88168793543701e-06,1.90211159672358e-06,1.91463513545231e-06,100,100
1.679,0,0,0,0,0,5.8712207061958e-06,5.72903069815411e-06,5.42392438737348e-06,1.90500266902518e-06,1.89880025204316e-06,1.91185292656004e-06,100,100
1.68,0,0,0,0,0,5.85114050647505e-06,5.72116076583294e-06,5.42054354633247e-06,1.92411331184229e-06,1.89547937105667e-06,1.91271440722618e-06,100,100
1.681,0,0,0,0,0,5.83140028355961e-06,5.7133066169068e-06,5.41709058744913e-06,1.95083494643702e-06,1.89216861480266e-06,1.91357196996879e-06,100,100
1.682,0,0,0,0,0,5.81200952096786e-06,5.70548410359889e-06,5.41358352085786e-06,1.99190283285674e-06,1.88889509098607e-06,1.91442830256604e-06,100,100
1.683,0,0,0,0,0,5.79296634932811e-06,5.6976868034968e-06,5.41003602054057e-06,2.01102726294578e-06,1.88567303888839e-06,1.91528742992415e-06,100,100
1.684,0,0,0,0,0,5.77426942340347e-06,5.68991474804802e-06,5.40644919800326e-06,2.01793212094316e-06,1.88249864381624e-06,1.91614651219314e-06,100,100
1.685,0,0,0,0,0,5.75591256672313e-06,5.68218496805952e-06,5.40282043064798e-06,2.01547266237233e-06,1.8793559616045e-06,1.91700085643642e-06,100,100
1.686,0,0,0,0,0,5.73788630115608e-06,5.67450994122066e-06,5.39915938975781e-06,2.00800015655149e-06,1.87622581163822e-06,1.91785087639403e-06,100,100
1.687,0,0,0,0,0,5.72018452510536e-06,5.66688883702413e-06,5.39548635368887e-06,1.98937916976934e-06,1.87053067894831e-06,1.9186925743072e-06,100,100
1.688,0,0,0,0,0,5.70281031451913e-06,5.65932275775803e-06,5.39182264599583e-06,1.96046284131329e-06,1.86051576000503e-06,1.9195187381097e-06,100,100
1.689,0,0,0,0,0,5.68577397889727e-06,5.65182474066131e-06,5.38819117900141e-06,1.93214746102492e-06,1.85239702220057e-06,1.92032530414181e-06,100,100
1.69,0,0,0,0,0,5.66908151421259e-06,5.64440857666185e-06,5.38461133119092e-06,1.92830023403293e-06,1.84575732151817e-06,1.92110626575644e-06,100,100
1.691,0,0,0,0,0,5.65274925323061e-06,5.63708330584043e-06,5.38109422998679e-06,1.94056143694677e-06,1.83945487726879e-06,1.92084903598068e-06,100,100
1.692,0,0,0,0,0,5.63679786005843e-06,5.62985886801935e-06,5.37764278528678e-06,1.92759086055811e-06,1.83654483569122e-06,1.91639183418958e-06,100,100
1.693,0,0,0,0,0,5.62123002911323e-06,5.62275092363813e-06,5.37425687668169e-06,1.91496784395587e-06,1.83418033622168e-06,1.91208490151659e-06,100,100
1.694,0,0,0,0,0,5.60978993459784e-06,5.61578796093204e-06,5.37094509274922e-06,1.91890027912103e-06,1.83202875966344e-06,1.90792800873243e-06,100,100
1.695,0,0,0,0,0,5.60575039460817e-06,5.60900263309546e-06,5.36771626233815e-06,1.90630707684782e-06,1.8300843445484e-06,1.90392160105213e-06,100,100
1.696,0,0,0,0,0,5.61290719199279e-06,5.60241019271879e-06,5.36456981367169e-06,1.89400926563123e-06,1.82833778705919e-06,1.90006397676839e-06,100,100
1.697,0,0,0,0,0,5.61987319308376e-06,5.59600703842004e-06,5.3615083013065e-06,1.89167917249733e-06,1.82677942419388e-06,1.8963452594334e-06,100,100
1.698,0,0,0,0,0,5.62663923414875e-06,5.58978432037818e-06,5.358538440584e-06,1.91735540240615e-06,1.82540196866756e-06,1.89275342327455e-06,100,100
1.699,0,0,0,0,0,5.63320153812286e-06,5.58373847434759e-06,5.35566273710512e-06,1.93569135500201e-06,1.82419179073942e-06,1.88928607770051e-06,100,100
1.7,0,0,0,0,0,5.63956052321996e-06,5.57786997994563e-06,5.35288811751262e-06,1.9457209609739e-06,1.8231354293317e-06,1.88622222006489e-06,100,100
1.701,0,0,0,0,0,5.64571064304134e-06,5.57217312525108e-06,5.35022758254662e-06,1.94396085259785e-06,1.82222905604395e-06,1.88400148073752e-06,100,100
1.702,0,0,0,0,0,5.65823142342954e-06,5.56664075921036e-06,5.34769040495471e-06,1.93518187640717e-06,1.82147348762451e-06,1.88188814524418e-06,100,100
1.703,0,0,0,0,0,5.67628766237051e-06,5.56127809626879e-06,5.34528500413077e-06,1.9546128683169e-06,1.82086740872376e-06,1.87987085996474e-06,100,100
1.704,0,0,0,0,0,5.69376619452366e-06,5.56041909057045e-06,5.34301650842541e-06,1.96333100491224e-06,1.82040699017885e-06,1.87793745855663e-06,100,100
1.705,0,0,0,0,0,5.71065918738325e-06,5.55998947097081e-06,5.34088215390532e-06,1.96727293979881e-06,1.82008608181096e-06,1.8760855614783e-06,100,100
1.706,0,0,0,0,0,5.72695314544385e-06,5.55962462093766e-06,5.33887800934338e-06,1.97272267898037e-06,1.81989240878289e-06,1.87431341594112e-06,100,100
1.707,0,0,0,0,0,5.74263906012909e-06,5.55933129547138e-06,5.33700162391556e-06,1.97958393543976e-06,1.82066518060172e-06,1.87262048168741e-06,100,100
1.708,0,0,0,0,0,5.75771825067079e-06,5.55911967410917e-06,5.33525534447032e-06,1.98611139704701e-06,1.82155469118595e-06,1.87223921989175e-06,100,100
1.709,0,0,0,0,0,5.77219559894029e-06,5.55899458380894e-06,5.33364312187001e-06,2.00841317430609e-06,1.8225003184719e-06,1.87336663318972e-06,100,100
1.71,0,0,0,0,0,5.78607015230365e-06,5.55895059260742e-06,5.33216426921175e-06,2.0317577660727e-06,1.82540987479245e-06,1.87494729046066e-06,100,100
1.711,0,0,0,0,0,5.79933510181731e-06,5.55898179500865e-06,5.3308154649038e-06,2.03285955598576e-06,1.82712726514095e-06,1.87640762572745e-06,100,100
1.712,0,0,0,0,0,5.81198418424401e-06,5.55908410059309e-06,5.3295912247769e-06,2.02486842496419e-06,1.82873687131552e-06,1.87775674910307e-06,100,100
1.713,0,0,0,0,0,5.82401963525777e-06,5.55925121025246e-06,5.32848618745686e-06,2.02257022389696e-06,1.83023712901647e-06,1.87900243849337e-06,100,100
1.714,0,0,0,0,0,5.8354516903985e-06,5.55947962901206e-06,5.32749816699048e-06,2.03477630780928e-06,1.83163074775806e-06,1.88014802502418e-06,100,100
1.715,0,0,0,0,0,5.84628787242622e-06,5.55976556663593e-06,5.32662393971881e-06,2.04470526251867e-06,1.83193642890468e-06,1.88119644341945e-06,100,100
1.716,0,0,0,0,0,5.85652667689788e-06,5.56010140607791e-06,5.32585699392504e-06,2.05424065058823e-06,1.83167443091739e-06,1.88215169686267e-06,100,100
1.717,0,0,0,0,0,5.86616492773345e-06,5.56048074315094e-06,5.32519013553497e-06,2.06675150915058e-06,1.83141517978019e-06,1.88301819321892e-06,100,100
1.718,0,0,0,0,0,5.87520288401429e-06,5.56089640343192e-06,5.32461516567331e-06,2.07232139822021e-06,1.83115693574719e-06,1.88380239340332e-06,100,100
1.719,0,0,0,0,0,5.88364077307344e-06,5.56133776517052e-06,5.32412302168224e-06,2.0678541064726e-06,1.83090032935451e-06,1.88450971483898e-06,100,100
1.72,0,0,0,0,0,5.89147688811249e-06,5.56179518340121e-06,5.32370552037399e-06,2.06369670357294e-06,1.83064739060249e-06,1.88514530110215e-06,100,100
1.721,0,0,0,0,0,5.89870800274334e-06,5.56226274252395e-06,5.32335534921743e-06,2.05984666189937e-06,1.8304000243476e-06,1.88571490503533e-06,100,100
1.722,0,0,0,0,0,5.9053325388669e-06,5.56273429272203e-06,5.3230657503402e-06,2.05629908898144e-06,1.83016320162131e-06,1.88622307252761e-06,100,100
1.723,0,0,0,0,0,5.9113532217926e-06,5.56320040445008e-06,5.3228305710672e-06,2.05305122924668e-06,1.8299424042518e-06,1.88667443057209e-06,100,100
1.724,0,0,0,0,0,5.91677665333627e-06,5.56365238096759e-06,5.32264376937292e-06,2.05010675867286e-06,1.8297389691841e-06,1.88707278265682e-06,100,100
1.725,0,0,0,0,0,5.92161154125916e-06,5.56408440527276e-06,5.32250020923685e-06,2.04747049493756e-06,1.82955352821036e-06,1.88742006936481e-06,100,100
1.726,0,0,0,0,0,5.92586683988496e-06,5.56449141565119e-06,5.32239514526079e-06,2.04514457035905e-06,1.82938978733348e-06,1.88771798210339e-06,100,100
1.727,0,0,0,0,0,5.92955126362112e-06,5.5648693073379e-06,5.32232235011374e-06,2.04312979922181e-06,1.82925067853334e-06,1.88797083751123e-06,100,100
1.728,0,0,0,0,0,5.93267412893731e-06,5.56521557098441e-06,5.32227487434166e-06,2.04142420206823e-06,1.82913660791558e-06,1.88818355532829e-06,100,100
1.729,0,0,0,0,0,5.9352445483724e-06,5.56552774326413e-06,5.32224673767242e-06,2.04002390469065e-06,1.82904745127568e-06,1.88835944642728e-06,100,100
1.73,0,0,0,0,0,5.93727015173566e-06,5.56580105416937e-06,5.3222331102183e-06,2.03892628194923e-06,1.82898460324076e-06,1.88850125005876e-06,100,100
1.731,0,0,0,0,0,5.93875721306038e-06,5.56602853794592e-06,5.32222991529137e-06,2.03812954722874e-06,1.82894963102289e-06,1.88861124033164e-06,100,100
1.732,0,0,0,0,0,5.93971179775313e-06,5.56620278589106e-06,5.32223391678632e-06,2.03763175839577e-06,1.82894252035229e-06,1.88869234731329e-06,100,100
1.733,0,0,0,0,0,5.94014059290688e-06,5.56631661176121e-06,5.3222422413855e-06,2.03743148516173e-06,1.82896281792532e-06,1.88874713541469e-06,100,100
1.734,0,0,0,0,0,5.94005110345642e-06,5.56636255670662e-06,5.32225144968727e-06,2.03752858667446e-06,1.82900987754697e-06,1.88877616266124e-06,100,100
1.735,0,0,0,0,0,5.93945194786753e-06,5.56633269752863e-06,5.32225690982576e-06,2.03792300765068e-06,1.82908246683741e-06,1.88877836402354e-06,100,100
1.736,0,0,0,0,0,5.93835190211689e-06,5.5662192750189e-06,5.32225258444392e-06,2.03861261226562e-06,1.82917951516769e-06,1.88875154398176e-06,100,100
1.737,0,0,0,0,0,5.93675843961436e-06,5.56601502537205e-06,5.32223131420887e-06,2.03959224299119e-06,1.82930014533912e-06,1.88869239992405e-06,100,100
1.738,0,0,0,0,0,5.9346773797408e-06,5.56571328517304e-06,5.32218507091019e-06,2.04085331047024e-06,1.82944403869349e-06,1.88859621235305e-06,100,100
1.739,0,0,0,0,0,5.93211261610995e-06,5.5653085360758e-06,5.32210416844068e-06,2.04238382786617e-06,1.82961215198517e-06,1.88845681494773e-06,100,100
1.74,0,0,0,0,0,5.9290663872742e-06,5.56479690295951e-06,5.32197684023567e-06,2.04416929138719e-06,1.82980646553442e-06,1.88826607534372e-06,100,100
1.741,0,0,0,0,0,5.92553995720496e-06,5.56417666385642e-06,5.32179072273064e-06,2.04619207793988e-06,1.83002978037132e-06,1.88801472967875e-06,100,100
1.742,0,0,0,0,0,5.92153214270224e-06,5.56344856743688e-06,5.32153483858893e-06,2.04843054751186e-06,1.83028552762803e-06,1.88769201104143e-06,100,100
1.743,0,0,0,0,0,5.91703911938287e-06,5.56261295670275e-06,5.32119899459265e-06,2.05085942547386e-06,1.83057903862706e-06,1.88728449871049e-06,100,100
1.744,0,0,0,0,0,5.91205672089363e-06,5.56166910751643e-06,5.32077188231048e-06,2.05345083425595e-06,1.830918780565e-06,1.88677825522906e-06,100,100
1.745,0,0,0,0,0,5.90658161734897e-06,5.56061718789434e-06,5.32024162754377e-06,2.05617702884205e-06,1.83131544130775e-06,1.8861586127283e-06,100,100
1.746,0,0,0,0,0,5.90060997134391e-06,5.55945829905021e-06,5.31959512777248e-06,2.05901231732084e-06,1.83178125113522e-06,1.88540933415344e-06,100,100
1.747,0,0,0,0,0,5.89413687006871e-06,5.5581948981353e-06,5.31881697313503e-06,2.06193264028183e-06,1.83233091624916e-06,1.88451480746538e-06,100,100
1.748,0,0,0,0,0,5.88715875126118e-06,5.55683220828636e-06,5.31789427407025e-06,2.06491315681494e-06,1.83298097467347e-06,1.88346166367162e-06,100,100
1.749,0,0,0,0,0,5.8796715399876e-06,5.55538094680869e-06,5.31681834852219e-06,2.06792566471685e-06,1.83374770372566e-06,1.88224014653685e-06,100,100
1.75,0,0,0,0,0,5.87166789128203e-06,5.55385650909788e-06,5.31558258977561e-06,2.06605115546745e-06,1.83464468903981e-06,1.88084313830439e-06,100,100
1.751,0,0,0,0,0,5.86313819049974e-06,5.55227242102755e-06,5.31418576085726e-06,2.06146550968837e-06,1.83568139592029e-06,1.87926472434421e-06,100,100
1.752,0,0,0,0,0,5.85407192521526e-06,5.5506376412299e-06,5.312629336478e-06,2.05661554997383e-06,1.83686743495486e-06,1.8775007745519e-06,100,100
1.753,0,0,0,0,0,5.84446002748762e-06,5.54896113605601e-06,5.31091108009878e-06,2.05428709485349e-06,1.83821730153764e-06,1.87554919313902e-06,100,100
1.754,0,0,0,0,0,5.83429462127857e-06,5.5472534839855e-06,5.30902862180851e-06,2.06122929654228e-06,1.83974765980484e-06,1.87340867603544e-06,100,100
1.755,0,0,0,0,0,5.8235696304454e-06,5.54552809967725e-06,5.30698577068532e-06,2.05160653832487e-06,1.8414746328694e-06,1.87107811430496e-06,100,100
1.756,0,0,0,0,0,5.81228251055579e-06,5.54380176435226e-06,5.30479501601274e-06,2.03535065141881e-06,1.84341143746754e-06,1.86855848522872e-06,100,100
1.757,0,0,0,0,0,5.80043264864411e-06,5.54209316210178e-06,5.30247317184482e-06,2.02400106882224e-06,1.8455672614888e-06,1.8658534715026e-06,100,100
1.758,0,0,0,0,0,5.78802075950929e-06,5.54042236185016e-06,5.30003444748152e-06,2.0127686659404e-06,1.84794941483525e-06,1.8629698846224e-06,100,100
1.759,0,0,0,0,0,5.77504821791937e-06,5.53881000332884e-06,5.29749301987663e-06,2.0082070069595e-06,1.85056398653315e-06,1.85991692068916e-06,100,100
1.76,0,0,0,0,0,5.76151945530496e-06,5.53728000121918e-06,5.29486378234316e-06,1.99638039985031e-06,1.85341929077176e-06,1.85670218884626e-06,100,100
1.761,0,0,0,0,0,5.74744506927711e-06,5.5358530708816e-06,5.29216009180989e-06,1.98626193271373e-06,1.85330731283028e-06,1.85333257223688e-06,100,100
1.762,0,0,0,0,0,5.73284191607215e-06,5.53454004923717e-06,5.28939062526046e-06,1.98154955708057e-06,1.850682535607e-06,1.84982015388143e-06,100,100
1.763,0,0,0,0,0,5.7177342606517e-06,5.53334746421614e-06,5.28655745299617e-06,1.97669821773358e-06,1.84775272272597e-06,1.84618072025251e-06,100,100
1.764,0,0,0,0,0,5.70214817304058e-06,5.53227922046362e-06,5.28366606658967e-06,1.97171014075611e-06,1.84448832470766e-06,1.84242897322555e-06,100,100
1.765,0,0,0,0,0,5.68610554460411e-06,5.53133815680999e-06,5.28072642313212e-06,1.96235610684951e-06,1.84085566917024e-06,1.83858315673264e-06,100,100
1.766,0,0,0,0,0,5.66963464208202e-06,5.53052814973852e-06,5.27775210819537e-06,1.94368980564003e-06,1.83681658816865e-06,1.83467246700086e-06,100,100
1.767,0,0,0,0,0,5.65277616712247e-06,5.52985205367096e-06,5.27476497550556e-06,1.92638174897124e-06,1.83232921652131e-06,1.83073337717762e-06,100,100
1.768,0,0,0,0,0,5.63557132569885e-06,5.52931030086093e-06,5.27178581090438e-06,1.91892068853011e-06,1.8273541623081e-06,1.82680496290983e-06,100,100
1.769,0,0,0,0,0,5.61806331684192e-06,5.52889721140833e-06,5.2688320671323e-06,1.90071534404104e-06,1.82185285369658e-06,1.8229282413722e-06,100,100
1.77,0,0,0,0,0,5.60030728833788e-06,5.5286026119649e-06,5.26592248034586e-06,1.8819234221429e-06,1.81579140957654e-06,1.81914128018691e-06,100,100
1.771,0,0,0,0,0,5.58236360239614e-06,5.52920376726189e-06,5.26307085293191e-06,1.86255275003803e-06,1.81588684598034e-06,1.81547954397588e-06,100,100
1.772,0,0,0,0,0,5.56944354220999e-06,5.53171964411888e-06,5.26028892935461e-06,1.84842466431434e-06,1.81783224202785e-06,1.81197711768257e-06,100,100
1.773,0,0,0,0,0,5.56138352808865e-06,5.53471821793837e-06,5.25759048102728e-06,1.85269891951833e-06,1.81987499226765e-06,1.80867258906003e-06,100,100
1.774,0,0,0,0,0,5.56063401290882e-06,5.53822035942392e-06,5.25498547967577e-06,1.85678272027521e-06,1.82200408341994e-06,1.80951433780955e-06,100,100
1.775,0,0,0,0,0,5.56469108437289e-06,5.54224481148688e-06,5.25248055329144e-06,1.86134761840779e-06,1.82420662030353e-06,1.81179803856022e-06,100,100
1.776,0,0,0,0,0,5.56929917909485e-06,5.5468162854147e-06,5.25008816147821e-06,1.87514859156011e-06,1.82647175437166e-06,1.81463616655302e-06,100,100
1.777,0,0,0,0,0,5.57448631742667e-06,5.55196274614378e-06,5.24782646573721e-06,1.89990403347928e-06,1.82879478682321e-06,1.81807019016617e-06,100,100
1.778,0,0,0,0,0,5.58027474556619e-06,5.55770645045443e-06,5.245707947696e-06,1.93180257388291e-06,1.8311756815188e-06,1.81632430558554e-06,100,100
1.779,0,0,0,0,0,5.58667631745898e-06,5.5640593675431e-06,5.2437415309982e-06,1.95765424723972e-06,1.83360820452732e-06,1.81142733838567e-06,100,100
1.78,0,0,0,0,0,5.59369825874555e-06,5.57102887626308e-06,5.24193796488166e-06,1.97904669610787e-06,1.83607559456348e-06,1.80655726567951e-06,100,100
1.781,0,0,0,0,0,5.60133830240777e-06,5.57861294284294e-06,5.24030830215166e-06,2.00058824524383e-06,1.83856588965373e-06,1.80342766746404e-06,100,100
1.782,0,0,0,0,0,5.60958420563955e-06,5.58679963355769e-06,5.23886113144245e-06,2.01799191897415e-06,1.84108013445667e-06,1.80483108245689e-06,100,100
1.783,0,0,0,0,0,5.61842387268987e-06,5.59557713904784e-06,5.23760527373272e-06,2.00571261056612e-06,1.84362292560852e-06,1.80648254581713e-06,100,100
1.784,0,0,0,0,0,5.62783953705435e-06,5.60492800874317e-06,5.23655287185149e-06,1.98367443421977e-06,1.84619923395274e-06,1.81151201816247e-06,100,100
1.785,0,0,0,0,0,5.63780553351038e-06,5.61482693878211e-06,5.23571750983182e-06,1.95721032775134e-06,1.84881710105266e-06,1.81875638459445e-06,100,100
1.786,0,0,0,0,0,5.64829685013788e-06,5.62524924989403e-06,5.23512208712965e-06,1.94313526360485e-06,1.85775027920765e-06,1.82648076704354e-06,100,100
1.787,0,0,0,0,0,5.65928388226906e-06,5.63616568634346e-06,5.23479422481478e-06,1.95779417950861e-06,1.86845705164751e-06,1.83469239395227e-06,100,100
1.788,0,0,0,0,0,5.67072796203809e-06,5.6475379781368e-06,5.23475387616191e-06,1.96649261336383e-06,1.87964754952502e-06,1.84339547158582e-06,100,100
1.789,0,0,0,0,0,5.68259424848651e-06,5.65933162774726e-06,5.23501509661349e-06,1.95820500182861e-06,1.8913178402473e-06,1.8525965555884e-06,100,100
1.79,0,0,0,0,0,5.69484840652916e-06,5.67151261818593e-06,5.23558861286167e-06,1.9299957550424e-06,1.90346290515762e-06,1.86267959330726e-06,100,100
1.791,0,0,0,0,0,5.70744009474348e-06,5.68403102133693e-06,5.23648656450653e-06,1.91982943130824e-06,1.91606607642692e-06,1.87456731080829e-06,100,100
1.792,0,0,0,0,0,5.7203110711981e-06,5.69695137671535e-06,5.23772228318146e-06,1.91383325985425e-06,1.92910277191503e-06,1.88654753658181e-06,100,100
1.793,0,0,0,0,0,5.73341198738249e-06,5.71446486612419e-06,5.23930855333202e-06,1.91833743076964e-06,1.94178892769152e-06,1.89858671655577e-06,100,100
1.794,0,0,0,0,0,5.74670616001194e-06,5.73209622542155e-06,5.24126097756382e-06,1.93945693760846e-06,1.94613211568881e-06,1.91065954162541e-06,100,100
1.795,0,0,0,0,0,5.76015310973474e-06,5.74980155609654e-06,5.2435885928187e-06,1.96351938451019e-06,1.95064367991831e-06,1.92274138547406e-06,100,100
1.796,0,0,0,0,0,5.77369954879371e-06,5.76751954948681e-06,5.24628718889566e-06,1.98630930472846e-06,1.95007307808741e-06,1.93480385390111e-06,100,100
1.797,0,0,0,0,0,5.7872979976503e-06,5.78519378999033e-06,5.24934593017754e-06,2.00657598132128e-06,1.94966793546014e-06,1.9468179510471e-06,100,100
1.798,0,0,0,0,0,5.80090329592041e-06,5.80278572623754e-06,5.25275587117107e-06,2.00245461403249e-06,1.96154030989495e-06,1.95875617093735e-06,100,100
1.799,0,0,0,0,0,5.81445819839418e-06,5.82025541209763e-06,5.25651115016224e-06,1.99851145593813e-06,1.96094503282516e-06,1.98023217950861e-06,100,100
1.8,0,0,0,0,0,5.8278999031557e-06,5.8378526133333e-06,5.26059705625227e-06,2.00810967103944e-06,1.95138246838867e-06,2.01600677659038e-06,100,100
1.801,0,0,0,0,0,5.84116929140136e-06,5.85846083622026e-06,5.26498503284976e-06,2.02249429477916e-06,1.95092504083316e-06,2.04478108518805e-06,100,100
1.802,0,0,0,0,0,5.84947867358709e-06,5.8790101357573e-06,5.26964302459445e-06,2.03733273470504e-06,1.95196221987309e-06,2.05013289548368e-06,100,100
1.803,0,0,0,0,0,5.85416694141103e-06,5.89944573668356e-06,5.27454004429497e-06,2.04677485326543e-06,1.97000618704541e-06,2.0506065604185e-06,100,100
1.804,0,0,0,0,0,5.85951481503377e-06,5.91971767201437e-06,5.27964560017538e-06,2.05383852544058e-06,1.99072867625763e-06,2.04877684819834e-06,100,100
1.805,0,0,0,0,0,5.8655135095961e-06,5.93979063984815e-06,5.28493863302634e-06,2.06075778555475e-06,1.99406377449354e-06,2.04714752449832e-06,100,100
1.806,0,0,0,0,0,5.87215457339606e-06,5.95964061276232e-06,5.29040423034554e-06,2.0583801877597e-06,1.98025069946415e-06,2.04571861481335e-06,100,100
1.807,0,0,0,0,0,5.87942976908901e-06,5.97923781176545e-06,5.29602805831924e-06,2.0475861177403e-06,1.97886246873967e-06,2.04448679075133e-06,100,100
1.808,0,0,0,0,0,5.88733486873143e-06,5.99854817776013e-06,5.30179478070304e-06,2.03679943528324e-06,1.99986900236373e-06,2.04836745834037e-06,100,100
1.809,0,0,0,0,0,5.89587007585888e-06,6.01754712993195e-06,5.30768246199263e-06,2.02603713174181e-06,2.02171596187686e-06,2.06243382158009e-06,100,100
1.81,0,0,0,0,0,5.90503014048342e-06,6.03621177154148e-06,5.31366739670748e-06,2.03594044332798e-06,2.04135933827058e-06,2.07214980093769e-06,100,100
1.811,0,0,0,0,0,5.91480561085681e-06,6.05450603268937e-06,5.31972604542228e-06,2.05930374541281e-06,2.04470738191479e-06,2.07170065689541e-06,100,100
1.812,0,0,0,0,0,5.92518907034254e-06,6.07239538753945e-06,5.325838944296e-06,2.03508836846354e-06,2.0423648566802e-06,2.07137834717637e-06,100,100
1.813,0,0,0,0,0,5.93616526388298e-06,6.08985663778686e-06,5.33199507692819e-06,2.03120524201545e-06,2.03120524201545e-06,2.07118251664641e-06,100,100
1.814,0,0,0,0,0,5.94770085693667e-06,6.1068702518796e-06,5.33819076627463e-06,2.02966828307733e-06,2.03697502959694e-06,2.07627545811903e-06,100,100
1.815,0,0,0,0,0,5.95974774961339e-06,6.12341694802668e-06,5.34441329980964e-06,2.03411184940931e-06,2.03227089708189e-06,2.08273280577175e-06,100,100
1.816,0,0,0,0,0,5.97225926329043e-06,6.13946854406428e-06,5.35063284908502e-06,2.02090710657684e-06,2.03749376336906e-06,2.08920830893862e-06,100,100
1.817,0,0,0,0,0,5.98519646421032e-06,6.1549991763037e-06,5.35682270929366e-06,2.03523096137e-06,2.0521112173263e-06,2.09841092915072e-06,100,100
1.818,0,0,0,0,0,5.99852160564471e-06,6.16682078664796e-06,5.36297141913906e-06,2.04518599100152e-06,2.0853971908542e-06,2.11966277227227e-06,100,100
1.819,0,0,0,0,0,6.0122094861496e-06,6.17020959938942e-06,5.36908089402034e-06,2.03989272709704e-06,2.10949602545781e-06,2.14067261421721e-06,100,100
1.82,0,0,0,0,0,6.02625040830912e-06,6.17304643954202e-06,5.37515585634418e-06,2.02315205699302e-06,2.12340968801951e-06,2.12796022498684e-06,100,100
1.821,0,0,0,0,0,6.04061636506487e-06,6.1753301812924e-06,5.38120603485272e-06,2.0039355622796e-06,2.13732284090028e-06,2.11271827523971e-06,100,100
1.822,0,0,0,0,0,6.05524827567855e-06,6.1770497542963e-06,5.38723533148578e-06,1.98514251470849e-06,2.13550414743732e-06,2.10012433907751e-06,100,100
1.823,0,0,0,0,0,6.07008879895637e-06,6.17819198047625e-06,5.39322676356555e-06,1.96681472912103e-06,2.13012652241956e-06,2.0968723681993e-06,100,100
1.824,0,0,0,0,0,6.08509451846114e-06,6.17875183678482e-06,5.39916079249233e-06,1.9489971357276e-06,2.12499184361906e-06,2.09357913212288e-06,100,100
1.825,0,0,0,0,0,6.10021139841922e-06,6.17872234075279e-06,5.40501831347294e-06,1.94786487116595e-06,2.12010577243629e-06,2.09022032516384e-06,100,100
1.826,0,0,0,0,0,6.11536762957707e-06,6.17809561033781e-06,5.41077335094376e-06,1.95438433578065e-06,2.11547676289504e-06,2.10347590560169e-06,100,100
1.827,0,0,0,0,0,6.13050752982907e-06,6.17688753820822e-06,5.41639360226866e-06,1.94273389206243e-06,2.1111260453721e-06,2.10995335944832e-06,100,100
1.828,0,0,0,0,0,6.1456044967982e-06,6.1751265519532e-06,5.42185777164639e-06,1.93989747772998e-06,2.10705747425234e-06,2.11686773721875e-06,100,100
1.829,0,0,0,0,0,6.16062898483792e-06,6.17282083903852e-06,5.42716313969728e-06,1.96033620398823e-06,2.107249856775e-06,2.12421676980427e-06,100,100
1.83,0,0,0,0,0,6.17553263155686e-06,6.17553263155686e-06,5.43229786450043e-06,1.97243922228441e-06,2.10761185022737e-06,2.12512131853271e-06,100,100
1.831,0,0,0,0,0,6.19025620053278e-06,6.19025620053278e-06,5.43724768999028e-06,1.98580472647858e-06,2.10720001082994e-06,2.12219431979557e-06,100,100
1.832,0,0,0,0,0,6.20473906681667e-06,6.20473906681667e-06,5.44200764413929e-06,1.99408988121733e-06,2.1132204696638e-06,2.14638202592893e-06,100,100
1.833,0,0,0,0,0,6.21892864881477e-06,6.21892864881477e-06,5.44656300345288e-06,2.00073600534435e-06,2.12156071596517e-06,2.16341225448569e-06,100,100
1.834,0,0,0,0,0,6.23278718151348e-06,6.23278718151348e-06,5.4508954576328e-06,2.02027220012883e-06,2.13171837304579e-06,2.15256086583615e-06,100,100
1.835,0,0,0,0,0,6.24628288080721e-06,6.24628288080721e-06,5.45499223869364e-06,2.03899124171529e-06,2.14170116455776e-06,2.13257971053893e-06,100,100
1.836,0,0,0,0,0,6.25099530368387e-06,6.25099530368387e-06,5.45884225336307e-06,2.0568927228485e-06,2.15153256359058e-06,2.13490485623941e-06,100,100
1.837,0,0,0,0,0,6.24045606341467e-06,6.24045606341467e-06,5.46244199196858e-06,2.07397430612852e-06,2.1612422589548e-06,2.15302245323168e-06,100,100
1.838,0,0,0,0,0,6.22967034722955e-06,6.22967034722955e-06,5.46579560104619e-06,2.08339973028692e-06,2.17085945906121e-06,2.16397899133714e-06,100,100
1.839,0,0,0,0,0,6.21869538607599e-06,6.21869538607599e-06,5.46891408563028e-06,2.0839531529379e-06,2.18040013503733e-06,2.16437398228802e-06,100,100
1.84,0,0,0,0,0,6.20756499140255e-06,6.20756499140255e-06,5.47180979426086e-06,2.0808780814291e-06,2.20724274873611e-06,2.16496475512553e-06,100,100
1.841,0,0,0,0,0,6.19629695593867e-06,6.19629695593867e-06,5.47448206518033e-06,2.08546963145693e-06,2.23802328071961e-06,2.16577661896845e-06,100,100
1.842,0,0,0,0,0,6.18491428179544e-06,6.18529214123784e-06,5.47693136611029e-06,2.08503636807782e-06,2.25233566235815e-06,2.16681723183638e-06,100,100
1.843,0,0,0,0,0,6.17345189618384e-06,6.17585271124009e-06,5.49559801012761e-06,2.08398114621285e-06,2.26377406715556e-06,2.16807736968293e-06,100,100
1.844,0,0,0,0,0,6.1774826065671e-06,6.16622234766853e-06,5.51666520765466e-06,2.09068401709153e-06,2.26331929373035e-06,2.16862419065964e-06,100,100
1.845,0,0,0,0,0,6.18496640329739e-06,6.15643755291201e-06,5.53692402202512e-06,2.10032164431657e-06,2.25377676536671e-06,2.17298234813869e-06,100,100
1.846,0,0,0,0,0,6.19216290565494e-06,6.14652488104816e-06,5.55632792075108e-06,2.10973512465787e-06,2.24453231573395e-06,2.18350409313941e-06,100,100
1.847,0,0,0,0,0,6.19909496667673e-06,6.13652152738001e-06,5.57483162762506e-06,2.11890299269789e-06,2.23554926510247e-06,2.19452906050131e-06,100,100
1.848,0,0,0,0,0,6.20579581755214e-06,6.12647403313828e-06,5.59241174138015e-06,2.11323013625299e-06,2.2267887436367e-06,2.20603828922466e-06,100,100
1.849,0,0,0,0,0,6.21229741294904e-06,6.11642078957325e-06,5.60907582697427e-06,2.10303322889578e-06,2.21824313731032e-06,2.21591210716172e-06,100,100
1.85,0,0,0,0,0,6.21862441514811e-06,6.10637269218185e-06,5.62481714965253e-06,2.09258008848041e-06,2.20990260229537e-06,2.20801925091702e-06,100,100
1.851,0,0,0,0,0,6.22478923979661e-06,6.09631834117748e-06,5.63960504497351e-06,2.08189388034776e-06,2.20173576859689e-06,2.19050434521377e-06,100,100
1.852,0,0,0,0,0,6.23080181461341e-06,6.09056547118912e-06,5.65457341897603e-06,2.07098459019801e-06,2.19372486046919e-06,2.17905960243871e-06,100,100
1.853,0,0,0,0,0,6.23667615986558e-06,6.08873018852258e-06,5.67131560155863e-06,2.05985614303065e-06,2.20080888779875e-06,2.17961631539245e-06,100,100
1.854,0,0,0,0,0,6.24243188149041e-06,6.0866858706054e-06,5.68715131531498e-06,2.04850943804186e-06,2.21296076326698e-06,2.18065660115624e-06,100,100
1.855,0,0,0,0,0,6.24810202750841e-06,6.08445885173846e-06,5.70209021232327e-06,2.04405872217034e-06,2.22550167131194e-06,2.1856125006031e-06,100,100
1.856,0,0,0,0,0,6.26030181873897e-06,6.08208361238889e-06,5.70955459595783e-06,2.04449240070753e-06,2.23837321949376e-06,2.19964865482577e-06,100,100
1.857,0,0,0,0,0,6.27614277915277e-06,6.07957670837144e-06,5.71243611222337e-06,2.04518564980331e-06,2.25151403079867e-06,2.21782885712254e-06,100,100
1.858,0,0,0,0,0,6.29149924699346e-06,6.0769423285242e-06,5.71485896911349e-06,2.04609285580465e-06,2.26475018320356e-06,2.23665915882694e-06,100,100
1.859,0,0,0,0,0,6.30637972528061e-06,6.07419242715737e-06,5.716842745727e-06,2.05185683418963e-06,2.25852032752797e-06,2.25467534048641e-06,100,100
1.86,0,0,0,0,0,6.32365505166125e-06,6.07135451666921e-06,5.71842902950494e-06,2.06556811351976e-06,2.25595317682167e-06,2.27182715073526e-06,100,100
1.861,0,0,0,0,0,6.34335675101081e-06,6.06844914139265e-06,5.71966206382376e-06,2.07857921217918e-06,2.26283981814325e-06,2.27288603975733e-06,100,100
1.862,0,0,0,0,0,6.36227743434471e-06,6.06547686571532e-06,5.72058285938703e-06,2.07052872810966e-06,2.27126832108407e-06,2.27202521408531e-06,100,100
1.863,0,0,0,0,0,6.38044458439836e-06,6.0624450215133e-06,5.72123174871533e-06,2.05658839183164e-06,2.27918268313079e-06,2.27110860601461e-06,100,100
1.864,0,0,0,0,0,6.39786996743145e-06,6.0593770695312e-06,5.72164492508986e-06,2.04449198867159e-06,2.28660755285308e-06,2.27013469185993e-06,100,100
1.865,0,0,0,0,0,6.41458106078803e-06,6.05630610173775e-06,5.72185837679078e-06,2.04349482594816e-06,2.29721964555185e-06,2.26910467910955e-06,100,100
1.866,0,0,0,0,0,6.4306244412733e-06,6.05326404534418e-06,5.72191181953096e-06,2.04259651118162e-06,2.31993164397863e-06,2.26803165003873e-06,100,100
1.867,0,0,0,0,0,6.44604049463727e-06,6.05028164942828e-06,5.72184750329486e-06,2.04179411284746e-06,2.33214185363137e-06,2.26692534565185e-06,100,100
1.868,0,0,0,0,0,6.46086511034805e-06,6.04739732493628e-06,5.72170823931437e-06,2.04108352718589e-06,2.32950520417353e-06,2.26578176142403e-06,100,100
1.869,0,0,0,0,0,6.47513125643104e-06,6.04463893204686e-06,5.72153927346736e-06,2.04048117552517e-06,2.32632710654014e-06,2.26460643950129e-06,100,100
1.87,0,0,0,0,0,6.48886223608434e-06,6.04201199700108e-06,5.72138219224111e-06,2.0400213956775e-06,2.32339069773484e-06,2.2634244823741e-06,100,100
1.871,0,0,0,0,0,6.50208319367561e-06,6.04051745132256e-06,5.7212680137632e-06,2.03972680653302e-06,2.33387075984932e-06,2.26224782025693e-06,100,100
1.872,0,0,0,0,0,6.51481471515632e-06,6.03902227867538e-06,5.72123222338811e-06,2.03960310395197e-06,2.34458277578615e-06,2.26106334964126e-06,100,100
1.873,0,0,0,0,0,6.52706920432746e-06,6.03752238821707e-06,5.72131455504201e-06,2.03966363127502e-06,2.35552326175101e-06,2.2598706971502e-06,100,100
1.874,0,0,0,0,0,6.53886204608978e-06,6.03639924013023e-06,5.72154742746855e-06,2.03991492163055e-06,2.36667679943036e-06,2.25868634086323e-06,100,100
1.875,0,0,0,0,0,6.55021877796715e-06,6.03600703364835e-06,5.72195472044504e-06,2.04981355270658e-06,2.37658805385357e-06,2.25751385121944e-06,100,100
1.876,0,0,0,0,0,6.56116980452092e-06,6.03566823577115e-06,5.7225609876595e-06,2.06604148709258e-06,2.37809798451389e-06,2.25634434847857e-06,100,100
1.877,0,0,0,0,0,6.56181104953353e-06,6.03874392352705e-06,5.72339953113409e-06,2.08235718110755e-06,2.37976451202271e-06,2.25517471830112e-06,100,100
1.878,0,0,0,0,0,6.56123323321813e-06,6.04306307273893e-06,5.7245087793416e-06,2.09873106878166e-06,2.38156706630119e-06,2.25400086575063e-06,100,100
1.879,0,0,0,0,0,6.56050302376398e-06,6.04683214536209e-06,5.72592996737169e-06,2.11515070877459e-06,2.38533813449543e-06,2.25281021976155e-06,100,100
1.88,0,0,0,0,0,6.55966478352619e-06,6.05005298732872e-06,5.72770198393469e-06,2.13160418862966e-06,2.39336357413978e-06,2.2530379948433e-06,100,100
1.881,0,0,0,0,0,6.55877123470012e-06,6.052724783908e-06,5.7298544979449e-06,2.1480807735291e-06,2.40126308490807e-06,2.2541486473683e-06,100,100
1.882,0,0,0,0,0,6.55787096579322e-06,6.0548688242382e-06,5.73240197813675e-06,2.16457240087407e-06,2.40692916597924e-06,2.25495477052608e-06,100,100
1.883,0,0,0,0,0,6.55700934767914e-06,6.05650415838932e-06,5.73535243749984e-06,2.17498297787063e-06,2.41082192057142e-06,2.25317819736861e-06,100,100
1.884,0,0,0,0,0,6.55622525825481e-06,6.05764216887092e-06,5.7387128476428e-06,2.17347582200892e-06,2.41473015766415e-06,2.25066669728251e-06,100,100
1.885,0,0,0,0,0,6.55553815055574e-06,6.05830097241034e-06,5.74247776320697e-06,2.16882544355221e-06,2.4186239124761e-06,2.24804320223331e-06,100,100
1.886,0,0,0,0,0,6.55497256073134e-06,6.0584913984298e-06,5.74662975297325e-06,2.16414240888208e-06,2.42247692737158e-06,2.24602592071632e-06,100,100
1.887,0,0,0,0,0,6.55456570557112e-06,6.05822239061591e-06,5.75115416523334e-06,2.16539455927581e-06,2.42625987531856e-06,2.24719732260204e-06,100,100
1.888,0,0,0,0,0,6.55434529147521e-06,6.05750771865191e-06,5.75603986307311e-06,2.17594750421592e-06,2.42993735248346e-06,2.24833286923499e-06,100,100
1.889,0,0,0,0,0,6.55432937515581e-06,6.05636121624909e-06,5.76127459102041e-06,2.18664290284439e-06,2.43347884189073e-06,2.2494468072029e-06,100,100
1.89,0,0,0,0,0,6.55453589899026e-06,6.05480699620548e-06,5.76683784480272e-06,2.19713536161524e-06,2.43686349810736e-06,2.25056539903439e-06,100,100
1.891,0,0,0,0,0,6.55499255490576e-06,6.05287158384086e-06,5.77269497926868e-06,2.19850480054915e-06,2.44007072495693e-06,2.25169973944305e-06,100,100
1.892,0,0,0,0,0,6.55572175582573e-06,6.05056480522224e-06,5.77881754863705e-06,2.19994914091107e-06,2.44308313958783e-06,2.25283386247735e-06,100,100
1.893,0,0,0,0,0,6.55672493333225e-06,6.04788838783549e-06,5.78518148947096e-06,2.20145972593971e-06,2.44589444739855e-06,2.25393778827762e-06,100,100
1.894,0,0,0,0,0,6.55799918275772e-06,6.04485387962714e-06,5.7917508861316e-06,2.20302301450471e-06,2.44849855623014e-06,2.25179578221612e-06,100,100
1.895,0,0,0,0,0,6.55954863052361e-06,6.04353677941337e-06,5.79849289202735e-06,2.20462162659403e-06,2.45088272768868e-06,2.24563045465661e-06,100,100
1.896,0,0,0,0,0,6.56137707579694e-06,6.04547969298525e-06,5.8053909321531e-06,2.20356829215168e-06,2.45303443123434e-06,2.23936115755138e-06,100,100
1.897,0,0,0,0,0,6.56348184993347e-06,6.04737746577215e-06,5.81243589779205e-06,2.19946914371387e-06,2.45493967289294e-06,2.23301612457584e-06,100,100
1.898,0,0,0,0,0,6.56585316226069e-06,6.04919942325162e-06,5.8196149917385e-06,2.19494104636947e-06,2.45658718404474e-06,2.23162808967024e-06,100,100
1.899,0,0,0,0,0,6.56847826114376e-06,6.05092711412253e-06,5.82691456374947e-06,2.19001767474984e-06,2.45796600539415e-06,2.2309595998757e-06,100,100
1.9,0,0,0,0,0,6.57134997975251e-06,6.05255316530449e-06,5.83432534715744e-06,2.18472208319357e-06,2.45905951220727e-06,2.2303371026273e-06,100,100
1.901,0,0,0,0,0,6.57446314503241e-06,6.05407104473726e-06,5.8418408558467e-06,2.17906358872284e-06,2.45985765200302e-06,2.23183054260195e-06,100,100
1.902,0,0,0,0,0,6.57780130057746e-06,6.05696296100263e-06,5.84945253784771e-06,2.17303963788663e-06,2.4562041521397e-06,2.22792393889761e-06,100,100
1.903,0,0,0,0,0,6.58134284917629e-06,6.06282174844378e-06,5.85713575158928e-06,2.17006387092483e-06,2.45047600713176e-06,2.22744442390501e-06,100,100
1.904,0,0,0,0,0,6.58506929744867e-06,6.06868271307826e-06,5.86485020962976e-06,2.172794228144e-06,2.44333426171895e-06,2.22686810925274e-06,100,100
1.905,0,0,0,0,0,6.58895514038557e-06,6.07453950151047e-06,5.87256037738958e-06,2.17538742599956e-06,2.43556544959616e-06,2.22621783873712e-06,100,100
1.906,0,0,0,0,0,6.59297213833701e-06,6.0803770590483e-06,5.88023613405768e-06,2.17786183481397e-06,2.42639276581931e-06,2.22550525402197e-06,100,100
1.907,0,0,0,0,0,6.59709821013876e-06,6.08618937183552e-06,5.8878453268705e-06,2.17725215188513e-06,2.41621003830965e-06,2.22473465103943e-06,100,100
1.908,0,0,0,0,0,6.60132187378231e-06,6.09196878154616e-06,5.89535787418583e-06,2.17233832512094e-06,2.4059703176069e-06,2.22391084540591e-06,100,100
1.909,0,0,0,0,0,6.60564654498982e-06,6.09770764831663e-06,5.90275687319964e-06,2.16742138796161e-06,2.39569035442807e-06,2.22313056931509e-06,100,100
1.91,0,0,0,0,0,6.61008563630982e-06,6.10341414705802e-06,5.91004175046259e-06,2.17189119166268e-06,2.38649886880679e-06,2.22369462696205e-06,100,100
1.911,0,0,0,0,0,6.61465256310633e-06,6.10908941768341e-06,5.91721942449934e-06,2.17661498871311e-06,2.3836446179828e-06,2.22416144381437e-06,100,100
1.912,0,0,0,0,0,6.61934322742931e-06,6.1147163291378e-06,5.92429240405548e-06,2.18127561084543e-06,2.38051389594426e-06,2.22455116866114e-06,100,100
1.913,0,0,0,0,0,6.62414271979453e-06,6.12028935690605e-06,5.9312479185126e-06,2.18588628165971e-06,2.37235849984157e-06,2.22486831405593e-06,100,100
1.914,0,0,0,0,0,6.62903274876211e-06,6.12581351960948e-06,5.93807493288546e-06,2.19047514020163e-06,2.37105477213557e-06,2.22038722688042e-06,100,100
1.915,0,0,0,0,0,6.63398621323628e-06,6.13128287973618e-06,5.94477404936347e-06,2.19506945725567e-06,2.37073031381526e-06,2.2175173477872e-06,100,100
1.916,0,0,0,0,0,6.63898128557979e-06,6.13668135535513e-06,5.95134135722846e-06,2.19966870477061e-06,2.37052120986979e-06,2.21520871123078e-06,100,100
1.917,0,0,0,0,0,6.64400280507386e-06,6.14198757327332e-06,5.95776864756018e-06,2.19916886710853e-06,2.36623556359418e-06,2.21297302857571e-06,100,100
1.918,0,0,0,0,0,6.64903386500311e-06,6.1471716773159e-06,5.96405266379525e-06,2.19126775903622e-06,2.35921546344398e-06,2.21082114081402e-06,100,100
1.919,0,0,0,0,0,6.65405691196187e-06,6.15220096231997e-06,5.97018339831669e-06,2.19126972931065e-06,2.35211455867974e-06,2.20876686473903e-06,100,100
1.92,0,0,0,0,0,6.65904668216239e-06,6.15704478684948e-06,5.97614328315864e-06,2.19478344818647e-06,2.34494590704513e-06,2.20681012976774e-06,100,100
1.921,0,0,0,0,0,6.66396700725972e-06,6.1616765632864e-06,5.98191983422327e-06,2.1984729054383e-06,2.34331056621603e-06,2.20494573127493e-06,100,100
1.922,0,0,0,0,0,6.66878307141189e-06,6.16609275289415e-06,5.98749976864688e-06,2.20235361421377e-06,2.34223339165581e-06,2.20317280166341e-06,100,100
1.923,0,0,0,0,0,6.66700900208079e-06,6.17029501188423e-06,5.99287922665709e-06,2.19237772615728e-06,2.34103128145913e-06,2.2014939210885e-06,100,100
1.924,0,0,0,0,0,6.66027693097564e-06,6.17427579411051e-06,5.99806483240464e-06,2.17943821892356e-06,2.33969131434763e-06,2.1999161164381e-06,100,100
1.925,0,0,0,0,0,6.6533151659837e-06,6.17803927957977e-06,6.00305974765987e-06,2.16649387841964e-06,2.33818830295007e-06,2.19844989767622e-06,100,100
1.926,0,0,0,0,0,6.64615207009401e-06,6.18159176570059e-06,6.00786802891817e-06,2.15355243630136e-06,2.33650080266652e-06,2.19710628776468e-06,100,100
1.927,0,0,0,0,0,6.63881078299168e-06,6.18493119992961e-06,6.01249211454433e-06,2.14062196369257e-06,2.33737283802456e-06,2.19588657733423e-06,100,100
1.928,0,0,0,0,0,6.63130157140676e-06,6.18804605963405e-06,6.01693452020163e-06,2.1277268005977e-06,2.33922320919458e-06,2.19477438998198e-06,100,100
1.929,0,0,0,0,0,6.62362178347801e-06,6.19091477729026e-06,6.02119369967716e-06,2.11489439118061e-06,2.34081214603793e-06,2.19374129342959e-06,100,100
1.93,0,0,0,0,0,6.61576966309486e-06,6.19352098288686e-06,6.02083378167176e-06,2.10445503670323e-06,2.34212039896913e-06,2.19275143035484e-06,100,100
1.931,0,0,0,0,0,6.6077493112825e-06,6.19584605995412e-06,6.01663072962393e-06,2.09816626564912e-06,2.34314031488305e-06,2.19177333129579e-06,100,100
1.932,0,0,0,0,0,6.59957367999836e-06,6.19785883666196e-06,6.01223519119025e-06,2.09203803944927e-06,2.34386684791329e-06,2.18941318880929e-06,100,100
1.933,0,0,0,0,0,6.59126222508242e-06,6.19954149731597e-06,6.00762779287928e-06,2.086074105149e-06,2.34429783107931e-06,2.18309847038102e-06,100,100
1.934,0,0,0,0,0,6.58282413461526e-06,6.20089645167384e-06,6.00281484990714e-06,2.08606685569464e-06,2.34443047058058e-06,2.17703815870421e-06,100,100
1.935,0,0,0,0,0,6.57425998812676e-06,6.20192792997957e-06,5.99782117506403e-06,2.08859601264997e-06,2.34424902314322e-06,2.17122898900735e-06,100,100
1.936,0,0,0,0,0,6.56557335398811e-06,6.20263420218752e-06,5.9926635160283e-06,2.09118119265134e-06,2.34372589851083e-06,2.16567870464066e-06,100,100
1.937,0,0,0,0,0,6.55677588096886e-06,6.20301092799672e-06,5.98733430509506e-06,2.09135766492371e-06,2.34283037811957e-06,2.16040340633069e-06,100,100
1.938,0,0,0,0,0,6.54787990994307e-06,6.20305087855818e-06,5.9818175700214e-06,2.08716795805117e-06,2.34153879844381e-06,2.15541142279374e-06,100,100
1.939,0,0,0,0,0,6.53889703189554e-06,6.20275048107347e-06,5.97610756963211e-06,2.08413749428774e-06,2.33983274368261e-06,2.15070089556471e-06,100,100
1.94,0,0,0,0,0,6.52984519143407e-06,6.20212614269441e-06,5.97021757494877e-06,2.08030070067598e-06,2.33769084446554e-06,2.1462710272566e-06,100,100
1.941,0,0,0,0,0,6.52074083312252e-06,6.20120945737799e-06,5.96417796448388e-06,2.07743187755001e-06,2.33509375768274e-06,2.1421240211105e-06,100,100
1.942,0,0,0,0,0,6.51159250794359e-06,6.20002548964043e-06,5.95800653710769e-06,2.08608661254149e-06,2.33203769590494e-06,2.13826409257684e-06,100,100
1.943,0,0,0,0,0,6.50239988308554e-06,6.19857814704474e-06,5.95169434651148e-06,2.09494309584476e-06,2.32853367904589e-06,2.13468902524555e-06,100,100
1.944,0,0,0,0,0,6.49316773137659e-06,6.19686947118737e-06,5.94523150294564e-06,2.1040199855829e-06,2.32458682660823e-06,2.13138609252444e-06,100,100
1.945,0,0,0,0,0,6.48390550957894e-06,6.19491636397342e-06,5.93863127146036e-06,2.106093413181e-06,2.32018101504358e-06,2.12834471638029e-06,100,100
1.946,0,0,0,0,0,6.47460662185783e-06,6.19273171874921e-06,5.93191913266867e-06,2.10273055163843e-06,2.31529313728224e-06,2.12556187431921e-06,100,100
1.947,0,0,0,0,0,6.46525573601356e-06,6.19032292133069e-06,5.92511937958419e-06,2.09601349120119e-06,2.30991663835655e-06,2.12303280693303e-06,100,100
1.948,0,0,0,0,0,6.45584104388667e-06,6.18770609201646e-06,5.91824882578104e-06,2.08929590263301e-06,2.30405478687307e-06,2.12776710655867e-06,100,100
1.949,0,0,0,0,0,6.44635045434768e-06,6.18489866176663e-06,5.91131564823607e-06,2.08287749317558e-06,2.29771297825906e-06,2.13449666661355e-06,100,100
1.95,0,0,0,0,0,6.43676621932936e-06,6.18191685452206e-06,5.90434270565599e-06,2.07674594423142e-06,2.2909065868234e-06,2.14136513418984e-06,100,100
1.951,0,0,0,0,0,6.42707563238485e-06,6.17878004542546e-06,5.89736284353839e-06,2.07490593583315e-06,2.28366287039336e-06,2.14835285048949e-06,100,100
1.952,0,0,0,0,0,6.41728022878846e-06,6.17550069700573e-06,5.8903932181224e-06,2.07078427201499e-06,2.27601449244766e-06,2.15546089668014e-06,100,100
1.953,0,0,0,0,0,6.40738417381033e-06,6.1720796617436e-06,5.88344092051994e-06,2.06670723200647e-06,2.26798250837264e-06,2.15255379516521e-06,100,100
1.954,0,0,0,0,0,6.39739281298455e-06,6.16851836157107e-06,5.87651205325572e-06,2.0626739111261e-06,2.25957400613593e-06,2.14920689048527e-06,100,100
1.955,0,0,0,0,0,6.38731588030661e-06,6.16482742169309e-06,5.86961388160303e-06,2.05867100891854e-06,2.25080486734157e-06,2.1457159939067e-06,100,100
1.956,0,0,0,0,0,6.37715729388308e-06,6.16102108558095e-06,5.86276616191517e-06,2.05468668975375e-06,2.24170737467383e-06,2.14208278719036e-06,100,100
1.957,0,0,0,0,0,6.36691476898299e-06,6.15711215939069e-06,5.85600616202736e-06,2.05071612892515e-06,2.23231933584727e-06,2.13963730801124e-06,100,100
1.958,0,0,0,0,0,6.35659077158811e-06,6.15310958843579e-06,5.84936429811226e-06,2.04675105043851e-06,2.22268345951258e-06,2.14440778995477e-06,100,100
1.959,0,0,0,0,0,6.34619407823025e-06,6.14902353226023e-06,5.84286143061356e-06,2.04278310954684e-06,2.21284046580587e-06,2.1493329008978e-06,100,100
1.96,0,0,0,0,0,6.335726691509e-06,6.14486517263432e-06,5.83652904374463e-06,2.03881228184956e-06,2.20282773760505e-06,2.15440161075865e-06,100,100
1.961,0,0,0,0,0,6.32518287567942e-06,6.14063505425446e-06,5.83039153027152e-06,2.03638386356143e-06,2.19269635902997e-06,2.15239568566635e-06,100,100
1.962,0,0,0,0,0,6.31455563901908e-06,6.13781776970674e-06,5.82446061274348e-06,2.04404720681076e-06,2.18250981083997e-06,2.14928572367511e-06,100,100
1.963,0,0,0,0,0,6.30383355403744e-06,6.13948862022074e-06,5.8187566891347e-06,2.05531338434125e-06,2.17525977080016e-06,2.14637466585659e-06,100,100
1.964,0,0,0,0,0,6.29301028223864e-06,6.14125942174923e-06,5.81331533373701e-06,2.06730282824674e-06,2.17464167656797e-06,2.14369183669087e-06,100,100
1.965,0,0,0,0,0,6.28208012070471e-06,6.14314709283815e-06,5.80818412535911e-06,2.06656351229855e-06,2.17406737295752e-06,2.1412589717014e-06,100,100
1.966,0,0,0,0,0,6.27101835448869e-06,6.1451468425326e-06,5.80340942276065e-06,2.08000284185094e-06,2.17354305917435e-06,2.13909868295821e-06,100,100
1.967,0,0,0,0,0,6.25980260881957e-06,6.14725605156282e-06,5.799012858344e-06,2.09030409408345e-06,2.17308024918587e-06,2.13723042794588e-06,100,100
1.968,0,0,0,0,0,6.24843934790081e-06,6.1494926628619e-06,5.79499806545951e-06,2.08437401042957e-06,2.17587811398052e-06,2.13499994105384e-06,100,100
1.969,0,0,0,0,0,6.2369449606613e-06,6.15187904673193e-06,5.79137682926058e-06,2.08322245624986e-06,2.18647476434156e-06,2.12433892114024e-06,100,100
1.97,0,0,0,0,0,6.22532883786779e-06,6.15442851910766e-06,5.7881639345162e-06,2.08253287446149e-06,2.19693523132539e-06,2.11951975765332e-06,100,100
1.971,0,0,0,0,0,6.21359643485394e-06,6.15715196195342e-06,5.78537077119799e-06,2.08234358309795e-06,2.20644187999359e-06,2.11448020998128e-06,100,100
1.972,0,0,0,0,0,6.20175200144878e-06,6.16004712316509e-06,5.78301564303277e-06,2.07700645636494e-06,2.20421321627118e-06,2.1090014086864e-06,100,100
1.973,0,0,0,0,0,6.18979598002418e-06,6.16309319522811e-06,5.78112269463586e-06,2.06753260426183e-06,2.20181958824733e-06,2.10305099292568e-06,100,100
1.974,0,0,0,0,0,6.17772666834048e-06,6.16627625422192e-06,5.77971138446252e-06,2.05830834035187e-06,2.19680732414092e-06,2.09660547589996e-06,100,100
1.975,0,0,0,0,0,6.16555111585463e-06,6.16959671826615e-06,5.77878891339817e-06,2.04932919631437e-06,2.18762075623213e-06,2.08965205851634e-06,100,100
1.976,0,0,0,0,0,6.15328422176703e-06,6.17305591436528e-06,5.77835210861115e-06,2.04059792267947e-06,2.17835294968056e-06,2.08218565513607e-06,100,100
1.977,0,0,0,0,0,6.14094243726626e-06,6.17664982988588e-06,5.77839780910677e-06,2.03212507331731e-06,2.1693252499198e-06,2.07420263677796e-06,100,100
1.978,0,0,0,0,0,6.12944083038868e-06,6.18036577569985e-06,5.77893222148714e-06,2.02391891484645e-06,2.16526446894611e-06,2.06569566918847e-06,100,100
1.979,0,0,0,0,0,6.12699910742865e-06,6.18418850888382e-06,5.77997668437978e-06,2.0218134865652e-06,2.16110604854675e-06,2.05595578872265e-06,100,100
1.98,0,0,0,0,0,6.12443646508639e-06,6.18810914058058e-06,5.78156086022478e-06,2.02395233140276e-06,2.15685363276678e-06,2.05086372835937e-06,100,100
1.981,0,0,0,0,0,6.12677470767205e-06,6.19211625579499e-06,5.78370481237619e-06,2.01795658776361e-06,2.15250907024616e-06,2.04612965512296e-06,100,100
1.982,0,0,0,0,0,6.13312022810156e-06,6.19619263498955e-06,5.78641433596688e-06,2.01058529927288e-06,2.14808072431667e-06,2.04173593248385e-06,100,100
1.983,0,0,0,0,0,6.14001649101605e-06,6.20032991062386e-06,5.78968866814641e-06,2.01060383589314e-06,2.14358573598295e-06,2.0376623979952e-06,100,100
1.984,0,0,0,0,0,6.14744566663496e-06,6.20339756222515e-06,5.79352417712146e-06,2.01332776441306e-06,2.13904029259221e-06,2.03390250018451e-06,100,100
1.985,0,0,0,0,0,6.14962735707905e-06,6.19806955579528e-06,5.79790940484519e-06,2.0167375639139e-06,2.12942332360517e-06,2.0304685603696e-06,100,100
1.986,0,0,0,0,0,6.1506998841913e-06,6.19277952787806e-06,5.80282054672922e-06,2.012431488334e-06,2.11746049829716e-06,2.03902709499055e-06,100,100
1.987,0,0,0,0,0,6.15220554216411e-06,6.18752444640444e-06,5.8082329359548e-06,2.00849224058462e-06,2.10529068854288e-06,2.05711942972553e-06,100,100
1.988,0,0,0,0,0,6.154146887126e-06,6.18230469911149e-06,5.81413283837791e-06,2.00403891901845e-06,2.09295215828849e-06,2.06927882356617e-06,100,100
1.989,0,0,0,0,0,6.15652625643658e-06,6.17711865039706e-06,5.82079785612862e-06,1.99144255391666e-06,2.08048949398901e-06,2.06344698876143e-06,100,100
1.99,0,0,0,0,0,6.15933870142847e-06,6.17194887340146e-06,5.8356210746979e-06,1.97897270741343e-06,2.07238064321758e-06,2.06650404645057e-06,100,100
1.991,0,0,0,0,0,6.16257519562167e-06,6.1667786528337e-06,5.85093135937283e-06,1.96860434793906e-06,2.07299844895698e-06,2.07483890748572e-06,100,100
1.992,0,0,0,0,0,6.16621872583536e-06,6.16621872583536e-06,5.86669152876614e-06,1.96515492121577e-06,2.07379232693612e-06,2.08008107617929e-06,100,100
1.993,0,0,0,0,0,6.1702416325748e-06,6.1702416325748e-06,5.88286905899533e-06,1.96176304090595e-06,2.06889418472579e-06,2.08268061581695e-06,100,100
1.994,0,0,0,0,0,6.17461660325691e-06,6.17461660325691e-06,5.89942256189941e-06,1.9570346441552e-06,2.05873731093765e-06,2.09030518125434e-06,100,100
1.995,0,0,0,0,0,6.17933082798545e-06,6.17933082798545e-06,5.91630888543763e-06,1.94856044084009e-06,2.05387917149748e-06,2.09814517877264e-06,100,100
1.996,0,0,0,0,0,6.18437760729439e-06,6.18437760729439e-06,5.93348843673135e-06,1.9414865399379e-06,2.0511067873437e-06,2.10618406994224e-06,100,100
1.997,0,0,0,0,0,6.18974949681946e-06,6.18974949681946e-06,5.95092056670382e-06,1.93457057295075e-06,2.04838128270531e-06,2.11439284092915e-06,100,100
1.998,0,0,0,0,0,6.19544576719419e-06,6.19544576719419e-06,5.96857130660053e-06,1.92781897874969e-06,2.04627744371762e-06,2.11522929161295e-06,100,100
1.999,0,0,0,0,0,6.20146913371193e-06,6.20146913371193e-06,5.98641073130646e-06,1.92442792684378e-06,2.046102273824e-06,2.11847371450837e-06,100,100
2,0,0,0,0,0,6.20781768745407e-06,6.20781768745407e-06,6.00440961385441e-06,1.92869301555438e-06,2.04601159356181e-06,2.12679636883236e-06,100,100
2.001,0,0,0,0,0,6.21448953108768e-06,6.21448953108768e-06,6.02254157373504e-06,1.92877401404423e-06,2.04602001808356e-06,2.13519593077929e-06,100,100
2.002,0,0,0,0,0,6.22148082230332e-06,6.22148082230332e-06,6.04078020919926e-06,1.9290548650425e-06,2.04615309223013e-06,2.14367716706599e-06,100,100
2.003,0,0,0,0,0,6.22877675329506e-06,6.22877675329506e-06,6.05909355469153e-06,1.92164590947417e-06,2.03969696428083e-06,2.15225121320843e-06,100,100
2.004,0,0,0,0,0,6.2363520060485e-06,6.2363520060485e-06,6.07744549966367e-06,1.92701219919345e-06,2.03309854659531e-06,2.1609413067452e-06,100,100
2.005,0,0,0,0,0,6.23131603668817e-06,6.24417549919909e-06,6.09580811764475e-06,1.9336005980388e-06,2.02639773093133e-06,2.16977424739204e-06,100,100
2.006,0,0,0,0,0,6.22170795238438e-06,6.25221164227134e-06,6.11415522115391e-06,1.93972192518092e-06,2.03229090261938e-06,2.17877117404611e-06,100,100
2.007,0,0,0,0,0,6.21197684208549e-06,6.26042492568834e-06,6.12850787940749e-06,1.94536852505533e-06,2.02614871518072e-06,2.18795011868532e-06,100,100
2.008,0,0,0,0,0,6.20212832171463e-06,6.26884438898194e-06,6.12939249689113e-06,1.95054150438486e-06,2.018425961579e-06,2.19732081804099e-06,100,100
2.009,0,0,0,0,0,6.19216861450026e-06,6.26925044659107e-06,6.1301193653569e-06,1.95525259148696e-06,2.02246796698314e-06,2.20689137655476e-06,100,100
2.01,0,0,0,0,0,6.18210811353844e-06,6.26960150598652e-06,6.13066561722961e-06,1.95951320682906e-06,2.02648058155781e-06,2.21284510036712e-06,100,100
2.011,0,0,0,0,0,6.17195696138797e-06,6.26994254802344e-06,6.13101153025635e-06,1.96332268359774e-06,2.02964786577535e-06,2.21332095550733e-06,100,100
2.012,0,0,0,0,0,6.1617272342333e-06,6.27032226376464e-06,6.13114659344078e-06,1.95219572794894e-06,2.02629394320079e-06,2.21368545492335e-06,100,100
2.013,0,0,0,0,0,6.1514344618486e-06,6.27078577640632e-06,6.13107223539085e-06,1.95574248701869e-06,2.02291111284773e-06,2.21632665398427e-06,100,100
2.014,0,0,0,0,0,6.14110046024867e-06,6.27137033361672e-06,6.13079346216823e-06,1.96680245980004e-06,2.0130093847308e-06,2.22648202780043e-06,100,100
2.015,0,0,0,0,0,6.1307504142444e-06,6.27210892799455e-06,6.13031697976418e-06,1.98617297733275e-06,2.0104415857204e-06,2.24233033527099e-06,100,100
2.016,0,0,0,0,0,6.12041353067562e-06,6.27304586973276e-06,6.12964773309018e-06,1.98767494687138e-06,2.01240499891685e-06,2.25149847052338e-06,100,100
2.017,0,0,0,0,0,6.11012525918549e-06,6.2742324867839e-06,6.12878710932836e-06,1.98869414252626e-06,2.01060380260893e-06,2.25404359078883e-06,100,100
2.018,0,0,0,0,0,6.09992078379471e-06,6.27570722500357e-06,6.12773683175876e-06,2.00432700735013e-06,2.01995811519077e-06,2.25089974635589e-06,100,100
2.019,0,0,0,0,0,6.08983468695006e-06,6.2775029488428e-06,6.12649496241165e-06,2.02042019940228e-06,2.02910774348966e-06,2.24771351355998e-06,100,100
2.02,0,0,0,0,0,6.07990148459605e-06,6.27965632469028e-06,6.12505333355252e-06,2.03444493265141e-06,2.03802165950308e-06,2.24448009887839e-06,100,100
2.021,0,0,0,0,0,6.07016111542824e-06,6.28220210854497e-06,6.12340513969072e-06,2.04453985435495e-06,2.05133707347863e-06,2.24120008804233e-06,100,100
2.022,0,0,0,0,0,6.06064825331263e-06,6.28516605153168e-06,6.1215485457872e-06,2.05478077154525e-06,2.06609791006392e-06,2.23172544606377e-06,100,100
2.023,0,0,0,0,0,6.0513854344801e-06,6.28856941166619e-06,6.11948387281896e-06,2.06310304416051e-06,2.07582364592247e-06,2.21894592799341e-06,100,100
2.024,0,0,0,0,0,6.04240028611266e-06,6.29243236186015e-06,6.11722005356344e-06,2.07087500470896e-06,2.07863644215561e-06,2.20604372576444e-06,100,100
2.025,0,0,0,0,0,6.03372763200758e-06,6.29676892335722e-06,6.11477608363102e-06,2.07833707245786e-06,2.08098647892678e-06,2.19303826547786e-06,100,100
2.026,0,0,0,0,0,6.02540336933117e-06,6.30158752046662e-06,6.11217327113738e-06,2.08408465148655e-06,2.07746276359059e-06,2.17995238174473e-06,100,100
2.027,0,0,0,0,0,6.01746408884466e-06,6.30689782647718e-06,6.10942350705263e-06,2.08120900235925e-06,2.06937490748385e-06,2.16681524769745e-06,100,100
2.028,0,0,0,0,0,6.00994173760812e-06,6.3127085127358e-06,6.10652646515054e-06,2.07846107827879e-06,2.06182638946057e-06,2.1554882762583e-06,100,100
2.029,0,0,0,0,0,6.0028616724018e-06,6.3190225202636e-06,6.10348538240553e-06,2.07588969318613e-06,2.05957918912798e-06,2.15198675601447e-06,100,100
2.03,0,0,0,0,0,5.99624960950795e-06,6.32584424247569e-06,6.10031215899676e-06,2.07354034090474e-06,2.05704523185463e-06,2.14781990409188e-06,100,100
2.031,0,0,0,0,0,5.99012874398506e-06,6.33317785099086e-06,6.09701834535137e-06,2.07145495039905e-06,2.05440447519113e-06,2.14298820986798e-06,100,100
2.032,0,0,0,0,0,5.98452552424862e-06,6.34101846109695e-06,6.09361122193124e-06,2.06967171287593e-06,2.05167680003675e-06,2.13749688217809e-06,100,100
2.033,0,0,0,0,0,5.97947096968223e-06,6.34935801822022e-06,6.09009297136616e-06,2.06823232036853e-06,2.04887837164366e-06,2.13135151257935e-06,100,100
2.034,0,0,0,0,0,5.99329604696201e-06,6.35819355063782e-06,6.08646107760937e-06,2.06717740946124e-06,2.05195275046216e-06,2.12491896650101e-06,100,100
2.035,0,0,0,0,0,6.00739385201979e-06,6.36751861300421e-06,6.0827141575253e-06,2.0665537809742e-06,2.06653051845856e-06,2.12706141682838e-06,100,100
2.036,0,0,0,0,0,6.02167321248287e-06,6.37731694686213e-06,6.0788582426813e-06,2.07251570135046e-06,2.07870800735928e-06,2.1286577401683e-06,100,100
2.037,0,0,0,0,0,6.0360867081823e-06,6.38757429949807e-06,6.07490499806731e-06,2.07952351317024e-06,2.08876439074399e-06,2.12968448714399e-06,100,100
2.038,0,0,0,0,0,6.05059349036813e-06,6.39828501434061e-06,6.07159464877146e-06,2.08596561068137e-06,2.09689146827733e-06,2.13012772058178e-06,100,100
2.039,0,0,0,0,0,6.06515420296904e-06,6.40714689005326e-06,6.07735427434898e-06,2.0918354059375e-06,2.09855896338537e-06,2.12998040072731e-06,100,100
2.04,0,0,0,0,0,6.07972352024718e-06,6.41001685064249e-06,6.08324288311838e-06,2.09712697305139e-06,2.09550647676297e-06,2.12923341344134e-06,100,100
2.041,0,0,0,0,0,6.09424720735179e-06,6.41295681391655e-06,6.08923440341701e-06,2.10184562576225e-06,2.08946745768938e-06,2.12787916262291e-06,100,100
2.042,0,0,0,0,0,6.1086687162231e-06,6.41593388786311e-06,6.09531061351198e-06,2.09127008010806e-06,2.08275817767952e-06,2.12134087559089e-06,100,100
2.043,0,0,0,0,0,6.12293284110209e-06,6.41892693481185e-06,6.10146301849873e-06,2.07672469504395e-06,2.07540182235513e-06,2.11294330967868e-06,100,100
2.044,0,0,0,0,0,6.13698588265656e-06,6.42192527988847e-06,6.10767896276474e-06,2.06124486013545e-06,2.06741250329541e-06,2.10439964247349e-06,100,100
2.045,0,0,0,0,0,6.15077975219801e-06,6.42491629428544e-06,6.11394358825102e-06,2.06113163688215e-06,2.06394593001446e-06,2.0957448979287e-06,100,100
2.046,0,0,0,0,0,6.16426832057398e-06,6.42788640875895e-06,6.12024523107831e-06,2.06455149977774e-06,2.06821391940697e-06,2.09129401587359e-06,100,100
2.047,0,0,0,0,0,6.17740877718767e-06,6.43082218058017e-06,6.12657805497856e-06,2.04478661809976e-06,2.06485272029329e-06,2.08974500910677e-06,100,100
2.048,0,0,0,0,0,6.19016030891482e-06,6.4337031652237e-06,6.13294193699599e-06,2.024986262232e-06,2.06164164303035e-06,2.08779223319548e-06,100,100
2.049,0,0,0,0,0,6.2024732361799e-06,6.4365039376459e-06,6.13933638884825e-06,2.0172333152346e-06,2.05858125551313e-06,2.08546128400187e-06,100,100
2.05,0,0,0,0,0,6.21430033609552e-06,6.43920644458643e-06,6.14575631124247e-06,2.00924085571777e-06,2.0563305388437e-06,2.0737665684185e-06,100,100
2.051,0,0,0,0,0,6.22560531410641e-06,6.441801536412e-06,6.15219583243146e-06,2.00203794392724e-06,2.05132082766742e-06,2.06159845219385e-06,100,100
2.052,0,0,0,0,0,6.23636239973611e-06,6.44428287474083e-06,6.1586471577478e-06,2.00962934183017e-06,2.04403473207025e-06,2.04902539147729e-06,100,100
2.053,0,0,0,0,0,6.24655473837341e-06,6.44664651352209e-06,6.16510101139981e-06,2.01731236458021e-06,2.04730382481511e-06,2.03607116213428e-06,100,100
2.054,0,0,0,0,0,6.25616240288519e-06,6.44888765799276e-06,6.1715492411472e-06,2.02511593323411e-06,2.05155336630157e-06,2.02504973039986e-06,100,100
2.055,0,0,0,0,1,6.2651664083591e-06,6.45099779627162e-06,6.1779777234164e-06,2.03306692427431e-06,2.05065088830232e-06,2.02183921612768e-06,100,100
2.056,0,0,0,0,1,6.27355505280976e-06,6.45296235997922e-06,6.18436349490052e-06,2.04118992438296e-06,2.04330171724067e-06,2.01891887585423e-06,100,100
2.057,0,0,0,0,1,6.28132443440831e-06,6.45476589083751e-06,6.19068818334538e-06,2.04950930256071e-06,2.02266987296699e-06,2.01734579535233e-06,100,100
2.058,0,0,0,0,1,6.28847823362822e-06,6.45640111912382e-06,6.19694534166279e-06,2.05804890682417e-06,2.00220282193236e-06,2.01704920894699e-06,100,100
2.059,0,0,0,0,1,6.29501198660889e-06,6.45785469699346e-06,6.20313119489669e-06,2.05463267015962e-06,1.99165702799106e-06,2.01710359961258e-06,100,100
2.06,0,1,0,0,1,6.30091404626882e-06,6.4591090183995e-06,6.20924291938368e-06,2.0484560061285e-06,1.98809140776635e-06,2.01753255595376e-06,100,100
2.061,0,1,0,0,1,6.30618910550559e-06,6.46016703927707e-06,6.21528188207657e-06,2.04185644120548e-06,1.98489459124881e-06,2.01835412113759e-06,100,100
2.062,0,1,0,0,1,6.31085494119065e-06,6.46104526108853e-06,6.2212434328734e-06,2.03484468949244e-06,1.98206805341525e-06,2.01957551076705e-06,100,100
2.063,0,1,0,0,1,6.31492456003268e-06,6.46175301941731e-06,6.22710593303537e-06,2.02743975988888e-06,1.97960540554106e-06,2.02119612420507e-06,100,100
2.064,0,1,0,0,1,6.31840921263913e-06,6.46228948922633e-06,6.2328450749111e-06,2.01966348730101e-06,1.97749002916208e-06,2.01576141641543e-06,100,100
2.065,0,1,0,0,1,6.32132769335569e-06,6.4626637281627e-06,6.23845377141845e-06,2.02042824820932e-06,1.97569437243771e-06,2.0026610597916e-06,100,100
2.066,0,1,0,0,1,6.3237018873346e-06,6.46290128062443e-06,6.24394165238953e-06,2.0228789001307e-06,1.97418819708727e-06,1.98949070178232e-06,100,100
2.067,0,1,0,0,1,6.32560183789774e-06,6.4630163399474e-06,6.24932324276732e-06,2.02559271160181e-06,1.9729447506342e-06,1.97626174232157e-06,100,100
2.068,1,1,1,1,1,6.33811490063924e-06,6.46300666159151e-06,6.25460775672079e-06,2.00759962064912e-06,1.9719314744224e-06,1.96298675538052e-06,100,100
2.069,1,1,1,1,1,6.35064784806484e-06,6.4628773798675e-06,6.25980413731434e-06,1.98334035965687e-06,1.96724410899051e-06,1.94968617971281e-06,100,100
2.07,1,1,1,1,1,6.36320116144488e-06,6.46264736982463e-06,6.26492458418863e-06,1.96589294502706e-06,1.95772766936542e-06,1.93638902241713e-06,100,100
2.071,1,1,1,1,1,6.37577552579082e-06,6.46233569562756e-06,6.26997212353092e-06,1.96899555644737e-06,1.95245364904632e-06,1.93440487779036e-06,100,100
2.072,1,1,1,1,1,6.38837008575653e-06,6.46195203935414e-06,6.27494359876437e-06,1.97271513881947e-06,1.9493609308447e-06,1.95284210343706e-06,100,100
2.073,1,1,1,1,1,6.40098591742146e-06,6.46150007749662e-06,6.27984199849816e-06,1.97656954409029e-06,1.94536426820612e-06,1.97206986972807e-06,100,100
2.074,1,1,1,1,1,6.41363144670159e-06,6.46098739800703e-06,6.28466959719014e-06,1.97381172474898e-06,1.92293690867749e-06,1.99207630979264e-06,100,100
2.075,1,1,1,1,1,6.4216391949759e-06,6.46043046497413e-06,6.28942008986317e-06,1.95199211973043e-06,1.90741605453642e-06,2.01285153036136e-06,100,100
2.076,1,1,1,1,1,6.42311096586831e-06,6.45984551848759e-06,6.29408434553279e-06,1.93000265006257e-06,1.9061102571545e-06,2.01358410601859e-06,100,100
2.077,1,1,1,1,1,6.42451393347549e-06,6.4592437901475e-06,6.29865946018143e-06,1.90649823483934e-06,1.90469903626929e-06,2.00783217568752e-06,100,100
2.078,1,1,1,1,1,6.42585695379197e-06,6.45864074263627e-06,6.30315391066081e-06,1.89774035748325e-06,1.91006630505276e-06,2.0021455295714e-06,100,100
2.079,1,1,1,1,1,6.42715956776097e-06,6.45805062885038e-06,6.30758164353035e-06,1.8893180535271e-06,1.92577805175261e-06,2.0081739312129e-06,100,100
2.08,1,1,1,1,1,6.42843822626544e-06,6.45747547472602e-06,6.31195278816484e-06,1.88124270641235e-06,1.92548092256915e-06,2.0167480671516e-06,100,100
2.081,1,1,1,1,1,6.42970123861549e-06,6.45691485628841e-06,6.31627973192833e-06,1.8735218490331e-06,1.92477706182441e-06,2.01674101779472e-06,100,100
2.082,1,1,1,1,1,6.43095698892344e-06,6.45585710106969e-06,6.32057909738309e-06,1.86616954584271e-06,1.92010388261493e-06,2.01685387608506e-06,100,100
2.083,1,1,1,1,1,6.43221705118012e-06,6.44446432063983e-06,6.32486695808964e-06,1.85919640545465e-06,1.9009276761927e-06,2.01709457075804e-06,100,100
2.084,1,1,1,1,1,6.43349928190798e-06,6.43349928190798e-06,6.32916569583922e-06,1.84696354846834e-06,1.88325968339307e-06,2.01658484469431e-06,100,100
2.085,1,1,1,1,1,6.43482481246372e-06,6.43482481246372e-06,6.33349697445471e-06,1.84529634002539e-06,1.87415745025197e-06,2.00357760791935e-06,100,100
2.086,1,1,1,1,1,6.43620075535022e-06,6.43620075535022e-06,6.3378694143237e-06,1.85119081720005e-06,1.86493581366374e-06,1.99057004474034e-06,100,100
2.087,1,1,1,1,1,6.43762049284049e-06,6.43762049284049e-06,6.34228685938837e-06,1.85562864609716e-06,1.86440994707497e-06,1.98244346539874e-06,100,100
2.088,1,1,1,1,1,6.43907722455801e-06,6.43907722455801e-06,6.34674747679377e-06,1.83274701373112e-06,1.86686248707919e-06,1.98271809160219e-06,100,100
2.089,1,1,1,1,1,6.44056267899709e-06,6.44056267899709e-06,6.35123991994203e-06,1.80974570041704e-06,1.86860827605596e-06,1.98314025443281e-06,100,100
2.09,1,1,1,1,1,6.44206261535502e-06,6.44206261535502e-06,6.35575129026968e-06,1.78680673663588e-06,1.86844787434691e-06,1.98658590299164e-06,100,100
2.091,1,1,1,1,1,6.44355531329832e-06,6.44355531329832e-06,6.36026592547016e-06,1.77748292995846e-06,1.86127100639172e-06,1.98788054371515e-06,100,100
2.092,1,1,1,1,1,6.44501672416766e-06,6.44501672416766e-06,6.3647633804303e-06,1.7682360835762e-06,1.85348731376223e-06,1.98103592587041e-06,100,100
2.093,1,1,1,1,1,6.44642176847383e-06,6.44642176847383e-06,6.36921651883617e-06,1.75906716857657e-06,1.84510354748058e-06,1.96376000847576e-06,100,100
2.094,1,1,1,1,1,6.44773530530693e-06,6.44773530530693e-06,6.37359100293149e-06,1.74998590767186e-06,1.83613059993117e-06,1.94837405916707e-06,100,100
2.095,1,1,1,1,1,6.44891866043961e-06,6.44891866043961e-06,6.3778513841669e-06,1.75053470564388e-06,1.83170843754277e-06,1.93415513016196e-06,100,100
2.096,1,1,1,1,1,6.44993995876169e-06,6.44993995876169e-06,6.38196724461665e-06,1.75741704443611e-06,1.82861047293985e-06,1.91996604080887e-06,100,100
2.097,1,1,1,1,1,6.45077279604762e-06,6.45077279604762e-06,6.38591679900145e-06,1.76423739383167e-06,1.81762410003052e-06,1.90582774133521e-06,100,100
2.098,1,1,1,1,1,6.45139612942335e-06,6.45139612942335e-06,6.38967877043674e-06,1.77098408538144e-06,1.80308920147481e-06,1.89175070208082e-06,100,100
2.099,1,1,1,1,1,6.45178206604284e-06,6.45178206604284e-06,6.3932188156672e-06,1.77764728257405e-06,1.7888819428402e-06,1.87774665469883e-06,100,100
2.1,1,1,1,1,1,6.45188958493065e-06,6.45188958493065e-06,6.39649149542309e-06,1.78420667429037e-06,1.77504578149302e-06,1.86383149472406e-06,100,100
2.101,1,1,1,1,1,6.45167961779259e-06,6.45188527876583e-06,6.39945157588432e-06,1.79064121988008e-06,1.76162744322361e-06,1.8500273903714e-06,100,100
2.102,1,1,1,1,1,6.45111487624695e-06,6.46400936487937e-06,6.40206026798473e-06,1.78705816942162e-06,1.74866734784973e-06,1.83636139999279e-06,100,100
2.103,1,1,1,1,1,6.45015982633665e-06,6.47555676995285e-06,6.4042885788307e-06,1.7829373679909e-06,1.74538012870682e-06,1.84691168253675e-06,100,100
2.104,1,1,1,1,1,6.44878640381526e-06,6.48649127958996e-06,6.40610642393385e-06,1.78180107691657e-06,1.75287944206771e-06,1.869953411606e-06,100,100
2.105,1,1,1,1,1,6.44696563413449e-06,6.49678392043503e-06,6.40748063082391e-06,1.79567767048995e-06,1.79076763227433e-06,1.87379947461948e-06,100,100
2.106,1,1,1,1,1,6.44934982275338e-06,6.50641233224402e-06,6.40838171908088e-06,1.82920884420269e-06,1.82920884420269e-06,1.86611934531404e-06,100,100
2.107,1,1,1,1,1,6.47002528528409e-06,6.5153445222009e-06,6.40877473118452e-06,1.84376203054776e-06,1.83672487491163e-06,1.85877475387073e-06,100,100
2.108,1,1,1,1,1,6.49060760399718e-06,6.52353427416369e-06,6.40861510962644e-06,1.84743621409131e-06,1.83953987465214e-06,1.85174510152238e-06,100,100
2.109,1,1,1,1,1,6.51105382551098e-06,6.53093218715428e-06,6.40785923124444e-06,1.85135502530339e-06,1.84223879444236e-06,1.84502550874255e-06,100,100
2.11,1,1,1,1,1,6.53132419283965e-06,6.53750443838261e-06,6.40647622272809e-06,1.85551822029709e-06,1.84484294272323e-06,1.84059370887875e-06,100,100
2.111,1,1,1,1,1,6.55138032036347e-06,6.54758717368159e-06,6.40444081652661e-06,1.84720848255115e-06,1.84737045261274e-06,1.83793510151206e-06,100,100
2.112,1,1,1,1,1,6.57117422324467e-06,6.5498060284087e-06,6.40172569656272e-06,1.83252377067886e-06,1.84649970917645e-06,1.83564702224557e-06,100,100
2.113,1,1,1,1,1,6.59065322336949e-06,6.55176680934171e-06,6.39830036005936e-06,1.83130893147168e-06,1.83921250357735e-06,1.83630762030905e-06,100,100
2.114,1,1,1,1,1,6.60975997744027e-06,6.5534350546959e-06,6.39412779794287e-06,1.83281920496109e-06,1.84599167671031e-06,1.84726732626759e-06,100,100
2.115,1,1,1,1,1,6.62843730189753e-06,6.55477041823959e-06,6.38917813680151e-06,1.8302897217722e-06,1.85239669761405e-06,1.85818266735045e-06,100,100
2.116,1,1,1,1,1,6.64663921820737e-06,6.55573439475271e-06,6.38343978614496e-06,1.85587492211979e-06,1.85842650732052e-06,1.86899464459367e-06,100,100
2.117,1,1,1,1,1,6.6643272721975e-06,6.55629634456103e-06,6.37690440265903e-06,1.86890139227666e-06,1.8460342531595e-06,1.87162335830163e-06,100,100
2.118,1,1,1,1,1,6.68146313723187e-06,6.55643211324553e-06,6.3695574617355e-06,1.87138129679051e-06,1.85650255599364e-06,1.84915689709171e-06,100,100
2.119,1,1,1,1,1,6.69662082243454e-06,6.55612258121933e-06,6.36139198172998e-06,1.87350217901283e-06,1.85787909526884e-06,1.83055623642827e-06,100,100
2.12,1,1,1,1,1,6.69986840943453e-06,6.55535347639729e-06,6.35241753716578e-06,1.86902058044447e-06,1.84386887567811e-06,1.84372315697015e-06,100,100
2.121,1,1,1,1,1,6.70266182591024e-06,6.55410721385395e-06,6.34264607892201e-06,1.85224703864441e-06,1.83852281780611e-06,1.86393739930551e-06,100,100
2.122,1,1,1,1,1,6.70496964780437e-06,6.55235341035562e-06,6.33208859664577e-06,1.83454769221185e-06,1.83358649663144e-06,1.88066000469792e-06,100,100
2.123,1,1,1,1,1,6.70676381194405e-06,6.55006507260218e-06,6.34105294901834e-06,1.82456790183285e-06,1.84094866637359e-06,1.87876070130148e-06,100,100
2.124,1,1,1,1,1,6.70803352206827e-06,6.54723248151781e-06,6.35587031698647e-06,1.8154693089514e-06,1.84869442647653e-06,1.87426664162268e-06,100,100
2.125,1,1,1,1,1,6.70876736853148e-06,6.54384532215761e-06,6.3567029425051e-06,1.79703355554293e-06,1.84399192450775e-06,1.8696817122405e-06,100,100
2.126,1,1,1,1,1,6.70894823988211e-06,6.53988759916466e-06,6.35585326417258e-06,1.77821457586823e-06,1.83920348433458e-06,1.86500201952066e-06,100,100
2.127,1,1,1,1,1,6.70856517891225e-06,6.53534948722203e-06,6.35441628863565e-06,1.75904220665094e-06,1.82894964748815e-06,1.86023492707913e-06,100,100
2.128,1,1,1,1,1,6.7076122994767e-06,6.53022626295047e-06,6.35238243448579e-06,1.74668942435602e-06,1.81987902167208e-06,1.85538664839681e-06,100,100
2.129,1,1,1,1,1,6.70608807764576e-06,6.52451758564272e-06,6.34974715642811e-06,1.74719431224085e-06,1.82348350563026e-06,1.85045798824754e-06,100,100
2.13,1,1,1,1,1,6.70398532896466e-06,6.51821747334875e-06,6.34651031780999e-06,1.7478779923629e-06,1.82285768117288e-06,1.84428746077265e-06,100,100
2.131,1,1,1,1,1,6.70128755202964e-06,6.51131066240704e-06,6.34266621088676e-06,1.7487161647343e-06,1.83171334426666e-06,1.84020918330069e-06,100,100
2.132,1,1,1,1,1,6.69798905664938e-06,6.50379272563564e-06,6.33819991238299e-06,1.74967777586359e-06,1.83979833542343e-06,1.83503208155081e-06,100,100
2.133,0,1,0,0,1,6.69409480596919e-06,6.49566992344356e-06,6.33310734946507e-06,1.75071844989211e-06,1.85191812153164e-06,1.82859659340661e-06,100,100
2.134,0,1,0,0,1,6.68960587276505e-06,6.48694465390192e-06,6.32739498162095e-06,1.75180172824928e-06,1.87061497505654e-06,1.82096240498501e-06,100,100
2.135,0,1,0,0,1,6.68452377796311e-06,6.47761976180686e-06,6.32106511635587e-06,1.75289958236476e-06,1.88946521680525e-06,1.81218458733918e-06,100,100
2.136,0,1,0,0,1,6.6788564128514e-06,6.46770447575587e-06,6.31412022183378e-06,1.75397482777823e-06,1.9084052169043e-06,1.80231739737878e-06,100,100
2.137,0,1,0,0,1,6.67261319741515e-06,6.45720958962062e-06,6.30656891674653e-06,1.75499051913026e-06,1.92738293678361e-06,1.79142135665167e-06,100,100
2.138,0,1,0,0,1,6.66581243252187e-06,6.44615479727087e-06,6.29842124985509e-06,1.75592573781064e-06,1.94635900833907e-06,1.77955069456339e-06,100,100
2.139,0,1,0,0,1,6.65847885357455e-06,6.44616620917274e-06,6.28969619014123e-06,1.77356528211475e-06,1.96528263295924e-06,1.76674609272102e-06,100,100
2.14,0,1,0,0,1,6.6506283837948e-06,6.45086749112109e-06,6.28041917370248e-06,1.79222284754262e-06,1.98410165021232e-06,1.75951424624831e-06,100,100
2.141,0,1,0,0,1,6.64228034813836e-06,6.45830465808806e-06,6.27060676684283e-06,1.81142911911583e-06,2.00279043472222e-06,1.77268690794626e-06,100,100
2.142,0,1,0,0,1,6.63346384454764e-06,6.46872178273031e-06,6.26027887925647e-06,1.83114642040461e-06,2.02132871365956e-06,1.79100441400699e-06,100,100
2.143,0,1,0,0,1,6.62310777250429e-06,6.47734544726511e-06,6.24946514194743e-06,1.83569822258384e-06,2.0396826291927e-06,1.81191120943691e-06,100,100
2.144,0,1,0,0,1,6.6109569317623e-06,6.48392195767354e-06,6.23819675071015e-06,1.84037654909745e-06,2.04624268207296e-06,1.83236653112846e-06,100,100
2.145,0,1,0,0,1,6.59890056167535e-06,6.49033209534535e-06,6.22650686012331e-06,1.84457045996893e-06,2.04904745468728e-06,1.85236214796906e-06,100,100
2.146,0,1,0,0,1,6.58698680829908e-06,6.49661088123905e-06,6.21442741965417e-06,1.84829150723974e-06,2.05166655693639e-06,1.87189154788346e-06,100,100
2.147,0,1,0,0,1,6.57527066093868e-06,6.50279054170461e-06,6.20822875249009e-06,1.8584858074598e-06,2.05408063838282e-06,1.89094140498914e-06,100,100
2.148,0,1,0,0,1,6.56381409941405e-06,6.50891060248733e-06,6.20208632261911e-06,1.87121931079942e-06,2.05628788436273e-06,1.90906466865336e-06,100,100
2.149,0,0,0,0,1,6.55267517463815e-06,6.51502258540659e-06,6.19593837360191e-06,1.88359659603912e-06,2.05736091941106e-06,1.90365061310453e-06,100,100
2.15,0,0,0,0,1,6.54191464038898e-06,6.52117734885358e-06,6.18982240773977e-06,1.89562318527126e-06,2.04532896549443e-06,1.89753620875145e-06,100,100
2.151,0,0,0,0,1,6.53159890750581e-06,6.52740852473347e-06,6.18376211895583e-06,1.90732194753032e-06,2.05676456433359e-06,1.89632969776246e-06,100,100
2.152,0,0,0,0,1,6.53375105808477e-06,6.53375105808477e-06,6.17778684631498e-06,1.91871905138593e-06,2.06282077846341e-06,1.91936357357813e-06,100,100
2.153,0,0,0,0,1,6.54024821210089e-06,6.54024821210089e-06,6.17750579527492e-06,1.92982787535205e-06,2.06379352875346e-06,1.94195041998618e-06,100,100
2.154,0,0,0,0,1,6.54692608702061e-06,6.54692608702061e-06,6.18635018912481e-06,1.94065882688769e-06,2.06447570408405e-06,1.96405557882267e-06,100,100
2.155,0,0,0,0,1,6.55051208648198e-06,6.55051208648198e-06,6.21111602042324e-06,1.95122444107321e-06,2.06484231043034e-06,1.9856488018206e-06,100,100
2.156,0,0,0,0,1,6.55797277970297e-06,6.55797277970297e-06,6.23544277696931e-06,1.96152340239804e-06,2.0648787686856e-06,2.006705447659e-06,100,100
2.157,0,0,0,0,1,6.57328583617056e-06,6.57328583617056e-06,6.2593142915152e-06,1.97142278213614e-06,2.06562357417906e-06,2.02706608167316e-06,100,100
2.158,0,0,0,0,1,6.5879087875588e-06,6.5879087875588e-06,6.28270939934422e-06,1.97371644467237e-06,2.0796855373552e-06,2.03060693156348e-06,100,100
2.159,0,0,0,0,1,6.60184593388125e-06,6.60184593388125e-06,6.30561273356005e-06,1.97599534531693e-06,2.09321075053826e-06,2.03287260061988e-06,100,100
2.16,0,0,0,0,1,6.61508850924667e-06,6.61508850924667e-06,6.32801037756573e-06,1.97839133906498e-06,2.10619072004074e-06,2.04644171728671e-06,100,100
2.161,0,0,0,0,1,6.62762967597355e-06,6.62762967597355e-06,6.34987398873558e-06,1.99337937164568e-06,2.10626916839182e-06,2.06084353830003e-06,100,100
2.162,0,0,0,0,1,6.63946751447736e-06,6.63946751447736e-06,6.37116006091269e-06,2.00786108770809e-06,2.09423220236899e-06,2.0745711764638e-06,100,100
2.163,0,0,0,0,1,6.65058084520182e-06,6.65058084520182e-06,6.39182524446751e-06,2.01827614762909e-06,2.09882587690817e-06,2.08409632734106e-06,100,100
2.164,0,0,0,0,1,6.66094621985791e-06,6.66094621985791e-06,6.41183540868026e-06,2.00401597459725e-06,2.10304610871713e-06,2.08759380706505e-06,100,100
2.165,0,0,0,0,1,6.67055840438395e-06,6.67055840438395e-06,6.43115834152588e-06,1.99634067538832e-06,2.10539366589406e-06,2.09076256604112e-06,100,100
2.166,0,0,0,0,1,6.67942038295239e-06,6.67942038295239e-06,6.44976206281555e-06,1.99161137924722e-06,2.10542334099292e-06,2.09364334031242e-06,100,100
2.167,0,0,0,0,1,6.68752491820292e-06,6.68752491820292e-06,6.46761689362784e-06,1.9954392415829e-06,2.10534514573244e-06,2.0799669090938e-06,100,100
2.168,0,0,0,0,0,6.69485952471567e-06,6.69485952471567e-06,6.48469322468387e-06,2.00422714380037e-06,2.10517391875812e-06,2.06545361923233e-06,100,100
2.169,0,0,0,0,0,6.70142292144423e-06,6.70142292144423e-06,6.50095493069098e-06,2.01270954123741e-06,2.10491374559699e-06,2.0508561060987e-06,100,100
2.17,0,0,0,0,0,6.70722300159032e-06,6.70722300159032e-06,6.51636704161837e-06,2.02090362767308e-06,2.10457706737534e-06,2.03622301612911e-06,100,100
2.171,0,0,0,0,0,6.71226952358468e-06,6.71226952358468e-06,6.5309073796528e-06,2.03004535939767e-06,2.10347116030287e-06,2.02159827713238e-06,100,100
2.172,0,0,0,0,0,6.71657318291008e-06,6.71657318291008e-06,6.54456073559313e-06,2.04536545335202e-06,2.10112709590155e-06,2.00701286837307e-06,100,100
2.173,0,0,0,0,0,6.72015474068802e-06,6.72015474068802e-06,6.55731137591997e-06,2.06069486980031e-06,2.09885463060614e-06,2.00208445365557e-06,100,100
2.174,0,0,0,0,0,6.72303326785091e-06,6.72303326785091e-06,6.57008488964704e-06,2.0602385972903e-06,2.09527026174038e-06,1.99741868000174e-06,100,100
2.175,0,0,0,0,0,6.72520939734705e-06,6.72520939734705e-06,6.58485154227512e-06,2.05819237202421e-06,2.08950161733793e-06,1.99269378202407e-06,100,100
2.176,0,0,0,0,0,6.72668255390245e-06,6.72668255390245e-06,6.59855600977428e-06,2.05616649687889e-06,2.0865776065252e-06,1.9961286168489e-06,100,100
2.177,0,0,0,0,0,6.72746087912225e-06,6.72746087912225e-06,6.61117474178186e-06,2.05416546163971e-06,2.0910908346886e-06,2.00078417220787e-06,100,100
2.178,0,0,0,0,0,6.72755930812229e-06,6.72755930812229e-06,6.62267374514131e-06,2.06260095539866e-06,2.09616634186314e-06,2.00541980426673e-06,100,100
2.179,0,0,0,0,0,6.72699547131771e-06,6.72699547131771e-06,6.63303019737443e-06,2.07092010946404e-06,2.101325479373e-06,2.00219450772736e-06,100,100
2.18,0,0,0,0,0,6.72578569360396e-06,6.72578569360396e-06,6.64223502278591e-06,2.07105742825665e-06,2.09386628903379e-06,1.99356437154242e-06,100,100
2.181,0,0,0,0,0,6.72395496125724e-06,6.72395496125724e-06,6.65028141059593e-06,2.06904305420501e-06,2.08701177053946e-06,1.98474334880879e-06,100,100
2.182,0,0,0,0,0,6.72153408209606e-06,6.72153408209606e-06,6.65716614668481e-06,2.06675450348632e-06,2.08085216626214e-06,1.97575746496326e-06,100,100
2.183,0,0,0,0,0,6.71854691043932e-06,6.71854691043932e-06,6.66289629396193e-06,2.06421661528541e-06,2.07537308197407e-06,1.97599410115608e-06,100,100
2.184,0,0,0,0,0,6.71500217849274e-06,6.71500217849274e-06,6.66747820388085e-06,2.06288451811462e-06,2.07054200935217e-06,1.98980604773909e-06,100,100
2.185,0,0,0,0,0,6.71088840875001e-06,6.71088840875001e-06,6.67091362801737e-06,2.06629349755442e-06,2.07845613000479e-06,2.0034195739678e-06,100,100
2.186,0,0,0,0,0,6.70619809448716e-06,6.70619809448716e-06,6.67320121185861e-06,2.06957038259802e-06,2.08990521797246e-06,2.01672929452598e-06,100,100
2.187,0,0,0,0,0,6.70094999297876e-06,6.70094999297876e-06,6.67434604205843e-06,2.07260637816141e-06,2.10140258550498e-06,2.01493378318147e-06,100,100
2.188,0,0,0,0,0,6.69517466616697e-06,6.69517466616697e-06,6.67436808525552e-06,2.06272602689875e-06,2.10754441005052e-06,2.01831964181166e-06,100,100
2.189,0,0,0,0,0,6.68889636261796e-06,6.68889636261796e-06,6.67330122374084e-06,2.05278043585318e-06,2.10331291286752e-06,2.0284804228108e-06,100,100
2.19,0,0,0,0,0,6.68213707511691e-06,6.68213707511691e-06,6.67118045972595e-06,2.04279171244379e-06,2.09286379725117e-06,2.03717572977565e-06,100,100
2.191,0,0,0,0,0,6.67493422109791e-06,6.67493422109791e-06,6.66802348523723e-06,2.03277912285088e-06,2.08588718882244e-06,2.03641598018894e-06,100,100
2.192,0,0,0,0,0,6.66734433010702e-06,6.66734433010702e-06,6.66385190949565e-06,2.0227560640769e-06,2.08657480233235e-06,2.03548013406516e-06,100,100
2.193,0,0,0,0,0,6.66057589597355e-06,6.66057589597355e-06,6.65870579017886e-06,2.01272353467635e-06,2.08752094120494e-06,2.03435762461578e-06,100,100
2.194,0,0,0,0,0,6.65442467053994e-06,6.65442467053994e-06,6.65262624308796e-06,2.00267763511681e-06,2.08925018172167e-06,2.03887057409806e-06,100,100
2.195,0,0,0,0,0,6.64766323107343e-06,6.64766323107343e-06,6.64566491645917e-06,1.99261150236603e-06,2.09072196293892e-06,2.04702375036112e-06,100,100
2.196,0,0,0,0,0,6.64030742038738e-06,6.64030742038738e-06,6.63788966922804e-06,1.98444396639424e-06,2.091916495877e-06,2.05485085095847e-06,100,100
2.197,0,0,0,0,0,6.63238152110131e-06,6.63238152110131e-06,6.62935990780683e-06,1.98276132480664e-06,2.09283658763249e-06,2.06236827723956e-06,100,100
2.198,0,0,0,0,0,6.62391597042071e-06,6.62391597042071e-06,6.62012208573505e-06,1.98089057907333e-06,2.09348830458183e-06,2.06959607044681e-06,100,100
2.199,0,0,0,0,0,6.61494679675356e-06,6.61494679675356e-06,6.61022068357281e-06,1.97886122554431e-06,2.09387019573772e-06,2.07654685919879e-06,100,100
2.2,0,0,0,0,0,6.60552211197475e-06,6.60552211197475e-06,6.5996979056369e-06,1.97670143717108e-06,2.09398339776755e-06,2.07644498949276e-06,100,100
2.201,0,0,0,0,0,6.59569157603296e-06,6.59569157603296e-06,6.58859919823035e-06,1.97443649643142e-06,2.09382887917828e-06,2.07234320708148e-06,100,100
2.202,0,0,0,0,0,6.58549133421799e-06,6.58549133421799e-06,6.57697269533835e-06,1.97208642955625e-06,2.09340397400228e-06,2.06810374803557e-06,100,100
2.203,0,0,0,0,0,6.57494735252908e-06,6.58241046080241e-06,6.56487113033796e-06,1.96965951888951e-06,2.09270090897067e-06,2.06374605119171e-06,100,100
2.204,0,0,0,0,0,6.56409117090475e-06,6.58109790647317e-06,6.55235498412961e-06,1.96716231615205e-06,2.09171718792827e-06,2.05929578554917e-06,100,100
2.205,0,0,0,0,0,6.55296815645735e-06,6.57951848349028e-06,6.53947509024482e-06,1.96462250843685e-06,2.09046429844635e-06,2.05479723810553e-06,100,100
2.206,0,0,0,0,0,6.54163046541318e-06,6.57769214448718e-06,6.52628266710151e-06,1.96206737183963e-06,2.08895113544982e-06,2.05318019200653e-06,100,100
2.207,0,0,0,0,0,6.53081601510483e-06,6.57563723070546e-06,6.51284479370455e-06,1.95950540474348e-06,2.08718222417818e-06,2.06514235612344e-06,100,100
2.208,0,0,0,0,0,6.52151765081007e-06,6.57336236348886e-06,6.49922800749566e-06,1.95694623475222e-06,2.08516603769339e-06,2.07690850078786e-06,100,100
2.209,0,0,0,0,0,6.51233896784783e-06,6.57088908428264e-06,6.48549192537858e-06,1.95275887162399e-06,2.08291237285223e-06,2.08845676006065e-06,100,100
2.21,0,0,0,0,0,6.50330691947096e-06,6.56826317492899e-06,6.47168944702894e-06,1.94791155829424e-06,2.08043547752354e-06,2.09977240679153e-06,100,100
2.211,0,0,0,0,0,6.49444763411409e-06,6.56553071377693e-06,6.45787656139557e-06,1.94311130631355e-06,2.07775347284389e-06,2.11084530254188e-06,100,100
2.212,0,0,0,0,0,6.48578576812548e-06,6.56272444738069e-06,6.44412229867637e-06,1.9387771747928e-06,2.07488257075521e-06,2.12153474048643e-06,100,100
2.213,0,0,0,0,0,6.47734373135143e-06,6.55986515372032e-06,6.43049401907776e-06,1.94025062565252e-06,2.07183909418719e-06,2.12255911722299e-06,100,100
2.214,0,0,0,0,0,6.46914627917421e-06,6.55696263340698e-06,6.41704817169785e-06,1.94160259911993e-06,2.06863509503682e-06,2.1233644458783e-06,100,100
2.215,0,0,0,0,0,6.46121294542326e-06,6.55401233016958e-06,6.40382982326503e-06,1.94284132967442e-06,2.06527726688534e-06,2.12395013795167e-06,100,100
2.216,0,0,0,0,0,6.45355177143401e-06,6.55100541042929e-06,6.3908625527622e-06,1.94396667665862e-06,2.06177178978187e-06,2.12345200243811e-06,100,100
2.217,0,0,0,0,0,6.44616299558148e-06,6.54793902704935e-06,6.37815166451495e-06,1.94497201167668e-06,2.05813101192872e-06,2.11986110856333e-06,100,100
2.218,0,0,0,0,0,6.43903947155592e-06,6.54480980415869e-06,6.36570571417623e-06,1.94585845079822e-06,2.05437741465765e-06,2.11630315915169e-06,100,100
2.219,0,0,0,0,0,6.43217519154646e-06,6.54160828548031e-06,6.35354248445035e-06,1.94662605591457e-06,2.05053328778491e-06,2.11277454312298e-06,100,100
2.22,0,0,0,0,0,6.42557030396734e-06,6.538323868487e-06,6.34168386259643e-06,1.94726195077378e-06,2.04660549481532e-06,2.10927577826832e-06,100,100
2.221,0,0,0,0,0,6.41922170931101e-06,6.53495209652201e-06,6.33015247267944e-06,1.9477588415827e-06,2.04258538665126e-06,2.10580259267904e-06,100,100
2.222,0,0,0,0,0,6.41312812594597e-06,6.53149579198371e-06,6.31950052155126e-06,1.9481137571019e-06,2.03847770721119e-06,2.10236243131181e-06,100,100
2.223,0,0,0,0,0,6.40728970727727e-06,6.52796477613331e-06,6.30952304905819e-06,1.94831894441974e-06,2.03430261350981e-06,2.09897984275288e-06,100,100
2.224,0,0,0,0,0,6.40169554980628e-06,6.52437120241009e-06,6.29985700930356e-06,1.94837153447644e-06,2.03007126790951e-06,2.09566909818451e-06,100,100
2.225,0,0,0,0,0,6.39633473338901e-06,6.52072308758769e-06,6.29052063348974e-06,1.94827672048737e-06,2.0308467764311e-06,2.09243412405234e-06,100,100
2.226,0,0,0,0,0,6.3912047815869e-06,6.51701797652711e-06,6.28152626201095e-06,1.9480495999708e-06,2.03292424430633e-06,2.08927840677461e-06,100,100
2.227,0,0,0,0,0,6.38629054464347e-06,6.51325327842087e-06,6.27288241708575e-06,1.94770431114925e-06,2.03506466468311e-06,2.08619809844412e-06,100,100
2.228,0,0,0,0,0,6.38155998922568e-06,6.50943308314819e-06,6.26459490933035e-06,1.94725310728953e-06,2.03724063024884e-06,2.08317854023648e-06,100,100
2.229,0,0,0,0,0,6.37698986655598e-06,6.50581569337715e-06,6.25666543641382e-06,1.94671370274597e-06,2.03943556949603e-06,2.08021044863468e-06,100,100
2.23,0,0,0,0,0,6.37256278892894e-06,6.50794328731992e-06,6.24909107780315e-06,1.94608966537275e-06,2.04164875823377e-06,2.07729293992581e-06,100,100
2.231,0,0,0,0,0,6.36825426861964e-06,6.50980516644638e-06,6.24186265733168e-06,1.94537423333453e-06,2.04227541337243e-06,2.07483184391312e-06,100,100
2.232,0,0,0,0,0,6.36404536535357e-06,6.51140117426755e-06,6.2349692870423e-06,1.94457583537877e-06,2.03920972332107e-06,2.07759556768895e-06,100,100
2.233,0,0,0,0,0,6.35992793419513e-06,6.51273460875544e-06,6.22840159727127e-06,1.94370407604061e-06,2.03423652688577e-06,2.08042283055646e-06,100,100
2.234,0,0,0,0,0,6.35589426029607e-06,6.51380393500621e-06,6.22214958972347e-06,1.94275669064794e-06,2.02646084486839e-06,2.08329812455385e-06,100,100
2.235,0,0,0,0,0,6.35193355610116e-06,6.51460983096096e-06,6.21621237975211e-06,1.94173042246892e-06,2.0186558051705e-06,2.08621242919005e-06,100,100
2.236,0,0,0,0,0,6.34803096543583e-06,6.51514734879841e-06,6.21059440866128e-06,1.94061867256829e-06,2.01085056889804e-06,2.0891418969871e-06,100,100
2.237,0,0,0,0,0,6.34415341509147e-06,6.51539272348205e-06,6.20529789369246e-06,1.93941416864073e-06,2.0030615303482e-06,2.09205099501509e-06,100,100
2.238,0,0,0,0,0,6.34026253933599e-06,6.51532712935493e-06,6.20032401094392e-06,1.93811906360641e-06,1.99529571255817e-06,2.09109036763981e-06,100,100
2.239,0,0,0,0,0,6.33634896659083e-06,6.5149628287791e-06,6.19565477734579e-06,1.93674143866259e-06,1.98755038260106e-06,2.08921859835199e-06,100,100
2.24,0,0,0,0,0,6.33242370326341e-06,6.51432520055802e-06,6.19125602280522e-06,1.93528064137628e-06,1.97984008836597e-06,2.08739460462164e-06,100,100
2.241,0,0,0,0,0,6.32849526092526e-06,6.51343241760128e-06,6.18710570456177e-06,1.9337332945832e-06,1.97221262556044e-06,2.085007485399e-06,100,100
2.242,0,0,0,0,0,6.32457134658716e-06,6.51230010030519e-06,6.18319400480873e-06,1.93211281923237e-06,1.96471787059701e-06,2.07982217490362e-06,100,100
2.243,0,0,0,0,0,6.3206586094816e-06,6.51094139072502e-06,6.17951101153415e-06,1.93515490014749e-06,1.95738213721978e-06,2.07452350108549e-06,100,100
2.244,0,0,0,0,0,6.3167594642989e-06,6.50936227320414e-06,6.17605045378475e-06,1.94089258575864e-06,1.95022474263236e-06,2.06912344457808e-06,100,100
2.245,0,0,0,0,0,6.31288008769157e-06,6.50757095509803e-06,6.17281131080088e-06,1.94669042828592e-06,1.9432695465259e-06,2.06362234417315e-06,100,100
2.246,0,0,0,0,0,6.30902093260516e-06,6.50557659607674e-06,6.16978938026274e-06,1.95252847768661e-06,1.936532203087e-06,2.05802373575454e-06,100,100
2.247,0,0,0,0,0,6.30517145126669e-06,6.5033868241755e-06,6.16697192082249e-06,1.95839868105818e-06,1.93073395570014e-06,2.05233070237341e-06,100,100
2.248,0,0,0,0,0,6.30133333330804e-06,6.50101823650223e-06,6.16478107592427e-06,1.9642965201755e-06,1.92712203871016e-06,2.04653549179046e-06,100,100
2.249,0,0,0,0,0,6.29752157743605e-06,6.49848634124532e-06,6.16353065527695e-06,1.97022201702595e-06,1.92377703914776e-06,2.04062363034921e-06,100,100
2.25,0,0,0,0,0,6.29374583699287e-06,6.49579087770015e-06,6.16362177853492e-06,1.97618278469983e-06,1.9251673787254e-06,2.0345866942155e-06,100,100
2.251,0,0,0,0,0,6.29000349065867e-06,6.49292092415538e-06,6.16517468412832e-06,1.98218482590548e-06,1.92670568752958e-06,2.02973654755777e-06,100,100
2.252,0,0,0,0,0,6.28629109803752e-06,6.48986838569162e-06,6.16695054853279e-06,1.98821730945898e-06,1.92838132493073e-06,2.02824217189422e-06,100,100
2.253,0,0,0,0,0,6.28261318810667e-06,6.48663549463913e-06,6.16892841169176e-06,1.989825221889e-06,1.9301778008929e-06,2.02672880623454e-06,100,100
2.254,0,0,0,0,0,6.27897123097468e-06,6.48323041050264e-06,6.17107492045225e-06,1.98359383702885e-06,1.92875395510435e-06,2.02516348677825e-06,100,100
2.255,0,0,0,0,0,6.27536588069013e-06,6.47966158639191e-06,6.1733475927561e-06,1.9772661893852e-06,1.92457864221542e-06,2.02354248549645e-06,100,100
2.256,0,0,0,0,0,6.27452219885871e-06,6.47593808433761e-06,6.17570275219562e-06,1.97846983916899e-06,1.92035230890179e-06,2.02187843773739e-06,100,100
2.257,0,0,0,0,0,6.27416309374154e-06,6.47206990451083e-06,6.17810900701853e-06,1.98626396280997e-06,1.91606653400172e-06,2.02017387792096e-06,100,100
2.258,0,0,0,0,0,6.27374774006276e-06,6.46805973620262e-06,6.18054219941682e-06,1.98728410682899e-06,1.91171172965262e-06,2.018431919115e-06,100,100
2.259,0,0,0,0,0,6.27328592695237e-06,6.46391122582296e-06,6.18297779609862e-06,1.98819455977313e-06,1.90728150334985e-06,2.01665488527602e-06,100,100
2.26,0,0,0,0,0,6.2727829998717e-06,6.45963480572704e-06,6.18539169512821e-06,1.98900025846947e-06,1.90276947941367e-06,2.01483958966781e-06,100,100
2.261,0,0,0,0,0,6.27222593794793e-06,6.45522732422354e-06,6.18776263326227e-06,1.98464579274395e-06,1.89817209540549e-06,2.01298444341732e-06,100,100
2.262,0,0,0,0,0,6.27159673347104e-06,6.45067671097552e-06,6.19006937671543e-06,1.97774079973036e-06,1.89348797144161e-06,2.01108722797319e-06,100,100
2.263,0,0,0,0,0,6.2708879529501e-06,6.44598595248753e-06,6.19228945891293e-06,1.97075150287142e-06,1.88871358096489e-06,2.0096530922723e-06,100,100
2.264,0,0,0,0,0,6.27011174401369e-06,6.44117674599483e-06,6.19441108558149e-06,1.96367250262644e-06,1.88384180431354e-06,2.01118417396074e-06,100,100
2.265,0,0,0,0,0,6.26929413719849e-06,6.4362797540798e-06,6.19642572604821e-06,1.95915245501727e-06,1.87885246904661e-06,2.01270253042951e-06,100,100
2.266,0,0,0,0,0,6.26845913121185e-06,6.43131972082377e-06,6.19831363402833e-06,1.96202651694556e-06,1.87371994631502e-06,2.01420858081219e-06,100,100
2.267,0,0,0,0,0,6.26761352934009e-06,6.42630334151556e-06,6.2000502331435e-06,1.9529136277632e-06,1.86842687666855e-06,2.01569358953786e-06,100,100
2.268,0,0,0,0,0,6.26674559461807e-06,6.42122871468596e-06,6.20160715846674e-06,1.94140833698943e-06,1.86296019977638e-06,2.01714094663518e-06,100,100
2.269,0,0,0,0,0,6.26584922444922e-06,6.41610182506805e-06,6.20296087298031e-06,1.92963761152051e-06,1.85729879145804e-06,2.01853396190603e-06,100,100
2.27,0,0,0,0,0,6.264925554541e-06,6.4109330731449e-06,6.2040938523844e-06,1.91757844068455e-06,1.8514173022048e-06,2.01986334816165e-06,100,100
2.271,0,0,0,0,0,6.26397302310534e-06,6.4057253012625e-06,6.20498116627033e-06,1.912672001219e-06,1.84529998359587e-06,2.0211269187344e-06,100,100
2.272,0,0,0,0,0,6.26299584446572e-06,6.40047632223053e-06,6.20559670054944e-06,1.92099090910695e-06,1.8476079765264e-06,2.02231829936796e-06,100,100
2.273,0,0,0,0,0,6.26199728265735e-06,6.39518858361707e-06,6.20591921310922e-06,1.92935815721584e-06,1.84798069409745e-06,2.02343679055656e-06,100,100
2.274,0,0,0,0,0,6.26097633311037e-06,6.38987094503252e-06,6.20592953958454e-06,1.93776862751394e-06,1.84580553539901e-06,2.02449791299105e-06,100,100
2.275,0,0,0,0,0,6.25992711096494e-06,6.38453523067707e-06,6.205603875627e-06,1.94621705924667e-06,1.8438633341256e-06,2.02551537096286e-06,100,100
2.276,0,0,0,0,0,6.25883356664255e-06,6.37918545974588e-06,6.20492282175337e-06,1.95469498754673e-06,1.84214737294437e-06,2.02648971786766e-06,100,100
2.277,0,0,0,0,0,6.25767839914433e-06,6.3738223885054e-06,6.20387441752305e-06,1.96319562255086e-06,1.84065319782193e-06,2.02741412283051e-06,100,100
2.278,0,0,0,0,0,6.25645149713267e-06,6.36846741764143e-06,6.20243968844636e-06,1.97170891678911e-06,1.83938965232524e-06,2.02828596476461e-06,100,100
2.279,0,0,0,0,0,6.2551405561255e-06,6.36315416851766e-06,6.20059296897197e-06,1.98023385900458e-06,1.838370738596e-06,2.02911568420653e-06,100,100
2.28,0,0,0,0,0,6.25372951239522e-06,6.35790871125394e-06,6.19831059195057e-06,1.98878756649278e-06,1.83759808734762e-06,2.02992681952974e-06,100,100
2.281,0,0,0,0,0,6.252209963126e-06,6.35275075766036e-06,6.19557107052826e-06,1.99738053708094e-06,1.83706728859987e-06,2.03074078940625e-06,100,100
2.282,0,0,0,0,0,6.25058243719084e-06,6.3476991630462e-06,6.19236010172968e-06,1.99757515184624e-06,1.83677621466627e-06,2.0315644218699e-06,100,100
2.283,0,0,0,0,0,6.24886471767642e-06,6.34278224732733e-06,6.1903574353729e-06,1.98934923417236e-06,1.83671570062225e-06,2.03240200370816e-06,100,100
2.284,0,0,0,0,0,6.24708496610133e-06,6.33803998547239e-06,6.18915823731694e-06,1.98103964057981e-06,1.83687400498714e-06,2.03326019171972e-06,100,100
2.285,0,0,0,0,0,6.24526155858163e-06,6.33351135634527e-06,6.18776025503991e-06,1.97265320075101e-06,1.83724110920204e-06,2.03415085940958e-06,100,100
2.286,0,0,0,0,0,6.24340311255017e-06,6.32923200366869e-06,6.18618317961415e-06,1.96418270993416e-06,1.83779608081212e-06,2.03509922418866e-06,100,100
2.287,0,0,0,0,0,6.24151558406294e-06,6.32523417711052e-06,6.18444352942452e-06,1.96126520330704e-06,1.83851124363751e-06,2.0361335647686e-06,100,100
2.288,0,0,0,0,0,6.23960544575105e-06,6.32154599545429e-06,6.18255388834561e-06,1.96895836956827e-06,1.83936487740815e-06,2.03727325894606e-06,100,100
2.289,0,0,0,0,0,6.23768272293447e-06,6.31820337271886e-06,6.18052560101689e-06,1.9765651098702e-06,1.84033752878941e-06,2.04060634518438e-06,100,100
2.29,0,0,0,0,0,6.23575811360277e-06,6.31524143706894e-06,6.17837170301202e-06,1.98408982488019e-06,1.84141487052855e-06,2.04413564836784e-06,100,100
2.291,0,0,0,0,0,6.23383359392505e-06,6.31267631826168e-06,6.17610252322102e-06,1.99153103088608e-06,1.84259068379452e-06,2.04763766463887e-06,100,100
2.292,0,0,0,0,0,6.23191114153064e-06,6.3105138626919e-06,6.17372462846021e-06,1.99889577631537e-06,1.84385834367178e-06,2.05110775471175e-06,100,100
2.293,0,0,0,0,0,6.2300075068878e-06,6.30876799203694e-06,6.17124889896872e-06,1.99881816256445e-06,1.84521037732026e-06,2.05455133868211e-06,100,100
2.294,0,0,0,0,0,6.2281451284857e-06,6.30745384464689e-06,6.16868976905868e-06,1.98944526027973e-06,1.84947802966452e-06,2.05797764922801e-06,100,100
2.295,0,0,0,0,0,6.22633400442124e-06,6.30657448892397e-06,6.16606445097595e-06,1.96522148025303e-06,1.85550747635342e-06,2.06138260898084e-06,100,100
2.296,0,0,0,0,0,6.22757879751399e-06,6.3061290682258e-06,6.16339539598752e-06,1.94098041942692e-06,1.86156157732849e-06,2.06476189646204e-06,100,100
2.297,0,0,0,0,0,6.23022832878324e-06,6.30611433495276e-06,6.16070996754082e-06,1.91718892362269e-06,1.86761616967372e-06,2.06812062038267e-06,100,100
2.298,0,0,0,0,0,6.23306058445637e-06,6.30652364112737e-06,6.15803720643718e-06,1.91600997564592e-06,1.87366339600656e-06,2.07146771581423e-06,100,100
2.299,0,0,0,0,0,6.23607930842602e-06,6.30735045160819e-06,6.15540644918541e-06,1.91556177522195e-06,1.87970284935683e-06,2.07481525308122e-06,100,100
2.3,0,0,0,0,0,6.23928844323408e-06,6.30858367684813e-06,6.15285246392057e-06,1.89293789993809e-06,1.88572803314202e-06,2.07817659538455e-06,100,100
2.301,0,0,0,0,0,6.24269579364899e-06,6.31020872214034e-06,6.15041655189918e-06,1.86866602997374e-06,1.8917286042163e-06,2.08157555850841e-06,100,100
2.302,0,0,0,0,0,6.24630904642534e-06,6.31220890639408e-06,6.14814421757821e-06,1.84434570787125e-06,1.89769214966679e-06,2.08504391153629e-06,100,100
2.303,0,0,0,0,0,6.25637868346696e-06,6.31456715593504e-06,6.14608390498287e-06,1.81999877260791e-06,1.90360541003088e-06,2.08860081373651e-06,100,100
2.304,0,0,0,0,0,6.274482706677e-06,6.31727005102249e-06,6.14427590170983e-06,1.79564114285634e-06,1.90946382271746e-06,2.09225553885637e-06,100,100
2.305,0,0,0,0,0,6.29281483791535e-06,6.32030303618545e-06,6.14274575130627e-06,1.78370171254648e-06,1.91526625450463e-06,2.09219820893388e-06,100,100
2.306,0,0,0,0,0,6.31134981861353e-06,6.32364978588338e-06,6.14151735345175e-06,1.77604843214735e-06,1.92100133931262e-06,2.08925407996276e-06,100,100
2.307,0,0,0,0,0,6.33006120080144e-06,6.32729283261476e-06,6.14061892339294e-06,1.76832316707159e-06,1.92665126636414e-06,2.08914293714592e-06,100,100
2.308,0,0,0,0,0,6.34891829690756e-06,6.33121051793341e-06,6.14007815486303e-06,1.76054833930726e-06,1.93219626495212e-06,2.09100657784684e-06,100,100
2.309,0,0,0,0,0,6.36788681562027e-06,6.33537757520469e-06,6.139919065361e-06,1.77132613363494e-06,1.93761911609648e-06,2.08869769786007e-06,100,100
2.31,0,0,0,0,0,6.38692571347714e-06,6.33976189777722e-06,6.14016384695833e-06,1.7960969716281e-06,1.94290648693889e-06,2.08637243775834e-06,100,100
2.311,0,0,0,0,0,6.40598958236664e-06,6.34432693776679e-06,6.14083003677367e-06,1.8205914945987e-06,1.94803924459453e-06,2.0848691693925e-06,100,100
2.312,0,0,0,0,0,6.42503999772977e-06,6.349043207621e-06,6.141921525171e-06,1.84479748619972e-06,1.95299528041436e-06,2.08911465046122e-06,100,100
2.313,0,0,0,0,0,6.44404371354765e-06,6.35388643122379e-06,6.14343241287164e-06,1.86870146333384e-06,1.95775833541073e-06,2.09322443282166e-06,100,100
2.314,0,0,0,0,0,6.46296296517569e-06,6.35882774502538e-06,6.14535327881523e-06,1.89229132246141e-06,1.96231292419907e-06,2.09716775063997e-06,100,100
2.315,0,0,0,0,0,6.48175923543549e-06,6.36383763115195e-06,6.14767150020859e-06,1.91554639077127e-06,1.9666481105683e-06,2.10093096268554e-06,100,100
2.316,0,0,0,0,0,6.50040009074742e-06,6.36889277460849e-06,6.15037022863054e-06,1.93843796875737e-06,1.96537452969732e-06,2.10450670899032e-06,100,100
2.317,0,0,0,0,0,6.51885823811421e-06,6.37397498993171e-06,6.15342245686512e-06,1.96094481141609e-06,1.95982580331004e-06,2.10788364723131e-06,100,100
2.318,0,0,0,0,0,6.53710469482793e-06,6.37906435618112e-06,6.15679064535726e-06,1.98391384845271e-06,1.95432292188341e-06,2.11104692607763e-06,100,100
2.319,0,0,0,0,0,6.55510765176278e-06,6.38413805651153e-06,6.1604367276038e-06,2.01451678065002e-06,1.94888683443787e-06,2.11398417597945e-06,100,100
2.32,0,0,0,0,0,6.57284362747209e-06,6.38918166085647e-06,6.16432733382095e-06,2.03074063767164e-06,1.94353111503317e-06,2.11668718910483e-06,100,100
2.321,0,0,0,0,0,6.59029638121576e-06,6.39418803119459e-06,6.16842883676561e-06,2.04475024953645e-06,1.93826853618321e-06,2.11915051317925e-06,100,100
2.322,0,0,0,0,0,6.60744839555828e-06,6.3991486757123e-06,6.17270883501339e-06,2.05847639139542e-06,1.93311422968683e-06,2.11230101540315e-06,100,100
2.323,0,0,0,0,0,6.62428192187228e-06,6.40405488776843e-06,6.17714340869336e-06,2.07188891082043e-06,1.92808646118548e-06,2.10512573645757e-06,100,100
2.324,0,0,0,0,0,6.64078026986149e-06,6.40889906958004e-06,6.18170612002697e-06,2.08496187392086e-06,1.92320201974197e-06,2.09802248091925e-06,100,100
2.325,0,0,0,0,0,6.65692916809564e-06,6.41367605331196e-06,6.1863614955385e-06,2.097676444614e-06,1.91847260549137e-06,2.091013265973e-06,100,100
2.326,0,0,0,0,0,6.67271441471164e-06,6.41838070653379e-06,6.19107577867436e-06,2.11001334463747e-06,1.91390606265159e-06,2.08412244605909e-06,100,100
2.327,0,0,0,0,0,6.6881212617562e-06,6.42300731360044e-06,6.19581821006323e-06,2.12195428948313e-06,1.90951120077285e-06,2.0773706760121e-06,100,100
2.328,0,0,0,0,0,6.70313671210274e-06,6.42755191006762e-06,6.20055731123943e-06,2.13348521909058e-06,1.90529899766676e-06,2.07077415263346e-06,100,100
2.329,0,0,0,0,0,6.71774815087999e-06,6.43201088782094e-06,6.20526343587603e-06,2.13604402701341e-06,1.9012788698844e-06,2.06434965337757e-06,100,100
2.33,0,0,0,0,0,6.73194446319487e-06,6.43638216952517e-06,6.20990829216001e-06,2.12667940143308e-06,1.89745780670857e-06,2.05811625438678e-06,100,100
2.331,0,0,0,0,0,6.74571332293071e-06,6.44066240136924e-06,6.21446071043623e-06,2.11618716692356e-06,1.89384032065824e-06,2.05209438167364e-06,100,100
2.332,0,0,0,0,0,6.75903898355848e-06,6.44484464448341e-06,6.2188923625482e-06,2.10591095137129e-06,1.8904285318211e-06,2.04630527244272e-06,100,100
2.333,0,0,0,0,0,6.78055698767165e-06,6.44892075888951e-06,6.22318033699923e-06,2.09587928753035e-06,1.88722232911216e-06,2.04077021178327e-06,100,100
2.334,0,0,0,0,0,6.80157119937978e-06,6.45287961683275e-06,6.22730025563128e-06,2.08612309965497e-06,1.88198957823608e-06,2.03551019582833e-06,100,100
2.335,0,0,0,0,0,6.82171973990539e-06,6.45670902248785e-06,6.23122661197127e-06,2.07667080527396e-06,1.87666637865622e-06,2.03054051158818e-06,100,100
2.336,0,0,0,0,0,6.84097166901525e-06,6.46039958808509e-06,6.23493821110687e-06,2.06754724409187e-06,1.87171457565325e-06,2.02586732623465e-06,100,100
2.337,0,0,0,0,0,6.84786520171353e-06,6.46394410636056e-06,6.2384199444185e-06,2.05919796304134e-06,1.86713609136151e-06,2.02149594517873e-06,100,100
2.338,0,0,0,0,0,6.85078601461987e-06,6.46733559701339e-06,6.24166189667554e-06,2.05501638568004e-06,1.8629260969015e-06,2.01743281635357e-06,100,100
2.339,0,0,0,0,0,6.85351408379023e-06,6.4705646933698e-06,6.24465856182017e-06,2.05069474453732e-06,1.85908104149075e-06,2.01368144674986e-06,100,100
2.34,0,0,0,0,0,6.85605492106593e-06,6.47362115490667e-06,6.24740740506112e-06,2.04659828444783e-06,1.85559871345974e-06,2.01024507701376e-06,100,100
2.341,0,0,0,0,0,6.85841227874936e-06,6.47649555356473e-06,6.24990839554761e-06,2.04273558487157e-06,1.85247483291545e-06,2.00712821484745e-06,100,100
2.342,0,0,0,0,0,6.86058630272918e-06,6.47917919360106e-06,6.25216368670799e-06,2.0391152401062e-06,1.84970144481626e-06,2.00433323658208e-06,100,100
2.343,0,0,0,0,0,6.86257489644375e-06,6.48166443946074e-06,6.25417541478591e-06,2.03574516623153e-06,1.84726710729273e-06,2.00185675191317e-06,100,100
2.344,0,0,0,0,0,6.86437641716844e-06,6.48394348138666e-06,6.25594652872519e-06,2.03263277907956e-06,1.84515969498768e-06,1.99969157767164e-06,100,100
2.345,0,0,0,0,0,6.86598849811575e-06,6.48600750964884e-06,6.25748358271305e-06,2.02978583454344e-06,1.84336585500347e-06,1.99782969325693e-06,100,100
2.346,0,0,0,0,0,6.86740890056211e-06,6.48784861569906e-06,6.25879559103234e-06,2.0272128833317e-06,1.84186843262215e-06,1.99625996032878e-06,100,100
2.347,0,0,0,0,0,6.86863614734612e-06,6.48946136648588e-06,6.25989266695505e-06,2.02492220494458e-06,1.8406472129812e-06,1.99496663613196e-06,100,100
2.348,0,0,0,0,0,6.86966792667651e-06,6.49084234242845e-06,6.26078638286116e-06,2.02292040648158e-06,1.83968150278085e-06,1.99393068249105e-06,100,100
2.349,0,0,0,0,0,6.87050156591922e-06,6.49198997062055e-06,6.26148888937621e-06,2.02121322167454e-06,1.83895037968871e-06,1.99313090740856e-06,100,100
2.35,0,0,0,0,0,6.87113525366523e-06,6.49290346114656e-06,6.26201243849131e-06,2.01980483301543e-06,1.83843285263948e-06,1.99254391423914e-06,100,100
2.351,0,0,0,0,0,6.8715679708609e-06,6.49358288998653e-06,6.2623699982128e-06,2.01852889744872e-06,1.83810835929302e-06,1.99214463977559e-06,100,100
2.352,0,0,0,0,0,6.87179924911558e-06,6.49403040373803e-06,6.26257575610883e-06,2.01691989035119e-06,1.83795474404583e-06,1.9919068440249e-06,100,100
2.353,0,0,0,0,0,6.87182941266887e-06,6.49425029237529e-06,6.26264489356666e-06,2.01594981495551e-06,1.83794760455086e-06,1.99180307614996e-06,100,100
2.354,0,0,0,0,0,6.87166003034652e-06,6.49424862619146e-06,6.26259329297025e-06,2.01563347132579e-06,1.83806154410864e-06,1.99180528916302e-06,100,100
2.355,0,0,0,0,0,6.87129450720329e-06,6.49403355975462e-06,6.26243755847808e-06,2.01598488437363e-06,1.83827061080732e-06,1.99188488787055e-06,100,100
2.356,0,0,0,0,0,6.87073843645606e-06,6.49361587115092e-06,6.2621944718485e-06,2.01701680961814e-06,1.83854847846271e-06,1.99201266894103e-06,100,100
2.357,0,0,0,0,0,6.86999891892311e-06,6.493007787791e-06,6.26188073603791e-06,2.01826786069636e-06,1.83886789261523e-06,1.99215828282607e-06,100,100
2.358,0,0,0,0,0,6.86908331883259e-06,6.49222192288244e-06,6.26151249966878e-06,2.01918433682119e-06,1.83920023634465e-06,1.9922899961603e-06,100,100
2.359,0,0,0,0,0,6.86800046614301e-06,6.49127158175088e-06,6.26110467092137e-06,2.02036113683014e-06,1.83951617608755e-06,1.99237566693555e-06,100,100
2.36,0,0,0,0,0,6.86676220609085e-06,6.49017180296681e-06,6.26067244819935e-06,2.02178824183329e-06,1.83978669040713e-06,1.99238315709426e-06,100,100
2.361,0,0,0,0,0,6.86538139660622e-06,6.48894005555237e-06,6.26023100980078e-06,2.02345602206045e-06,1.83998501074454e-06,1.99227950565145e-06,100,100
2.362,0,0,0,0,0,6.86386975712312e-06,6.48759525781243e-06,6.25979373091196e-06,2.02535520954341e-06,1.84008559937468e-06,1.99203131474894e-06,100,100
2.363,0,0,0,0,0,6.86223748887653e-06,6.48615649463792e-06,6.25937405963339e-06,2.02747602822903e-06,1.8400618124272e-06,1.99160539616069e-06,100,100
2.364,0,0,0,0,0,6.86049360344586e-06,6.48464294006043e-06,6.25898574955818e-06,2.02980924102548e-06,1.83988931729808e-06,1.9909686208534e-06,100,100
2.365,0,0,0,0,0,6.8586472730409e-06,6.48307613096924e-06,6.25864218924729e-06,2.032346724346e-06,1.83954979114617e-06,1.99009019085594e-06,100,100
2.366,0,0,0,0,0,6.85670676639826e-06,6.48148001639296e-06,6.25835701608328e-06,2.03507864640552e-06,1.83902814052253e-06,1.98894308829906e-06,100,100
2.367,0,0,0,0,0,6.85467782590422e-06,6.47987839315749e-06,6.25814380583877e-06,2.03799416658716e-06,1.83830885083961e-06,1.98750228965744e-06,100,100
2.368,0,0,0,0,0,6.85256547188621e-06,6.47829567229534e-06,6.25801702701838e-06,2.04108319726037e-06,1.83737709240629e-06,1.9857440426247e-06,100,100
2.369,0,0,0,0,0,6.84449166869331e-06,6.47675881980388e-06,6.2579926905547e-06,2.05038745398794e-06,1.83622175330469e-06,1.98364768350242e-06,100,100
2.37,0,0,0,0,0,6.83518442162624e-06,6.47529775061504e-06,6.25808618332069e-06,2.05731495925883e-06,1.83483837450634e-06,1.98119692526384e-06,100,100
2.371,0,0,0,0,0,6.81802452888382e-06,6.47394285640135e-06,6.25830878330521e-06,2.06440387848449e-06,1.83322565144322e-06,1.97837837996614e-06,100,100
2.372,0,0,0,0,0,6.79818859277116e-06,6.47272422991486e-06,6.25866629639241e-06,2.07162653939739e-06,1.83138014362663e-06,1.97517874351834e-06,100,100
2.373,0,0,0,0,0,6.77754961369342e-06,6.4716732416817e-06,6.25916305541893e-06,2.0785227909059e-06,1.83021388602271e-06,1.97158821138162e-06,100,100
2.374,0,0,0,0,0,6.75614251346727e-06,6.47081928587603e-06,6.25980772329442e-06,2.08285727601156e-06,1.82912895198762e-06,1.967604838819e-06,100,100
2.375,0,0,0,0,0,6.74281211653931e-06,6.47018880258442e-06,6.26061058148738e-06,2.08312262289937e-06,1.8277414795076e-06,1.9632318220265e-06,100,100
2.376,0,0,0,0,0,6.72940191131849e-06,6.46980633219454e-06,6.26158009305782e-06,2.07755182463103e-06,1.82615681452871e-06,1.95847352186638e-06,100,100
2.377,0,0,0,0,0,6.71565793459226e-06,6.46969546032412e-06,6.26272160242662e-06,2.07129283048791e-06,1.82435572569266e-06,1.95333574000429e-06,100,100
2.378,0,0,0,0,0,6.70160569501526e-06,6.46988315327565e-06,6.26403231640364e-06,2.06432658938559e-06,1.82232192818196e-06,1.94783379519899e-06,100,100
2.379,0,0,0,0,0,6.68727396874929e-06,6.47039938670985e-06,6.26550643619018e-06,2.04474606831045e-06,1.82004200961974e-06,1.9419943140906e-06,100,100
2.38,0,0,0,0,0,6.67268771630745e-06,6.4712702337589e-06,6.26714123731175e-06,2.02402009681933e-06,1.81750854867664e-06,1.93584634112357e-06,100,100
2.381,0,0,0,0,0,6.65786535201111e-06,6.47251510660273e-06,6.26893478411421e-06,2.00240643151517e-06,1.81721269963729e-06,1.92941703989212e-06,100,100
2.382,0,0,0,0,0,6.64282627673375e-06,6.47415423231675e-06,6.27088430191442e-06,1.97991040695952e-06,1.81939322636359e-06,1.92272993211516e-06,100,100
2.383,0,0,0,0,0,6.62759746392635e-06,6.47621508616332e-06,6.27298066384883e-06,1.95653157520589e-06,1.82181266907866e-06,1.91806246840576e-06,100,100
2.384,0,0,0,0,0,6.61220902989489e-06,6.47872789348746e-06,6.2752127929032e-06,1.93258736510749e-06,1.82450042181041e-06,1.91713107076592e-06,100,100
2.385,0,0,0,0,0,6.59668451072667e-06,6.48171612885936e-06,6.27757246547945e-06,1.92237528217558e-06,1.82748749319488e-06,1.9161421897584e-06,100,100
2.386,0,0,0,0,0,6.58104354582168e-06,6.48519921492025e-06,6.28004890509428e-06,1.91186429147527e-06,1.83081136365963e-06,1.91509665261353e-06,100,100
2.387,0,0,0,0,0,6.56530740638682e-06,6.48919800262034e-06,6.28263668155974e-06,1.90106920130427e-06,1.8345149402573e-06,1.91583196733747e-06,100,100
2.388,0,0,0,0,0,6.54949381956126e-06,6.49372970072357e-06,6.28533327500363e-06,1.89000397799975e-06,1.83863949838495e-06,1.9325497708771e-06,100,100
2.389,0,0,0,0,0,6.53361864494466e-06,6.49966268762645e-06,6.28812681862342e-06,1.8786756780418e-06,1.84322305220239e-06,1.95003865881401e-06,100,100
2.39,0,0,0,0,0,6.51770042212443e-06,6.50618566801984e-06,6.29099852053634e-06,1.86709165906083e-06,1.84813822333833e-06,1.96828541758187e-06,100,100
2.391,0,0,0,0,0,6.5129638130384e-06,6.5129638130384e-06,6.29393053817769e-06,1.85526446604994e-06,1.84719467017675e-06,1.97641666199637e-06,100,100
2.392,0,0,0,0,0,6.51998315106077e-06,6.51998315106077e-06,6.29691216194745e-06,1.84320315226108e-06,1.84070713444595e-06,1.97557272820985e-06,100,100
2.393,0,0,0,0,0,6.52722982892477e-06,6.52722982892477e-06,6.29993898866696e-06,1.84402560100721e-06,1.84160446440445e-06,1.97477649826583e-06,100,100
2.394,0,0,0,0,0,6.53468877692952e-06,6.53468877692952e-06,6.30300260425125e-06,1.85779802780993e-06,1.85152770351655e-06,1.97406291588466e-06,100,100
2.395,0,0,0,0,0,6.54234743218883e-06,6.54234743218883e-06,6.30608108263028e-06,1.87193324515373e-06,1.8620998163438e-06,1.9710550385473e-06,100,100
2.396,0,0,0,0,0,6.55019072427059e-06,6.55073882143203e-06,6.30914536913267e-06,1.86512850802881e-06,1.87334120252496e-06,1.94783089899412e-06,100,100
2.397,0,0,0,0,0,6.55819830614823e-06,6.56059879258054e-06,6.31217185836652e-06,1.87792588744281e-06,1.86730120326456e-06,1.92839537617416e-06,100,100
2.398,0,0,0,0,0,6.56635319684595e-06,6.57109149009551e-06,6.31513461870317e-06,1.86520325361195e-06,1.86006857346626e-06,1.91596264100953e-06,100,100
2.399,0,0,0,0,0,6.57463756823472e-06,6.5822204938751e-06,6.31799845113944e-06,1.84056062519488e-06,1.85335483819093e-06,1.90368123135217e-06,100,100
2.4,0,0,0,0,0,6.58302821582216e-06,6.59397766465963e-06,6.32073509938137e-06,1.820632420055e-06,1.84722702320023e-06,1.89160570449339e-06,100,100
2.401,0,0,0,0,0,6.59150314486097e-06,6.60635169441116e-06,6.32332251293122e-06,1.82705891925311e-06,1.84174589615817e-06,1.87980033855617e-06,100,100
2.402,0,0,0,0,0,6.60003784132229e-06,6.61933225420831e-06,6.3257335928126e-06,1.80813262562631e-06,1.83696884989494e-06,1.87282836328434e-06,100,100
2.403,0,0,0,0,0,6.60859998169382e-06,6.63290187500743e-06,6.32793677708495e-06,1.79026718766825e-06,1.8481310755692e-06,1.87222175715969e-06,100,100
2.404,0,0,0,0,0,6.61715646413184e-06,6.64863328093649e-06,6.32989636043388e-06,1.78103322302615e-06,1.86256129909868e-06,1.87259004608267e-06,100,100
2.405,0,0,0,0,0,6.6256704672667e-06,6.66636401914039e-06,6.33157569048276e-06,1.7832762840418e-06,1.87742542044928e-06,1.87635402668476e-06,100,100
2.406,0,0,0,0,0,6.63410461245218e-06,6.68399210959369e-06,6.33293925357342e-06,1.8006987912901e-06,1.89271636415792e-06,1.88270578540074e-06,100,100
2.407,0,0,0,0,0,6.64243535906867e-06,6.70146589602749e-06,6.33394766178934e-06,1.81783618331277e-06,1.90842508338505e-06,1.89097135245956e-06,100,100
2.408,0,0,0,0,0,6.65063906677013e-06,6.71873059350494e-06,6.33456717940114e-06,1.83464062454863e-06,1.92453588608372e-06,1.89926076716076e-06,100,100
2.409,0,0,0,0,0,6.65867685770479e-06,6.73572098031998e-06,6.34188436168901e-06,1.85107029742437e-06,1.91772843049598e-06,1.9075771944268e-06,100,100
2.41,0,0,0,0,0,6.66650621551681e-06,6.73821525943304e-06,6.35203060916308e-06,1.85157952600231e-06,1.91592169815685e-06,1.91592169815685e-06,100,100
2.411,0,0,0,0,0,6.6740958680209e-06,6.74014286506641e-06,6.3620155241333e-06,1.84151160238623e-06,1.92427048484174e-06,1.92427048484174e-06,100,100
2.412,0,0,0,0,0,6.68142880419307e-06,6.74160980002106e-06,6.37179317944384e-06,1.83102749995259e-06,1.93258459479778e-06,1.93258459479778e-06,100,100
2.413,0,0,0,0,0,6.68849545041413e-06,6.74260900505447e-06,6.38133978139504e-06,1.8201258760455e-06,1.93771285113281e-06,1.93237470048043e-06,100,100
2.414,0,0,0,0,0,6.69528255604032e-06,6.74313446316908e-06,6.39064958351702e-06,1.80880712826499e-06,1.94212578018169e-06,1.91861038882672e-06,100,100
2.415,0,0,0,0,0,6.70177777934673e-06,6.74496647830391e-06,6.3997073044893e-06,1.79708158222438e-06,1.94730000541845e-06,1.90507696554287e-06,100,100
2.416,0,0,0,0,0,6.70797309636368e-06,6.74899968360158e-06,6.40848327950977e-06,1.8076448114384e-06,1.95323356826449e-06,1.89180683830939e-06,100,100
2.417,0,0,0,0,0,6.71384670018282e-06,6.75319303489769e-06,6.41695221871302e-06,1.82913229543879e-06,1.95992964979567e-06,1.87883670444269e-06,100,100
2.418,0,0,0,0,0,6.71937043407237e-06,6.75751141349552e-06,6.42510293118541e-06,1.82903278643106e-06,1.96740177329601e-06,1.86621566418964e-06,100,100
2.419,0,0,0,0,0,6.72453000834582e-06,6.76193492289283e-06,6.4329212873979e-06,1.82598744090665e-06,1.97566717525754e-06,1.85400224192538e-06,100,100
2.42,0,0,0,0,0,6.72931584937845e-06,6.76644131515785e-06,6.44038828923893e-06,1.83203887046581e-06,1.98392056306914e-06,1.84224999491657e-06,100,100
2.421,0,0,0,0,0,6.73142834542158e-06,6.7709928602891e-06,6.44749512431997e-06,1.83820276292375e-06,1.98887249811649e-06,1.83100784880795e-06,100,100
2.422,0,0,0,0,1,6.72728380068783e-06,6.77555847798533e-06,6.45423972889725e-06,1.85490084671561e-06,1.99394932158946e-06,1.82032272139872e-06,100,100
2.423,0,0,0,0,1,6.72247384180839e-06,6.78010264061276e-06,6.46060255880038e-06,1.85559492893432e-06,1.99915933073648e-06,1.81023359972819e-06,100,100
2.424,0,0,0,0,1,6.71698035723339e-06,6.78457019913274e-06,6.46654740335819e-06,1.85303741382396e-06,2.00451462863584e-06,1.79478844979293e-06,100,100
2.425,0,0,0,0,1,6.71077523539698e-06,6.78890051308025e-06,6.47205180594191e-06,1.82849049451353e-06,2.01003471405334e-06,1.78349553233965e-06,100,100
2.426,0,0,0,0,1,6.70384804905797e-06,6.79304674302705e-06,6.47710234186392e-06,1.82637938390631e-06,2.02941593047609e-06,1.77209819266874e-06,100,100
2.427,0,0,0,0,1,6.69621142952437e-06,6.79698228614072e-06,6.48167437933522e-06,1.85046871726168e-06,2.05870131738076e-06,1.76608432215806e-06,100,100
2.428,0,0,0,0,1,6.68787289227469e-06,6.80068182421967e-06,6.48573929258754e-06,1.87808667999841e-06,2.08748080755953e-06,1.76566814564303e-06,100,100
2.429,0,0,0,0,1,6.67882608146785e-06,6.78399345519898e-06,6.48927567042224e-06,1.8785277927655e-06,2.10789237919706e-06,1.76472284049224e-06,100,100
2.43,0,0,0,0,1,6.66906387747955e-06,6.76533278627738e-06,6.49226917971719e-06,1.88265969733723e-06,2.12193683775043e-06,1.76986752722278e-06,100,100
2.431,0,0,0,0,1,6.65858879830873e-06,6.7463770417646e-06,6.49469896337108e-06,1.92879436192264e-06,2.13288290801566e-06,1.77928026544103e-06,100,100
2.432,0,0,0,0,1,6.64741035192483e-06,6.72716153183686e-06,6.49653475326204e-06,1.97576375414564e-06,2.14401042213802e-06,1.78878694410354e-06,100,100
2.433,0,0,0,0,1,6.63555270559368e-06,6.70773725421252e-06,6.4977569940395e-06,2.00241799096035e-06,2.15530184298031e-06,1.79837056519973e-06,100,100
2.434,0,0,0,0,1,6.61728525051962e-06,6.68815296082777e-06,6.49835673407818e-06,2.00068947083461e-06,2.16528154079247e-06,1.80801950127098e-06,100,100
2.435,0,0,0,0,1,6.60717927309855e-06,6.66844243670453e-06,6.49833397340679e-06,1.99034882841312e-06,2.14789363170079e-06,1.81772263758134e-06,100,100
2.436,0,0,0,0,1,6.60428136434569e-06,6.6486222884176e-06,6.49770163368696e-06,1.99444214559377e-06,2.13037626421664e-06,1.8274475316839e-06,100,100
2.437,0,0,0,0,1,6.60128879998496e-06,6.63875524404288e-06,6.4864257988705e-06,2.03018302869012e-06,2.11276723575239e-06,1.83406080597045e-06,100,100
2.438,0,0,0,0,1,6.59820604144382e-06,6.64556275576201e-06,6.45781850333773e-06,2.02593767321194e-06,2.09510296338951e-06,1.85267440231572e-06,100,100
2.439,0,0,0,0,1,6.58866094517144e-06,6.65189757571588e-06,6.42904073614755e-06,2.04610607109194e-06,2.07740360573851e-06,1.86403578160045e-06,100,100
2.44,0,0,0,0,1,6.56857400461266e-06,6.65773358700105e-06,6.4166919854799e-06,2.1159232863863e-06,2.05969882557117e-06,1.87569828432537e-06,100,100
2.441,0,0,0,0,1,6.54848977399839e-06,6.66305367108933e-06,6.40941255398445e-06,2.1767762467137e-06,2.04203269074682e-06,1.88759079641316e-06,100,100
2.442,0,0,0,0,1,6.52843656384301e-06,6.66784163643867e-06,6.40204904078061e-06,2.2234603387983e-06,2.02444450884022e-06,1.88977078181312e-06,100,100
2.443,0,0,0,0,1,6.50844009790561e-06,6.67207822904928e-06,6.39459747613959e-06,2.26377025397683e-06,2.00950269403503e-06,1.88937534469953e-06,100,100
2.444,0,0,0,0,1,6.5006337722068e-06,6.67574142445038e-06,6.38707403438539e-06,2.26980397460641e-06,2.00906318579829e-06,1.88926135227677e-06,100,100
2.445,0,0,0,0,1,6.54393440346946e-06,6.67881691569772e-06,6.37949185442446e-06,2.27466284181189e-06,2.00837791958879e-06,1.88940559756106e-06,100,100
2.446,0,0,0,0,1,6.58715206276904e-06,6.68130277159841e-06,6.3718500905771e-06,2.29723088052238e-06,2.00742065231453e-06,1.89130796853163e-06,100,100
2.447,1,0,0,0,1,6.63111402055935e-06,6.68319525946905e-06,6.36413808940199e-06,2.33877545551227e-06,2.0061927957028e-06,1.89778489640501e-06,100,100
2.448,1,0,0,0,1,6.7358981357432e-06,6.68448059349473e-06,6.35635189852583e-06,2.34318383304626e-06,2.00471602610684e-06,1.90425234261772e-06,100,100
2.449,1,0,0,0,1,6.80960741134474e-06,6.68515377483356e-06,6.34849228974667e-06,2.31977076903429e-06,2.00300232075725e-06,1.91069398154023e-06,100,100
2.45,1,0,0,0,1,6.87125418845289e-06,6.68523519140605e-06,6.34055426751991e-06,2.37661228596848e-06,2.00100669808577e-06,1.92086557063974e-06,100,100
2.451,1,0,0,0,1,6.9320822122789e-06,6.684746761243e-06,6.33253376215448e-06,2.40843358126432e-06,1.98833474037724e-06,1.93323377972479e-06,100,100
2.452,1,0,0,0,1,6.98149922671551e-06,6.68369562196424e-06,6.3244188239276e-06,2.39605883862787e-06,1.98029885371197e-06,1.94517191919391e-06,100,100
2.453,1,0,0,0,1,7.02397151773977e-06,6.68208492744943e-06,6.31618579348724e-06,2.42338812342928e-06,1.97231089369197e-06,1.95668185030941e-06,100,100
2.454,1,0,0,0,1,7.06810002890574e-06,6.67990078215226e-06,6.30224035284009e-06,2.41802838495925e-06,1.96440267895276e-06,1.96777309897388e-06,100,100
2.455,1,0,0,0,1,7.1111030802258e-06,6.67710907502887e-06,6.28549654299644e-06,2.41739750303809e-06,1.97539581177535e-06,1.97844745521855e-06,100,100
2.456,1,0,0,0,1,7.15298830509016e-06,6.67370673595335e-06,6.26915402279655e-06,2.41966694528928e-06,1.99546542914424e-06,1.98868581890346e-06,100,100
2.457,1,0,0,0,1,7.1937591449839e-06,6.6697464811332e-06,6.25324410877498e-06,2.45788121015915e-06,2.01523391050112e-06,1.99846347707822e-06,100,100
2.458,1,0,0,0,1,7.23339565623583e-06,6.66528142514243e-06,6.23781788730711e-06,2.48419330787841e-06,2.02762202334558e-06,2.00073653913235e-06,100,100
2.459,1,0,0,0,1,7.27186390292742e-06,6.66034405827248e-06,6.22291075337009e-06,2.51198799387038e-06,2.03356854988392e-06,1.99647237407074e-06,100,100
2.46,1,0,0,0,1,7.30913979408667e-06,6.65497232715738e-06,6.2085505297481e-06,2.55734554413843e-06,2.03131503116341e-06,1.99190920434226e-06,100,100
2.461,1,0,0,0,1,7.34520856605599e-06,6.64920159592094e-06,6.19477711388687e-06,2.57934263207116e-06,2.01570538267624e-06,1.98418150316269e-06,100,100
2.462,1,0,0,0,1,7.38005842910701e-06,6.64304261621563e-06,6.18162534061819e-06,2.60422203015998e-06,2.00028085431026e-06,1.96639132894419e-06,100,100
2.463,1,0,0,0,1,7.41368858059849e-06,6.63650051667611e-06,6.16910820905731e-06,2.65450720069745e-06,1.98536260327661e-06,1.95004705206339e-06,100,100
2.464,1,0,0,0,0,7.44612125903732e-06,6.62960509442319e-06,6.15723151556543e-06,2.70428133264326e-06,1.97709197056433e-06,1.94153801011373e-06,100,100
2.465,1,0,0,0,0,7.49321496105556e-06,6.62238122765073e-06,6.14599500636823e-06,2.75268106980829e-06,1.97265338998747e-06,1.93258507433232e-06,100,100
2.466,1,0,0,0,0,7.57675024280927e-06,6.61482624113949e-06,6.13536937957576e-06,2.7832515796643e-06,1.97270463995168e-06,1.92324494843172e-06,100,100
2.467,1,0,0,0,0,7.659262048057e-06,6.60694006958243e-06,6.12531603263744e-06,2.81381268137655e-06,1.97262215600249e-06,1.91519064996957e-06,100,100
2.468,1,0,0,0,0,7.74075770446759e-06,6.59874517518388e-06,6.11582504441058e-06,2.84434251146653e-06,1.9724021055603e-06,1.91218671087863e-06,100,100
2.469,1,0,0,0,0,7.82123799111419e-06,6.59026921118742e-06,6.10690143322967e-06,2.87483326908278e-06,1.97206064584233e-06,1.90862595696913e-06,100,100
2.47,1,0,0,0,0,7.90068065696016e-06,6.58151761336426e-06,6.09851628858202e-06,2.90529097758797e-06,1.97159588554233e-06,1.90454442729437e-06,100,100
2.471,1,0,0,0,0,7.97907795928645e-06,6.57248663163444e-06,6.09062223720446e-06,2.92475072479241e-06,1.97100367238635e-06,1.89995042350066e-06,100,100
2.472,1,0,0,0,0,8.05642554426544e-06,6.56319515936542e-06,6.08321010922787e-06,2.93240609448805e-06,1.96038075192787e-06,1.89483745171509e-06,100,100
2.473,1,0,0,0,0,8.10267271636912e-06,6.55365168341623e-06,6.07628257113987e-06,2.94005602515222e-06,1.95201620291382e-06,1.8892243374455e-06,100,100
2.474,1,0,0,0,0,8.13556205742463e-06,6.54383226053553e-06,6.06982261860351e-06,2.94773302929633e-06,1.9494970773432e-06,1.89227411110714e-06,100,100
2.475,1,0,0,0,0,8.16793719751132e-06,6.53373097045218e-06,6.06380908022594e-06,2.91819687561564e-06,1.94688289906162e-06,1.89708367121141e-06,100,100
2.476,1,0,0,0,0,8.19978001596081e-06,6.52337171993413e-06,6.0582179574143e-06,2.88459210203433e-06,1.94418271549149e-06,1.90165929589433e-06,100,100
2.477,1,0,0,0,0,8.23108693845709e-06,6.51277942231508e-06,6.05301441620419e-06,2.84512158606571e-06,1.94141951394453e-06,1.90599356893133e-06,100,100
2.478,1,0,0,0,0,8.26187327682433e-06,6.50196336126331e-06,6.04815449719331e-06,2.80502776212713e-06,1.93863437841617e-06,1.91007344462428e-06,100,100
2.479,1,0,0,0,0,8.29216900442618e-06,6.4909084387183e-06,6.04358646121326e-06,2.76522960111625e-06,1.94040049458798e-06,1.91388206387694e-06,100,100
2.48,1,0,0,0,0,8.32200611565749e-06,6.47958352711619e-06,6.03924848996226e-06,2.72576228343924e-06,1.9440475466546e-06,1.91739668276771e-06,100,100
2.481,1,0,0,0,0,8.35141302122778e-06,6.46796991592867e-06,6.03334039504518e-06,2.68665790507018e-06,1.94773164368484e-06,1.91587742236487e-06,100,100
2.482,1,0,0,0,0,8.38041582878562e-06,6.45607598057142e-06,6.02198272051971e-06,2.67604012303159e-06,1.95143622051572e-06,1.91114348384599e-06,100,100
2.483,1,0,0,0,0,8.4090251562755e-06,6.44391521077929e-06,6.01061534370289e-06,2.70136689844455e-06,1.95260939897755e-06,1.90626682431044e-06,100,100
2.484,1,0,0,0,0,8.43724498689845e-06,6.43390058330295e-06,5.99921774153573e-06,2.72654967811182e-06,1.94975658917864e-06,1.90122800533549e-06,100,100
2.485,1,0,0,0,0,8.46507206928966e-06,6.42416177805282e-06,5.98778053026274e-06,2.72426482632791e-06,1.94824926638255e-06,1.89599674349932e-06,100,100
2.486,1,0,0,0,0,8.49248829378962e-06,6.4142230881932e-06,5.97631232575125e-06,2.72498489250059e-06,1.94836722770423e-06,1.89054837558527e-06,100,100
2.487,1,0,0,0,0,8.54706666326808e-06,6.40411391400984e-06,5.96481020298048e-06,2.73492801538844e-06,1.94785647355254e-06,1.88486353919049e-06,100,100
2.488,3,0,0,0,0,8.61443807624636e-06,6.3938546333048e-06,5.95326314669738e-06,2.75891999095905e-06,1.94555794930366e-06,1.87894090973315e-06,100,100
2.489,3,0,0,0,0,8.68062460658578e-06,6.3834584030415e-06,5.94164520647299e-06,2.79595114330136e-06,1.9407094182535e-06,1.87285872942453e-06,100,100
2.49,3,0,0,0,0,8.74564058517956e-06,6.37293113768352e-06,5.9299286529389e-06,2.8367898296159e-06,1.93546455983999e-06,1.8698047160034e-06,100,100
2.491,3,0,0,0,0,8.80948601538597e-06,6.36227358131818e-06,5.91813013387478e-06,2.84344014602177e-06,1.92983508951144e-06,1.86649550097219e-06,100,100
2.492,3,0,0,0,0,8.87215088574233e-06,6.3514979214563e-06,5.90628628623663e-06,2.8511123251914e-06,1.92383549757356e-06,1.86294954254202e-06,100,100
2.493,3,0,0,0,0,8.9336526415913e-06,6.34063809153922e-06,5.89441974481084e-06,2.865897291593e-06,1.91749870194727e-06,1.8591737442687e-06,100,100
2.494,3,0,0,0,0,8.99400717866358e-06,6.32972488379151e-06,5.88254544118302e-06,2.8942233547792e-06,1.91085539933287e-06,1.8601798901111e-06,100,100
2.495,3,0,0,0,0,9.05321534472059e-06,6.31877731020326e-06,5.8706649777817e-06,2.92826454837806e-06,1.90392893300452e-06,1.86218622638004e-06,100,100
2.496,3,0,0,0,0,9.11127572497536e-06,6.30782859002097e-06,5.85876374109433e-06,2.96173519206744e-06,1.89674075398708e-06,1.86404130977382e-06,100,100
2.497,3,0,0,0,0,9.16817080430728e-06,6.29692187631301e-06,5.84682648891607e-06,2.99461791659319e-06,1.88931966041321e-06,1.86626768303914e-06,100,100
2.498,3,0,0,0,0,9.22386272319348e-06,6.28608457986003e-06,5.83485615686445e-06,3.02687676259961e-06,1.88181383629693e-06,1.87227975516334e-06,100,100
2.499,3,0,0,0,0,9.27830838978721e-06,6.27532721416897e-06,5.82286804397782e-06,3.06330213283186e-06,1.88799598602132e-06,1.86849244605317e-06,100,100
2.5,3,0,0,0,0,9.33148146269942e-06,6.26464369113772e-06,5.81087970834621e-06,3.09489316257583e-06,1.89418513102589e-06,1.86952277599968e-06,100,100
2.501,3,0,0,0,0,9.38336427189565e-06,6.2539979900508e-06,5.79889855084465e-06,3.10750545944183e-06,1.88753468419719e-06,1.86649381173536e-06,100,100
2.502,3,0,0,0,0,9.43392200943257e-06,6.24335322791608e-06,5.78689818958011e-06,3.11965682227862e-06,1.88076144225607e-06,1.86069562039388e-06,100,100
2.503,4,0,0,0,0,9.48310511365191e-06,6.22932338334168e-06,5.77484281803408e-06,3.13134284021429e-06,1.87919340508803e-06,1.85476422483811e-06,100,100
2.504,4,0,0,0,0,9.53086904873116e-06,6.22462677990524e-06,5.76272950282145e-06,3.14256325987439e-06,1.88327454180952e-06,1.84873519198415e-06,100,100
2.505,4,0,0,0,0,9.57718324580287e-06,6.22006732720595e-06,5.75056364426497e-06,3.17295965127219e-06,1.8740036165516e-06,1.8426597456009e-06,100,100
2.506,5,0,0,0,0,9.62202212003998e-06,6.2156015486694e-06,5.73832588625177e-06,3.20431685347192e-06,1.85977886523793e-06,1.83316478573155e-06,100,100
2.507,5,0,0,0,0,9.66535773522289e-06,6.21119009185147e-06,5.72599871126599e-06,3.2348901634278e-06,1.84448245133904e-06,1.81891676234877e-06,100,100
2.508,5,0,0,0,0,9.70716084505606e-06,6.20682900513069e-06,5.71358512802443e-06,3.26464041932097e-06,1.83190730890395e-06,1.81133728246841e-06,100,100
2.509,5,0,0,0,0,9.74738515761222e-06,6.20251736988349e-06,5.70108553293239e-06,3.29353571201238e-06,1.82455919361162e-06,1.80358757669168e-06,100,100
2.51,5,0,0,0,0,9.78596258151805e-06,6.19824347115064e-06,5.68848462287882e-06,3.32156263499072e-06,1.81722591073366e-06,1.79590766951452e-06,100,100
2.511,5,0,0,0,0,9.82284547986716e-06,6.19045639450279e-06,5.67577848725974e-06,3.34870806926526e-06,1.80992051114943e-06,1.78891345395266e-06,100,100
2.512,5,0,0,0,0,9.85801424242255e-06,6.1827154337681e-06,5.66298026127335e-06,3.37495746875367e-06,1.802662939161e-06,1.77870379292814e-06,100,100
2.513,5,0,0,0,0,9.89142984018689e-06,6.17510985501269e-06,5.65009299532415e-06,3.40028426588362e-06,1.79547547113964e-06,1.76860761041971e-06,100,100
2.514,5,0,0,0,0,9.92302852088912e-06,6.16763625971291e-06,5.63711894586719e-06,3.42465672322918e-06,1.78871255872016e-06,1.7629861478677e-06,100,100
2.515,5,0,0,0,0,9.9527385706113e-06,6.16028842773542e-06,5.6309465985049e-06,3.44804284429777e-06,1.78737081439175e-06,1.76285760981982e-06,100,100
2.516,5,0,0,0,0,9.98048195193156e-06,6.15306829605192e-06,5.62574747056074e-06,3.47038641850354e-06,1.78589534397264e-06,1.76306506975513e-06,100,100
2.517,5,0,0,0,0,1.00061842483883e-05,6.14599213823734e-06,5.62051334974291e-06,3.49161391607831e-06,1.78428529983185e-06,1.76358371161137e-06,100,100
2.518,5,0,0,0,0,1.00297810976312e-05,6.1390697679362e-06,5.61521461060353e-06,3.51166298356019e-06,1.7825181455185e-06,1.76439614061572e-06,100,100
2.519,5,0,0,0,0,1.00512128961326e-05,6.13228032485067e-06,5.60982918896505e-06,3.53049954686057e-06,1.7805842374706e-06,1.7655007630835e-06,100,100
2.52,5,0,0,0,0,1.0070419112314e-05,6.12559175374301e-06,5.60432196213193e-06,3.54810045488899e-06,1.77850089060795e-06,1.7663758703622e-06,100,100
2.521,5,0,0,0,0,1.00873178023285e-05,6.11898779824171e-06,5.59865630592879e-06,3.56442275160683e-06,1.77627886132693e-06,1.75588661918925e-06,100,100
2.522,5,0,0,0,0,1.0101809024493e-05,6.11248236282077e-06,5.59280512005898e-06,3.5794203952791e-06,1.77390518127081e-06,1.74623598051967e-06,100,100
2.523,5,0,0,0,0,1.0113813516206e-05,6.10609640261422e-06,5.58677406413379e-06,3.59307396188583e-06,1.77136124242822e-06,1.74186513556176e-06,100,100
2.524,5,0,0,0,0,1.01232568288209e-05,6.09983235569586e-06,5.58059435139988e-06,3.60535138694262e-06,1.76863792393593e-06,1.73812136776388e-06,100,100
2.525,5,0,0,0,0,1.01300518700168e-05,6.09369592245213e-06,5.57429799641634e-06,3.61619271168652e-06,1.76574088816395e-06,1.73501487378741e-06,100,100
2.526,5,0,0,0,0,1.01341264532789e-05,6.08767897382992e-06,5.56791809495916e-06,3.62556502301683e-06,1.76268057155575e-06,1.73256387103269e-06,100,100
2.527,5,0,0,0,0,1.01354147764097e-05,6.08172911213022e-06,5.56147073800247e-06,3.63344434604596e-06,1.75947188160928e-06,1.73078551347623e-06,100,100
2.528,5,0,0,0,0,1.01338338146542e-05,6.07578662463756e-06,5.55492618903224e-06,3.63977851627021e-06,1.75613598019344e-06,1.72968047003089e-06,100,100
2.529,5,0,0,0,0,1.012928505997e-05,6.06981208346044e-06,5.54823191927112e-06,3.64453718487107e-06,1.75269139692894e-06,1.73244471839676e-06,100,100
2.53,5,0,0,0,0,1.0121676288638e-05,6.06380056099006e-06,5.54134993755e-06,3.64774163015935e-06,1.74916625022098e-06,1.74104653505206e-06,100,100
2.531,5,0,0,0,0,1.01109430593103e-05,6.05778351213091e-06,5.53427173935063e-06,3.64941891480191e-06,1.74559071650468e-06,1.74909664861973e-06,100,100
2.532,5,0,0,0,0,1.0097034359594e-05,6.05176457304914e-06,5.52701802728948e-06,3.64956518458413e-06,1.74197597801679e-06,1.75135653170462e-06,100,100
2.533,5,0,0,0,0,1.00799101744488e-05,6.04571441913803e-06,5.5195889790215e-06,3.64815828767379e-06,1.73832624400236e-06,1.7536763593215e-06,100,100
2.534,5,0,0,0,0,1.00595455454007e-05,6.03962473793092e-06,5.51194068293233e-06,3.64515764784037e-06,1.73465296552313e-06,1.75602136739641e-06,100,100
2.535,5,0,0,0,0,1.00358956119938e-05,6.03351143641964e-06,5.50403189509658e-06,3.64052257857944e-06,1.73031781510465e-06,1.75835117332834e-06,100,100
2.536,5,0,0,0,0,1.00089019215169e-05,6.02739117114795e-06,5.49584866415739e-06,3.63424200618643e-06,1.72096916251798e-06,1.76064513640197e-06,100,100
2.537,5,0,0,0,0,9.97854349841577e-06,6.0212668044943e-06,5.48739841585148e-06,3.62632239817678e-06,1.71188037850402e-06,1.76019503986274e-06,100,100
2.538,5,0,0,0,0,9.94483894605576e-06,6.01511604930904e-06,5.47870523630812e-06,3.61679726017127e-06,1.70611452396036e-06,1.7544922863323e-06,100,100
2.539,5,0,0,0,0,9.90781011534422e-06,6.0088967888861e-06,5.46978042347102e-06,3.60570897905864e-06,1.70338325499372e-06,1.74889614326783e-06,100,100
2.54,5,0,0,0,0,9.86747308906028e-06,6.00257441616029e-06,5.46061571744516e-06,3.59307585515625e-06,1.70809159332384e-06,1.74859260964706e-06,100,100
2.541,5,0,0,0,0,9.82384785557821e-06,5.99611919959069e-06,5.45121517969429e-06,3.5723883680093e-06,1.71447748837725e-06,1.75039338044629e-06,100,100
2.542,5,0,0,0,0,9.77694528104083e-06,5.98949439775422e-06,5.44159088061428e-06,3.54988503329579e-06,1.71415356174083e-06,1.75214664111411e-06,100,100
2.543,5,0,0,0,0,9.72676580913092e-06,5.98266333971636e-06,5.4317538730249e-06,3.52582052617993e-06,1.71384528453024e-06,1.75382299212206e-06,100,100
2.544,5,0,0,0,0,9.6733267914143e-06,5.975596663341e-06,5.42173178951519e-06,3.5002074379005e-06,1.71356804663634e-06,1.75541518302165e-06,100,100
2.545,5,0,0,0,0,9.61665996819203e-06,5.97133162666316e-06,5.41157165057929e-06,3.47308848038105e-06,1.71922618312028e-06,1.75692778756565e-06,100,100
2.546,4,0,0,0,0,9.55679881315736e-06,5.96668908595659e-06,5.40132533601854e-06,3.44452740230824e-06,1.72756616353667e-06,1.75834336369578e-06,100,100
2.547,3,0,0,0,0,9.49379355796251e-06,5.96167233841423e-06,5.39102742399328e-06,3.41457897190692e-06,1.73584689810814e-06,1.75962972867054e-06,100,100
2.548,3,0,0,0,0,9.4276971869033e-06,5.95631126766021e-06,5.3806914098498e-06,3.38328135501199e-06,1.7440091703468e-06,1.76078107740592e-06,100,100
2.549,2,0,0,0,0,9.35854005413649e-06,5.94953537681302e-06,5.37033615591701e-06,3.3506741720827e-06,1.75201141098627e-06,1.76182739981154e-06,100,100
2.55,2,0,0,0,0,9.28636327939573e-06,5.94143012887025e-06,5.35998107764315e-06,3.31680458209606e-06,1.75982599356878e-06,1.76280591721686e-06,100,100
2.551,2,0,0,0,0,9.21125230309993e-06,5.93317762337236e-06,5.34961227738893e-06,3.28170557200803e-06,1.76743824122009e-06,1.76375678971055e-06,100,100
2.552,2,0,0,0,0,9.13330946626137e-06,5.92478407778972e-06,5.33920066589222e-06,3.24541798607841e-06,1.77484215835102e-06,1.76942017864342e-06,100,100
2.553,2,0,0,0,0,9.05264400353962e-06,5.91625235473717e-06,5.32874414800652e-06,3.20801178459117e-06,1.78202462833438e-06,1.77573972351636e-06,100,100
2.554,2,0,0,0,0,8.96938252407215e-06,5.90761769572435e-06,5.31825366947622e-06,3.16955600412293e-06,1.78647887605131e-06,1.78202257306534e-06,100,100
2.555,2,0,0,0,0,8.88363951384477e-06,5.89892535922545e-06,5.30774391075142e-06,3.13011392462646e-06,1.7911248597945e-06,1.78822442967084e-06,100,100
2.556,2,0,0,0,0,8.79551343497475e-06,5.89020694086709e-06,5.29725421958674e-06,3.104043715184e-06,1.79562104575843e-06,1.79431996779558e-06,100,100
2.557,2,0,0,0,0,8.70510431011377e-06,5.88149378313747e-06,5.28683228455919e-06,3.06806119834063e-06,1.79999462453398e-06,1.80028816561323e-06,100,100
2.558,2,0,0,0,0,8.61250246051705e-06,5.87280864188472e-06,5.27611933747407e-06,3.03089541899422e-06,1.80426104830707e-06,1.80611007745311e-06,100,100
2.559,2,0,0,0,0,8.51777742202826e-06,5.86415553047006e-06,5.26528052146028e-06,2.98213976904663e-06,1.80842910282297e-06,1.81126978566846e-06,100,100
2.56,1,0,0,0,0,8.42099320783771e-06,5.85552180614242e-06,5.25457051462234e-06,2.92009828265708e-06,1.81251861908879e-06,1.80872728671387e-06,100,100
2.561,0,0,0,0,0,8.32223696354648e-06,5.84688856357245e-06,5.24400531562207e-06,2.87578099350815e-06,1.81655006311926e-06,1.80550919012742e-06,100,100
2.562,0,0,0,0,0,8.22162419944154e-06,5.83823297613183e-06,5.23361879792586e-06,2.83079675341781e-06,1.82039856351508e-06,1.81149519833602e-06,100,100
2.563,0,0,0,0,0,8.11929584339576e-06,5.82953723497372e-06,5.22344495370556e-06,2.78520785951491e-06,1.82348407779531e-06,1.81737137050933e-06,100,100
2.564,0,0,0,0,0,8.03086024722455e-06,5.82079451943886e-06,5.21349393754582e-06,2.73906701488068e-06,1.82441327819849e-06,1.82314669871874e-06,100,100
2.565,0,0,0,0,0,7.97679823340126e-06,5.81200100673799e-06,5.20375120138046e-06,2.69243899667068e-06,1.82536644762726e-06,1.82692508363717e-06,100,100
2.566,0,0,0,0,0,7.92222624788323e-06,5.80317215709e-06,5.19421509871137e-06,2.64539860328806e-06,1.82635684021083e-06,1.82222893025231e-06,100,100
2.567,0,0,0,0,0,7.86719570715083e-06,5.79432970530315e-06,5.18490580963242e-06,2.59800152215275e-06,1.827401029731e-06,1.81744331325826e-06,100,100
2.568,0,0,0,0,0,7.81175636803013e-06,5.78548341987212e-06,5.17583870209188e-06,2.55029784268675e-06,1.82852545691066e-06,1.81260568473772e-06,100,100
2.569,0,0,0,0,0,7.755953306987e-06,5.77665385815367e-06,5.16702263517606e-06,2.52758021818241e-06,1.82975746263848e-06,1.80796549560634e-06,100,100
2.57,0,0,0,0,0,7.69984465953073e-06,5.76786731269267e-06,5.15845583324212e-06,2.52785488859046e-06,1.83109552941215e-06,1.80973824065535e-06,100,100
2.571,0,0,0,0,0,7.64348760242926e-06,5.7591491084852e-06,5.15012724833268e-06,2.50296663705765e-06,1.83250952018986e-06,1.81147071713777e-06,100,100
2.572,0,0,0,0,0,7.58339227771713e-06,5.75052971861591e-06,5.14203715837467e-06,2.4255953190514e-06,1.83397663961091e-06,1.81315295345385e-06,100,100
2.573,0,0,0,0,0,7.46976244886311e-06,5.74203841294195e-06,5.13420767942627e-06,2.34805937710454e-06,1.83549705012692e-06,1.81422063012382e-06,100,100
2.574,0,0,0,0,0,7.35546418425518e-06,5.73301056977542e-06,5.12667200554637e-06,2.27498260439466e-06,1.83416388956888e-06,1.80451608033569e-06,100,100
2.575,0,0,0,0,0,7.24060908619692e-06,5.72022879179318e-06,5.11945411151022e-06,2.23775495706601e-06,1.82963659332498e-06,1.79496420759895e-06,100,100
2.576,0,0,0,0,0,7.12531588125439e-06,5.70757761045325e-06,5.11238908792723e-06,2.2098596356671e-06,1.82501416692472e-06,1.78884010690373e-06,100,100
2.577,0,0,0,0,0,7.00969882748583e-06,5.69509581408139e-06,5.10483447801903e-06,2.18217972201459e-06,1.81599338532176e-06,1.79141137029884e-06,100,100
2.578,0,0,0,0,0,6.89387471094403e-06,5.68281807025888e-06,5.09752381053655e-06,2.15566489469236e-06,1.81160340538978e-06,1.79374812746083e-06,100,100
2.579,0,0,0,0,0,6.77795747647306e-06,5.67077202734065e-06,5.09046904411133e-06,2.15033473824342e-06,1.80787793603826e-06,1.79585777951307e-06,100,100
2.58,0,0,0,0,0,6.66205128997079e-06,5.65897961589256e-06,5.08368135658684e-06,2.15202913688895e-06,1.80408662257256e-06,1.79774623554874e-06,100,100
2.581,0,0,0,0,0,6.54626071541545e-06,5.64745518483418e-06,5.07717136528353e-06,2.17722463506933e-06,1.80024458744166e-06,1.79943648903448e-06,100,100
2.582,0,0,0,0,0,6.4306925538591e-06,5.63619998997761e-06,5.07095329243149e-06,2.20231791206836e-06,1.79638191091039e-06,1.80095661372442e-06,100,100
2.583,0,0,0,0,0,6.3154436823107e-06,5.62519148231477e-06,5.06503887465922e-06,2.20668862723184e-06,1.79250480337645e-06,1.80232501553218e-06,100,100
2.584,0,0,0,0,0,6.20059908771451e-06,5.61442683154755e-06,5.05943528695226e-06,2.17596346044244e-06,1.78859537814534e-06,1.80354715708173e-06,100,100
2.585,0,0,0,0,0,6.08624445519428e-06,5.60394223009454e-06,5.05413515260554e-06,2.16287156987056e-06,1.78462727342845e-06,1.80461659177389e-06,100,100
2.586,0,0,0,0,0,5.97246815908514e-06,5.5937670884226e-06,5.04913007566879e-06,2.12074135854022e-06,1.78057094084366e-06,1.80552382740802e-06,100,100
2.587,0,0,0,0,0,5.85935231030212e-06,5.58391590870783e-06,5.04442326446459e-06,2.12799439388181e-06,1.7764042350977e-06,1.80627300429629e-06,100,100
2.588,0,0,0,0,0,5.74696328254633e-06,5.5743937213429e-06,5.04001040675012e-06,2.14290706277709e-06,1.77212579569515e-06,1.8068936313418e-06,100,100
2.589,0,0,0,0,0,5.6353569006947e-06,5.56519633475857e-06,5.03587865889793e-06,2.14052965577881e-06,1.76773908838628e-06,1.80740963486496e-06,100,100
2.59,0,0,0,0,0,5.55830793976024e-06,5.55830793976024e-06,5.0320155435111e-06,2.14045834124561e-06,1.76350412530796e-06,1.80781867709432e-06,100,100
2.591,0,0,0,0,0,5.55250134400644e-06,5.55250134400644e-06,5.02841208113544e-06,2.14031414959431e-06,1.76802672445788e-06,1.80968687096899e-06,100,100
2.592,0,0,0,0,0,5.54600961129927e-06,5.54698821594748e-06,5.0250584728243e-06,2.14011284813204e-06,1.77233983756924e-06,1.81178587902307e-06,100,100
2.593,0,0,0,0,0,5.51622880610422e-06,5.54176220289592e-06,5.02193811045623e-06,2.15562547438117e-06,1.77645156998492e-06,1.80946719725324e-06,100,100
2.594,0,0,0,0,0,5.51099876514653e-06,5.53683013801587e-06,5.01904261258975e-06,2.15448284347114e-06,1.7803708607326e-06,1.80865700486426e-06,100,100
2.595,0,0,0,0,0,5.50602094301409e-06,5.53218973975264e-06,5.01637798151776e-06,2.13931437322159e-06,1.7841286599887e-06,1.80832453439028e-06,100,100
2.596,0,0,0,0,0,5.50128010229348e-06,5.5278339931438e-06,5.0139476587236e-06,2.13842075453392e-06,1.78776248129306e-06,1.80825084570536e-06,100,100
2.597,0,0,0,0,0,5.49676213210226e-06,5.52375314434308e-06,5.01174043604484e-06,2.11313958844652e-06,1.79130930104281e-06,1.80815530707528e-06,100,100
2.598,0,0,0,0,0,5.49245909982409e-06,5.51993459220461e-06,5.00973502042818e-06,2.06421998204574e-06,1.79480743266735e-06,1.80805344885413e-06,100,100
2.599,0,0,0,0,0,5.48837545222507e-06,5.51637335256138e-06,5.00791571583875e-06,2.0201124009178e-06,1.79828953710693e-06,1.80796556491826e-06,100,100
2.6,0,0,0,0,0,5.48371659618686e-06,5.51307395686291e-06,5.00628426688192e-06,1.99505266545621e-06,1.80178035055609e-06,1.80790294211574e-06,100,100
2.601,0,0,0,0,0,5.47909338666932e-06,5.51003730818436e-06,5.0048551666621e-06,1.96109777493445e-06,1.80529104936484e-06,1.80996521739719e-06,100,100
2.602,0,0,0,0,0,5.47447854393257e-06,5.50724680016236e-06,5.00363291268889e-06,1.9126972003023e-06,1.80881590582845e-06,1.81370353384951e-06,100,100
2.603,0,0,0,0,0,5.46984113485537e-06,5.50467232500156e-06,5.00260107787778e-06,1.87533993901724e-06,1.81234249315298e-06,1.81733387640202e-06,100,100
2.604,0,0,0,0,0,5.43417241599317e-06,5.50228158530369e-06,5.00173122363161e-06,1.88077938407551e-06,1.81586881720438e-06,1.81919325034225e-06,100,100
2.605,0,0,0,0,0,5.42885488283335e-06,5.5000423482166e-06,5.00100418714947e-06,1.898729082801e-06,1.81367924656602e-06,1.81863158275881e-06,100,100
2.606,0,0,0,0,0,5.42354942190917e-06,5.49793101882379e-06,5.00042272613622e-06,1.90798844795141e-06,1.81261659426105e-06,1.81629285938272e-06,100,100
2.607,0,0,0,0,0,5.41824475593662e-06,5.49593459248322e-06,4.99999615447685e-06,1.87808903458519e-06,1.81379872694398e-06,1.81404715839279e-06,100,100
2.608,0,0,0,0,0,5.41292599334286e-06,5.49403268785972e-06,4.99971681243569e-06,1.85411441441632e-06,1.81574737177815e-06,1.8119159702173e-06,100,100
2.609,0,0,0,0,0,5.4075937581253e-06,5.49219947674965e-06,4.99955119963249e-06,1.86257815798412e-06,1.82081111485483e-06,1.80990274805746e-06,100,100
2.61,0,0,0,0,0,5.40226784655617e-06,5.49041803764277e-06,4.99946489696792e-06,1.87087584029051e-06,1.82571264569571e-06,1.81032878295345e-06,100,100
2.611,0,0,0,0,0,5.4008236340648e-06,5.48867970844561e-06,4.99944088778459e-06,1.85264930225633e-06,1.82480880894815e-06,1.81103940898816e-06,100,100
2.612,0,0,0,0,0,5.401413568706e-06,5.48698003014991e-06,4.99947396035355e-06,1.84617080646132e-06,1.82383741488139e-06,1.81014550360636e-06,100,100
2.613,0,0,0,0,0,5.40203070584677e-06,5.48531439520821e-06,4.99956301141889e-06,1.85401245473225e-06,1.82278960180161e-06,1.80913447987961e-06,100,100
2.614,0,0,0,0,0,5.40267167720534e-06,5.48366953428909e-06,4.99969884615407e-06,1.86066353668829e-06,1.82165545939197e-06,1.80746145969882e-06,100,100
2.615,0,0,0,0,0,5.40333299103473e-06,5.48202997165493e-06,4.99986640649797e-06,1.81535152621085e-06,1.8204206700264e-06,1.80591594388578e-06,100,100
2.616,0,0,0,0,0,5.40401318270881e-06,5.48039103545482e-06,5.00006004189747e-06,1.79737664678697e-06,1.81794204845384e-06,1.80449489866246e-06,100,100
2.617,0,0,0,0,0,5.40152115929617e-06,5.48193652777345e-06,5.00028479269431e-06,1.76406645817838e-06,1.81207924184178e-06,1.80320005128607e-06,100,100
2.618,0,0,0,0,0,5.39668048298335e-06,5.48582553133791e-06,5.00055035501121e-06,1.74226929488781e-06,1.80608251854249e-06,1.80201190365151e-06,100,100
2.619,0,0,0,0,0,5.39188014883132e-06,5.4896708488762e-06,5.00086233240878e-06,1.72113091637952e-06,1.79997044759701e-06,1.79969468618954e-06,100,100
2.62,0,0,0,0,0,5.38714425661387e-06,5.49348251418513e-06,5.0012225182472e-06,1.71695904271804e-06,1.79376850155322e-06,1.79466306265415e-06,100,100
2.621,0,0,0,0,0,5.38249140731713e-06,5.4972749358875e-06,5.00163711045036e-06,1.71492635473824e-06,1.79059038492208e-06,1.79186851798912e-06,100,100
2.622,0,0,0,0,0,5.3779376038629e-06,5.50104558228391e-06,5.00211079840664e-06,1.72676199050465e-06,1.78986175854007e-06,1.79256076081885e-06,100,100
2.623,0,0,0,0,0,5.37349565940584e-06,5.50477299612873e-06,5.00264137322488e-06,1.7116318854037e-06,1.78917158705172e-06,1.79407816046527e-06,100,100
2.624,0,0,0,0,0,5.36916619513351e-06,5.50843202800654e-06,5.00322055696902e-06,1.72205998476351e-06,1.78850567217e-06,1.79570373505765e-06,100,100
2.625,0,0,0,0,0,5.36494207426528e-06,5.51201027566782e-06,5.00383780981049e-06,1.73605059563434e-06,1.78785866242473e-06,1.79606250408413e-06,100,100
2.626,0,0,0,0,0,5.36081611777782e-06,5.51550594056408e-06,5.00448569390808e-06,1.73599336876654e-06,1.78723399762093e-06,1.79510766238614e-06,100,100
2.627,0,0,0,0,0,5.35678345750659e-06,5.51891404703234e-06,5.00515838146006e-06,1.70894110483124e-06,1.78663604223306e-06,1.79515105815132e-06,100,100
2.628,0,0,0,0,0,5.35284094064005e-06,5.52223217953546e-06,5.00584533443752e-06,1.71885746195491e-06,1.78606596997524e-06,1.79521060830989e-06,100,100
2.629,0,0,0,0,0,5.34898459261684e-06,5.52546275602877e-06,5.00653760560882e-06,1.73322835869433e-06,1.78552786048128e-06,1.79528766134167e-06,100,100
2.63,0,0,0,0,0,5.34521194482027e-06,5.52860177084364e-06,5.00723205311974e-06,1.74723820217734e-06,1.78502705813389e-06,1.79538562004836e-06,100,100
2.631,0,0,0,0,0,5.36474295150324e-06,5.53164272142866e-06,5.00792988942399e-06,1.76089592052765e-06,1.78226987702254e-06,1.79555819381116e-06,100,100
2.632,0,0,0,0,0,5.38704913671209e-06,5.53193900070088e-06,5.0086390564973e-06,1.77421496111276e-06,1.77667411455925e-06,1.7961007377767e-06,100,100
2.633,0,0,0,0,0,5.40897307835979e-06,5.53099111729436e-06,5.00936700442059e-06,1.78520534855423e-06,1.77313219220932e-06,1.79765882751826e-06,100,100
2.634,0,0,0,0,0,5.42136328452453e-06,5.52995289393609e-06,5.01011579509847e-06,1.78429108938286e-06,1.7700219682311e-06,1.80001151408843e-06,100,100
2.635,0,0,0,0,0,5.42251252024487e-06,5.52882978743078e-06,5.01088416329869e-06,1.78343129780027e-06,1.76709721543109e-06,1.80225657423082e-06,100,100
2.636,0,0,0,0,0,5.42365751184105e-06,5.52762946729678e-06,5.01166827543149e-06,1.7719495855723e-06,1.76435278065398e-06,1.80247114130851e-06,100,100
2.637,0,0,0,0,0,5.42479432554821e-06,5.52635936809254e-06,5.01245999335401e-06,1.74838687215135e-06,1.76178063160748e-06,1.80267377639121e-06,100,100
2.638,0,0,0,0,0,5.4259188270353e-06,5.52502814220338e-06,5.0132494079045e-06,1.72540218565414e-06,1.75938392423166e-06,1.80285522674668e-06,100,100
2.639,0,0,0,0,0,5.42702565381365e-06,5.52364605592475e-06,5.01403280111025e-06,1.7029908948363e-06,1.75716525964534e-06,1.80302066165232e-06,100,100
2.64,0,0,0,0,0,5.42810853705196e-06,5.52222093787828e-06,5.01481456674695e-06,1.70258830030924e-06,1.75511900771639e-06,1.80317720101342e-06,100,100
2.641,0,0,0,0,0,5.42915850950497e-06,5.52075112943545e-06,5.01560180309321e-06,1.69776200251552e-06,1.75324002734879e-06,1.80331917903393e-06,100,100
2.642,0,0,0,0,0,5.43017153789304e-06,5.51923187888518e-06,5.01639881413084e-06,1.69838681330561e-06,1.75152607459869e-06,1.80343423616781e-06,100,100
2.643,0,0,0,0,0,5.43115051807641e-06,5.51766925356459e-06,5.01720269111219e-06,1.71461912834044e-06,1.7499750235156e-06,1.8035191978517e-06,100,100
2.644,0,0,0,0,0,5.43210130551276e-06,5.51608003359349e-06,5.01800502559855e-06,1.7215666702807e-06,1.74858265980173e-06,1.80408686568481e-06,100,100
2.645,0,0,0,0,0,5.43302662379159e-06,5.51448504370501e-06,5.01879921539826e-06,1.73490423982101e-06,1.74734086055245e-06,1.8052203997921e-06,100,100
2.646,0,0,0,0,0,5.43392144805405e-06,5.51290146623348e-06,5.01958165334622e-06,1.72870488308435e-06,1.74623726250442e-06,1.80640462670881e-06,100,100
2.647,0,0,0,0,0,5.43478284112685e-06,5.51133994389979e-06,5.02034742985201e-06,1.72159549604764e-06,1.74565467779669e-06,1.80764301627549e-06,100,100
2.648,0,0,0,0,0,5.43561309505257e-06,5.50980912309082e-06,5.02109058853135e-06,1.7095779543935e-06,1.74560752216924e-06,1.80893517861177e-06,100,100
2.649,0,0,0,0,0,5.43894943637528e-06,5.50831669672768e-06,5.02180689854456e-06,1.69427549895603e-06,1.74574235202305e-06,1.81016028325741e-06,100,100
2.65,0,0,0,0,0,5.44531714638565e-06,5.50686802386076e-06,5.02249577242978e-06,1.67932196761412e-06,1.7469599780102e-06,1.81294130685666e-06,100,100
2.651,0,0,0,0,0,5.45150713591336e-06,5.50546855964404e-06,5.02315988104819e-06,1.66471715074757e-06,1.74816024024961e-06,1.81568739240312e-06,100,100
2.652,0,0,0,0,0,5.45752988616532e-06,5.50412521293802e-06,5.02380110056267e-06,1.65046213864947e-06,1.74934313885306e-06,1.81838918430444e-06,100,100
2.653,0,0,0,0,0,5.46338651045779e-06,5.50283547798772e-06,5.02442122082627e-06,1.64233302335833e-06,1.75050735052658e-06,1.82103622311241e-06,100,100
2.654,0,0,0,0,0,5.46907084819914e-06,5.50158952996273e-06,5.02501774688049e-06,1.6350633577952e-06,1.75164905561855e-06,1.82362839768456e-06,100,100
2.655,0,0,0,0,0,5.4745864783155e-06,5.50038736061165e-06,5.0255842185154e-06,1.62799199001134e-06,1.75184568954851e-06,1.82616671897403e-06,100,100
2.656,0,0,0,0,0,5.47994038586392e-06,5.49923244935162e-06,5.02611796082356e-06,1.63347364577626e-06,1.75012302849487e-06,1.82864353283391e-06,100,100
2.657,0,0,0,0,0,5.48513429104094e-06,5.49812302520732e-06,5.02661576763306e-06,1.63982759972141e-06,1.748476672227e-06,1.83009233359175e-06,100,100
2.658,0,0,0,0,0,5.49017036544826e-06,5.4970577836185e-06,5.0270763308711e-06,1.64600419397323e-06,1.74690150768753e-06,1.8313421158519e-06,100,100
2.659,0,0,0,0,0,5.4950535240166e-06,5.49603818222638e-06,5.02750619486193e-06,1.65200387942696e-06,1.74647168389278e-06,1.83258810926822e-06,100,100
2.66,0,0,0,0,0,5.49978731862613e-06,5.49506430075571e-06,5.02791327548886e-06,1.65781500109824e-06,1.74696752449768e-06,1.83382029765126e-06,100,100
2.661,0,0,0,0,0,5.50437125448783e-06,5.49413213770337e-06,5.02829838632884e-06,1.64823460558789e-06,1.74747143717361e-06,1.83503371967841e-06,100,100
2.662,0,0,0,0,0,5.5088068561429e-06,5.49323972845002e-06,5.02865951464894e-06,1.63902996253271e-06,1.74798392587238e-06,1.83622492185106e-06,100,100
2.663,0,0,0,0,0,5.5130986104617e-06,5.49238810842657e-06,5.02899820169329e-06,1.63018789917661e-06,1.74850804354381e-06,1.83739170095733e-06,100,100
2.664,0,0,0,0,0,5.51789983480578e-06,5.49157502911246e-06,5.02931525496459e-06,1.62169736899531e-06,1.74904228940175e-06,1.83738596171373e-06,100,100
2.665,0,0,0,0,0,5.53109539657193e-06,5.49079740108621e-06,5.02961190585207e-06,1.61354795946622e-06,1.74958040720627e-06,1.83669595102784e-06,100,100
2.666,0,0,0,0,0,5.54382689964698e-06,5.49005589957876e-06,5.02989276352048e-06,1.60572921586762e-06,1.75011825251925e-06,1.83601029206658e-06,100,100
2.667,0,0,0,0,0,5.55610386894431e-06,5.4893517862858e-06,5.03015987032287e-06,1.59823017607971e-06,1.75065233995613e-06,1.83532697493848e-06,100,100
2.668,0,0,0,0,0,5.56793392209569e-06,5.48868578744728e-06,5.03040721810029e-06,1.59103648819397e-06,1.7511793489037e-06,1.83464650624386e-06,100,100
2.669,0,0,0,0,0,5.56941833126352e-06,5.48805851931153e-06,5.03062738544385e-06,1.59166829126637e-06,1.75169847381981e-06,1.8339746403508e-06,100,100
2.67,0,0,0,0,0,5.56889122855465e-06,5.48746853698082e-06,5.03082336338296e-06,1.59452141389023e-06,1.75220724822519e-06,1.83327032900329e-06,100,100
2.671,0,0,0,0,0,5.56841124935857e-06,5.48691441842144e-06,5.03100579548705e-06,1.59729824817192e-06,1.75270493604078e-06,1.83252604286862e-06,100,100
2.672,0,0,0,0,0,5.56797888498697e-06,5.48639351411128e-06,5.03118212803884e-06,1.59999381843891e-06,1.75319210572602e-06,1.83182679482472e-06,100,100
2.673,0,0,0,0,0,5.5675940734595e-06,5.48590242398514e-06,5.03135450011797e-06,1.60260497096434e-06,1.75366515410625e-06,1.83117063015032e-06,100,100
2.674,0,0,0,0,0,5.56725543986204e-06,5.48544118533398e-06,5.03151980070509e-06,1.60513179468788e-06,1.75411964224735e-06,1.83056084984504e-06,100,100
2.675,0,0,0,0,0,5.56696111521944e-06,5.48501069510036e-06,5.03167265938517e-06,1.60757438005102e-06,1.75455082969043e-06,1.82999845786286e-06,100,100
2.676,0,0,0,0,0,5.56670554122627e-06,5.48461008476686e-06,5.03181085303732e-06,1.61158259319336e-06,1.75495463050432e-06,1.82948126785775e-06,100,100
2.677,0,0,0,0,0,5.56648176301299e-06,5.48423768133633e-06,5.03193271195015e-06,1.61742611955588e-06,1.75532906732882e-06,1.8290082220863e-06,100,100
2.678,0,0,0,0,0,5.56628769535141e-06,5.48389207532429e-06,5.03203454380122e-06,1.6230092913328e-06,1.75567221229062e-06,1.82858112680104e-06,100,100
2.679,0,0,0,0,0,5.56612263071834e-06,5.48357104496289e-06,5.03211350997135e-06,1.62834806741684e-06,1.75598261968582e-06,1.82820200054949e-06,100,100
2.68,0,0,0,0,0,5.56652592204262e-06,5.48327235493083e-06,5.03216774803743e-06,1.63345315286056e-06,1.75625970476935e-06,1.82785801432129e-06,100,100
2.681,0,0,0,0,0,5.56866033356923e-06,5.48299389454516e-06,5.03219481354362e-06,1.63833097416855e-06,1.75650205426633e-06,1.82742264469249e-06,100,100
2.682,0,0,0,0,0,5.57069274185565e-06,5.48273196668965e-06,5.0321933275872e-06,1.6429880225492e-06,1.75670888582863e-06,1.82701002895335e-06,100,100
2.683,0,0,0,0,0,5.57262439395706e-06,5.48248434445654e-06,5.0321645573065e-06,1.64743098731589e-06,1.75688182051697e-06,1.82662264248871e-06,100,100
2.684,0,0,0,0,0,5.57445849695938e-06,5.48225079942063e-06,5.03211132421557e-06,1.65166477671859e-06,1.7570232201735e-06,1.82626026040583e-06,100,100
2.685,0,0,0,0,0,5.57619689615848e-06,5.48202973018729e-06,5.03203617181747e-06,1.65569319986817e-06,1.75713620237316e-06,1.82592146502014e-06,100,100
2.686,0,0,0,0,0,5.57784081739344e-06,5.48181890286604e-06,5.03194167935757e-06,1.66227832194165e-06,1.75722323221591e-06,1.82560465205733e-06,100,100
2.687,0,0,0,0,0,5.57939359992558e-06,5.48161822441015e-06,5.0318323754488e-06,1.66927501608982e-06,1.75728457249338e-06,1.82530979973128e-06,100,100
2.688,0,0,0,0,0,5.58085899955891e-06,5.48142805554997e-06,5.03171155418741e-06,1.67588440936286e-06,1.75731899049612e-06,1.82503756684901e-06,100,100
2.689,0,0,0,0,0,5.58223956989807e-06,5.481247570741e-06,5.0315775030423e-06,1.68211854004677e-06,1.75732481811802e-06,1.82478835438066e-06,100,100
2.69,0,0,0,0,0,5.58353729070896e-06,5.48107538630976e-06,5.03142934628529e-06,1.68798930867346e-06,1.75730213297893e-06,1.82456331558828e-06,100,100
2.691,0,0,0,0,0,5.5847532616172e-06,5.48090925114761e-06,5.03126986178681e-06,1.6935094619589e-06,1.75725250973627e-06,1.82436523895013e-06,100,100
2.692,0,0,0,0,0,5.58588863772299e-06,5.48074699256783e-06,5.03110175505005e-06,1.69869216085143e-06,1.75717803896096e-06,1.8241987121123e-06,100,100
2.693,0,0,0,0,0,5.58694506904059e-06,5.48058695880438e-06,5.03092728460973e-06,1.70355038758822e-06,1.75708171515336e-06,1.82406763914419e-06,100,100
2.694,0,0,0,0,0,5.58792471045771e-06,5.48042801878414e-06,5.03074885717814e-06,1.70809687904946e-06,1.75696605822482e-06,1.82397317573324e-06,100,100
2.695,0,0,0,0,0,5.58883047235081e-06,5.48026983451924e-06,5.03056762101716e-06,1.71234341865491e-06,1.75683243674644e-06,1.82391567766612e-06,100,100
2.696,0,0,0,0,0,5.58966581227788e-06,5.48011266872714e-06,5.03038387999749e-06,1.71630231254725e-06,1.75668216844449e-06,1.82389532365184e-06,100,100
2.697,0,0,0,0,0,5.59043481927386e-06,5.47995746601167e-06,5.03019962683621e-06,1.71998646060233e-06,1.7565168593084e-06,1.82391063684323e-06,100,100
2.698,0,0,0,0,0,5.59060387962513e-06,5.47980511993316e-06,5.0300178576786e-06,1.72340847360506e-06,1.75633892797146e-06,1.82396028952761e-06,100,100
2.699,0,0,0,0,0,5.59047249708667e-06,5.47965559776561e-06,5.02984057616802e-06,1.72658056375942e-06,1.75615045599442e-06,1.82404421596849e-06,100,100
2.7,0,0,0,0,0,5.59034197444732e-06,5.47950917394421e-06,5.02966887973243e-06,1.72951425264896e-06,1.75595176007433e-06,1.82416119291888e-06,100,100
2.701,0,0,0,0,0,5.59021512473776e-06,5.47936697830417e-06,5.02950407148202e-06,1.73222080043727e-06,1.75574269126774e-06,1.82430881422228e-06,100,100
2.702,0,0,0,0,0,5.59009367594899e-06,5.47922913338826e-06,5.02934719139233e-06,1.73471143563914e-06,1.75552353950375e-06,1.82448476978119e-06,100,100
2.703,0,0,0,0,0,5.58997889602494e-06,5.47909541685359e-06,5.02919899680925e-06,1.73699776965818e-06,1.75529525845811e-06,1.82468651289563e-06,100,100
2.704,0,0,0,0,0,5.58987171046421e-06,5.47896720741228e-06,5.02906010292494e-06,1.73909178437759e-06,1.75505907481913e-06,1.82491115072684e-06,100,100
2.705,0,0,0,0,0,5.58977359965428e-06,5.47884632315179e-06,5.02893036650231e-06,1.74100527409508e-06,1.75481590686292e-06,1.82515540863927e-06,100,100
2.706,0,0,0,0,0,5.58968667221928e-06,5.47873376585534e-06,5.02880997862361e-06,1.74275006699016e-06,1.75456642190622e-06,1.8254155508248e-06,100,100
2.707,0,0,0,0,0,5.58961257151516e-06,5.47863023576293e-06,5.02869903736867e-06,1.74433773274818e-06,1.75431107254539e-06,1.82568788744103e-06,100,100
2.708,0,0,0,0,0,5.58955233132659e-06,5.47853617559489e-06,5.02859753116745e-06,1.74577919442878e-06,1.75405071888368e-06,1.82596955323567e-06,100,100
2.709,0,0,0,0,0,5.58950652512165e-06,5.47845195787852e-06,5.02850671189879e-06,1.74665687752977e-06,1.75378690942567e-06,1.82625773556955e-06,100,100
2.71,0,0,0,0,0,5.58947556771826e-06,5.4783784169666e-06,5.02842794180316e-06,1.74681929789955e-06,1.75352180891389e-06,1.82654894782633e-06,100,100
2.711,0,0,0,0,0,5.58945968305535e-06,5.47831668841392e-06,5.02836167321812e-06,1.74691661205777e-06,1.75325820836921e-06,1.82683983909297e-06,100,100
2.712,0,0,0,0,0,5.58945831395449e-06,5.47826745009277e-06,5.02830772804722e-06,1.74695716549534e-06,1.75299888032851e-06,1.82712744300902e-06,100,100
2.713,0,0,0,0,0,5.58947039330467e-06,5.47823044646123e-06,5.02826525721239e-06,1.74694882163338e-06,1.75274603896566e-06,1.82740917149261e-06,100,100
2.714,0,0,0,0,0,5.58949494845774e-06,5.47820478804443e-06,5.0282333603119e-06,1.74689917165447e-06,1.75250156855425e-06,1.82768280566479e-06,100,100
2.715,0,0,0,0,0,5.58953080561713e-06,5.47818922264073e-06,5.02821167958745e-06,1.74681614712407e-06,1.75226755894955e-06,1.82794585949834e-06,100,100
2.716,0,0,0,0,0,5.58957619384496e-06,5.47818252913975e-06,5.02819986225063e-06,1.74670766043226e-06,1.75204620178569e-06,1.82819578094944e-06,100,100
2.717,0,0,0,0,0,5.58962902337759e-06,5.47818379129153e-06,5.02819687831233e-06,1.74658085122873e-06,1.75183920665892e-06,1.82843058006743e-06,100,100
2.718,0,0,0,0,0,5.58968732068515e-06,5.47819209724785e-06,5.02820117199678e-06,1.74644234687277e-06,1.75164790703143e-06,1.8286487929113e-06,100,100
2.719,0,0,0,0,0,5.58974911154744e-06,5.47820630260472e-06,5.02821122244215e-06,1.74629836908812e-06,1.75147333775579e-06,1.82884955880835e-06,100,100
2.72,0,0,0,0,0,5.58981216310347e-06,5.47822489956398e-06,5.02822564967067e-06,1.74615419512779e-06,1.75131601232422e-06,1.829032525376e-06,100,100
2.721,0,0,0,0,0,5.58987426539825e-06,5.4782461034794e-06,5.02824312302831e-06,1.74601406033445e-06,1.75117630908773e-06,1.82919744466384e-06,100,100
2.722,0,0,0,0,0,5.5899336423089e-06,5.47826844382736e-06,5.02826233639619e-06,1.74588153255322e-06,1.75105446499464e-06,1.82934410017071e-06,100,100
2.723,0,0,0,0,0,5.58998883241951e-06,5.4782908815275e-06,5.02828189730826e-06,1.74575973433069e-06,1.75095024693263e-06,1.82947237477762e-06,100,100
2.724,0,0,0,0,0,5.59003847202494e-06,5.47831245918258e-06,5.02830050893929e-06,1.74565125343166e-06,1.75086313028965e-06,1.82958231949906e-06,100,100
2.725,0,0,0,0,0,5.59008139480042e-06,5.47833227387111e-06,5.02831712644321e-06,1.74555805110404e-06,1.75079244948322e-06,1.82967422315259e-06,100,100
2.726,0,0,0,0,0,5.59011664647402e-06,5.47834945376645e-06,5.02833094118351e-06,1.7454816937392e-06,1.75073749632481e-06,1.8297486095289e-06,100,100
2.727,0,0,0,0,0,5.59014347187085e-06,5.47836320044583e-06,5.02834142872502e-06,1.74542345295165e-06,1.75069753102009e-06,1.8298061930709e-06,100,100
2.728,0,0,0,0,0,5.59016144490192e-06,5.47837295435078e-06,5.02834828910224e-06,1.7453841272096e-06,1.75067169518716e-06,1.82984774636514e-06,100,100
2.729,0,0,0,0,0,5.59017048478679e-06,5.47837837830551e-06,5.02835141881237e-06,1.74536405783001e-06,1.75065907637897e-06,1.82987408129758e-06,100,100
2.73,0,0,0,0,0,5.59017079645517e-06,5.47837925383261e-06,5.02835091274408e-06,1.74536323395578e-06,1.75065878071474e-06,1.82988611578286e-06,100,100
2.731,0,0,0,0,0,5.59016282992305e-06,5.47837546010275e-06,5.0283470494851e-06,1.74538130092512e-06,1.75066987762768e-06,1.82988486388627e-06,100,100
2.732,0,0,0,0,0,5.59014723793884e-06,5.4783669699646e-06,5.0283402369808e-06,1.74541754298151e-06,1.75069133956446e-06,1.82987139126835e-06,100,100
2.733,0,0,0,0,0,5.59012480523727e-06,5.47835378679623e-06,5.02833096588175e-06,1.74547095028744e-06,1.75072206071039e-06,1.8298467806974e-06,100,100
2.734,0,0,0,0,0,5.5900963611546e-06,5.47833593363372e-06,5.02831972368622e-06,1.74554035425617e-06,1.75076093518639e-06,1.82981214080986e-06,100,100
2.735,0,0,0,0,0,5.59006279866882e-06,5.47831346234956e-06,5.02830698548449e-06,1.74562447827644e-06,1.75080685694043e-06,1.82976867208908e-06,100,100
2.736,0,0,0,0,0,5.59002509614936e-06,5.47828646126124e-06,5.02829334102004e-06,1.74572182852679e-06,1.75085861105283e-06,1.82971767933598e-06,100,100
2.737,0,0,0,0,0,5.58998428002131e-06,5.47825507051272e-06,5.02827944402381e-06,1.74583071608908e-06,1.75091486318529e-06,1.82966056348858e-06,100,100
2.738,0,0,0,0,0,5.5899413702735e-06,5.47821944436532e-06,5.02826594820478e-06,1.74594938639907e-06,1.75097422415196e-06,1.82959882502468e-06,100,100
2.739,0,0,0,0,0,5.58989733212926e-06,5.47817968875239e-06,5.02825352834221e-06,1.7460760597199e-06,1.75103539174644e-06,1.82953391208956e-06,100,100
2.74,0,0,0,0,0,5.58985307967945e-06,5.47813586210877e-06,5.02824282354407e-06,1.7462090612212e-06,1.75109722903713e-06,1.82946718231696e-06,100,100
2.741,0,0,0,0,0,5.58980948639604e-06,5.47808814578589e-06,5.02823440704103e-06,1.7463467096592e-06,1.75115864507104e-06,1.82939995842292e-06,100,100
2.742,0,0,0,0,0,5.58976738156821e-06,5.4780368179634e-06,5.02822877768256e-06,1.74648719047736e-06,1.75121860574914e-06,1.82933355295715e-06,100,100
2.743,0,0,0,0,0,5.58972747722668e-06,5.47798206977387e-06,5.02822638687607e-06,1.74662878778787e-06,1.75127629536998e-06,1.829269294333e-06,100,100
2.744,0,0,0,0,0,5.58969036117865e-06,5.47792407169355e-06,5.02822758808922e-06,1.746770003622e-06,1.75133108818941e-06,1.82920839039625e-06,100,100
2.745,0,0,0,0,0,5.58965655109945e-06,5.47786298223927e-06,5.02823259632687e-06,1.74690946567055e-06,1.7513823982254e-06,1.82915189566108e-06,100,100
2.746,0,0,0,0,0,5.58962647411399e-06,5.47779891163405e-06,5.0282415573819e-06,1.7470458843477e-06,1.75142970572869e-06,1.82910072843544e-06,100,100
2.747,0,0,0,0,0,5.58960046236526e-06,5.47773201282461e-06,5.02825451658917e-06,1.74717812116952e-06,1.75147262525347e-06,1.8290555327671e-06,100,100
2.748,0,0,0,0,0,5.58957865244543e-06,5.47766245784941e-06,5.02827141147167e-06,1.74730524246609e-06,1.75151086837819e-06,1.8290167131162e-06,100,100
2.749,0,0,0,0,0,5.58956093522368e-06,5.47759038192501e-06,5.0282919995958e-06,1.74742646415913e-06,1.75154426775189e-06,1.82898459509643e-06,100,100
2.75,0,0,0,0,0,5.58954709856619e-06,5.47751592384363e-06,5.02831578056975e-06,1.74754107630536e-06,1.75157291826924e-06,1.82895940458573e-06,100,100
2.751,0,0,0,0,0,5.58953694096754e-06,5.4774392269938e-06,5.02834217777011e-06,1.74764849639654e-06,1.75159714193424e-06,1.82894126504128e-06,100,100
2.752,0,0,0,0,0,5.58953023182952e-06,5.47736045864033e-06,5.02837079374965e-06,1.74774836225048e-06,1.75161725534183e-06,1.82893023859992e-06,100,100
2.753,0,0,0,0,0,5.58952669538479e-06,5.47727979539529e-06,5.02840136533633e-06,1.74784052388806e-06,1.75163354604899e-06,1.82892616625741e-06,100,100
2.754,0,0,0,0,0,5.58952605628887e-06,5.47719748101008e-06,5.02843362793781e-06,1.74792489931839e-06,1.75164641152566e-06,1.82892866516617e-06,100,100
2.755,0,0,0,0,0,5.58952792546718e-06,5.47711389730834e-06,5.02846732193366e-06,1.74800141710012e-06,1.7516563950228e-06,1.82893729100907e-06,100,100
2.756,0,0,0,0,0,5.58953182645598e-06,5.4770294280211e-06,5.02850209380728e-06,1.74807015597421e-06,1.7516640657398e-06,1.82895151963035e-06,100,100
2.757,0,0,0,0,0,5.58953740799001e-06,5.47694449021594e-06,5.02853747668224e-06,1.74813138188868e-06,1.75166994145178e-06,1.82897080001756e-06,100,100
2.758,0,0,0,0,0,5.58954443397929e-06,5.47685960301763e-06,5.02857297313471e-06,1.74818543405278e-06,1.75167449068947e-06,1.82899464083972e-06,100,100
2.759,0,0,0,0,0,5.58955269746441e-06,5.47677531628657e-06,5.02860813026805e-06,1.748232694508e-06,1.75167809295373e-06,1.82902254420723e-06,100,100
2.76,0,0,0,0,0,5.58956199394064e-06,5.47669213938985e-06,5.02864263427705e-06,1.74827366090785e-06,1.75168102465295e-06,1.8290538888038e-06,100,100
2.761,0,0,0,0,0,5.58957210129869e-06,5.47661051732559e-06,5.02867625042555e-06,1.74830889339684e-06,1.75168349471402e-06,1.82908791518399e-06,100,100
2.762,0,0,0,0,0,5.58958282976281e-06,5.47653091157595e-06,5.02870875965552e-06,1.74833892700661e-06,1.75168569225067e-06,1.82912385289931e-06,100,100
2.763,0,0,0,0,0,5.58959404303417e-06,5.4764537958827e-06,5.02873997103939e-06,1.74836427355203e-06,1.7516877907979e-06,1.82916098258711e-06,100,100
2.764,0,0,0,0,0,5.58960560377872e-06,5.47637959386437e-06,5.02876970397635e-06,1.74838540240676e-06,1.75168992492025e-06,1.82919862511695e-06,100,100
2.765,0,0,0,0,0,5.58961737079126e-06,5.47630870015838e-06,5.02879777514784e-06,1.74840276719133e-06,1.75169218058203e-06,1.82923613883988e-06,100,100
2.766,0,0,0,0,0,5.58962921680009e-06,5.47624152970167e-06,5.02882402634711e-06,1.74841686048204e-06,1.75169463345346e-06,1.82927289857425e-06,100,100
2.767,0,0,0,0,0,5.58964102427839e-06,5.47617853196659e-06,5.02884830798924e-06,1.74842816912049e-06,1.75169734358776e-06,1.82930830123491e-06,100,100
2.768,0,0,0,0,0,5.58965268504523e-06,5.47612010449904e-06,5.02887046132311e-06,1.7484370971892e-06,1.75170029922549e-06,1.82934178343787e-06,100,100
2.769,0,0,0,0,0,5.58966411193055e-06,5.47606654680777e-06,5.02889039754631e-06,1.74844397470945e-06,1.75170343638485e-06,1.82937285814756e-06,100,100
2.77,0,0,0,0,0,5.58967524048727e-06,5.47601808256042e-06,5.02890812169578e-06,1.74844911579667e-06,1.75170669652826e-06,1.82940114134394e-06,100,100
2.771,0,0,0,0,0,5.58968601410066e-06,5.47597485872575e-06,5.02892368983131e-06,1.74845283600997e-06,1.75171004176517e-06,1.82942632331072e-06,100,100
2.772,0,0,0,0,0,5.58969639299952e-06,5.47593697633297e-06,5.02893717006673e-06,1.74845541779034e-06,1.75171340246339e-06,1.82944816536553e-06,100,100
2.773,0,0,0,0,0,5.58970636056669e-06,5.47590449388645e-06,5.02894863035192e-06,1.74845710004578e-06,1.75171665934463e-06,1.82946650493444e-06,100,100
2.774,0,0,0,0,0,5.58971593598593e-06,5.47587741888364e-06,5.02895816121639e-06,1.74845809464112e-06,1.7517196778106e-06,1.82948124333299e-06,100,100
2.775,0,0,0,0,0,5.58972516685854e-06,5.47585572634794e-06,5.02896587495358e-06,1.74845859285785e-06,1.75172232004299e-06,1.82949235672107e-06,100,100
2.776,0,0,0,0,0,5.58973411121555e-06,5.47583936938994e-06,5.0289718726549e-06,1.74845876363545e-06,1.7517244656606e-06,1.82949988170639e-06,100,100
2.777,0,0,0,0,0,5.58974284928664e-06,5.47582828609709e-06,5.02897623703382e-06,1.74845876024219e-06,1.751726023764e-06,1.82950387546396e-06,100,100
2.778,0,0,0,0,0,5.58975148443829e-06,5.47582239192586e-06,5.02897904368157e-06,1.74845872992089e-06,1.75172692566776e-06,1.82950442706908e-06,100,100
2.779,0,0,0,0,0,5.58976012898149e-06,5.47582157776653e-06,5.02898036925338e-06,1.74845880955543e-06,1.75172711665405e-06,1.82950168266322e-06,100,100
2.78,0,0,0,0,0,5.58976889330021e-06,5.47582570371339e-06,5.02898028828106e-06,1.74845913652109e-06,1.75172655941105e-06,1.82949583076257e-06,100,100
2.781,0,0,0,0,0,5.58977788197564e-06,5.47583459063926e-06,5.02897887726707e-06,1.74845985761307e-06,1.75172524035244e-06,1.82948708045193e-06,100,100
2.782,0,0,0,0,0,5.58978718215186e-06,5.47584801490971e-06,5.02897621740853e-06,1.74846111736152e-06,1.75172317231491e-06,1.82947566362786e-06,100,100
2.783,0,0,0,0,0,5.58979685393388e-06,5.47586570079187e-06,5.02897239140053e-06,1.74846303623568e-06,1.75172038760931e-06,1.82946183153921e-06,100,100
2.784,0,0,0,0,0,5.58980694557749e-06,5.47588735132031e-06,5.02896748389184e-06,1.74846570411832e-06,1.75171692745058e-06,1.82944583756731e-06,100,100
2.785,0,0,0,0,0,5.58981749996916e-06,5.47591265625956e-06,5.02896157003244e-06,1.74846919473869e-06,1.75171284172358e-06,1.82942794728546e-06,100,100
2.786,0,0,0,0,0,5.5898285341797e-06,5.4759412626967e-06,5.02895472579569e-06,1.74847357034387e-06,1.7517081818502e-06,1.82940846392398e-06,100,100
2.787,0,0,0,0,0,5.58984001623932e-06,5.47597277952838e-06,5.02894703241141e-06,1.74847887782676e-06,1.75170300718053e-06,1.82938771296212e-06,100,100
2.788,0,0,0,0,0,5.5898518806444e-06,5.47600678899656e-06,5.02893855759269e-06,1.7484851421793e-06,1.75169740027716e-06,1.82936602468809e-06,100,100
2.789,0,0,0,0,0,5.58986406303216e-06,5.47604284698979e-06,5.02892938436323e-06,1.74849232677895e-06,1.75169144502122e-06,1.82934372558197e-06,100,100
2.79,0,0,0,0,0,5.58987651191689e-06,5.47608048954147e-06,5.02891962511149e-06,1.74850036246181e-06,1.75168522144739e-06,1.82932109590509e-06,100,100
2.791,0,0,0,0,0,5.58988917584291e-06,5.47611923936504e-06,5.02890940618207e-06,1.74850922972043e-06,1.75167883476544e-06,1.82929838225765e-06,100,100
2.792,0,0,0,0,0,5.58990199135691e-06,5.47615862448816e-06,5.028898876734e-06,1.74851892168474e-06,1.75167240453172e-06,1.82927582497799e-06,100,100
2.793,0,0,0,0,0,5.58991491952388e-06,5.47619822256027e-06,5.02888818409198e-06,1.74852938984941e-06,1.75166605377598e-06,1.82925360381231e-06,100,100
2.794,0,0,0,0,0,5.58992793685322e-06,5.47623765689315e-06,5.02887746727441e-06,1.74854056203729e-06,1.75165990855451e-06,1.82923184723378e-06,100,100
2.795,0,0,0,0,0,5.58994099051104e-06,5.47627656814289e-06,5.02886685517453e-06,1.7485523603941e-06,1.75165406846778e-06,1.82921072979629e-06,100,100
2.796,0,0,0,0,0,5.58995402101785e-06,5.47631461564525e-06,5.02885645305186e-06,1.74856470716561e-06,1.75164859593793e-06,1.82919045427165e-06,100,100
2.797,0,0,0,0,0,5.58996696483693e-06,5.47635146736661e-06,5.02884636150285e-06,1.74857753533893e-06,1.75164355850846e-06,1.82917116137921e-06,100,100
2.798,0,0,0,0,0,5.58997974222687e-06,5.47638680487433e-06,5.02883666170628e-06,1.7485907712443e-06,1.75163902966862e-06,1.82915296392244e-06,100,100
2.799,0,0,0,0,0,5.58999227001602e-06,5.47642034564455e-06,5.02882739992318e-06,1.74860430896481e-06,1.75163505363693e-06,1.82913600251369e-06,100,100
2.8,0,0,0,0,0,5.5900044817387e-06,5.47645185541233e-06,5.02881860506029e-06,1.74861803600327e-06,1.75163164921647e-06,1.82912039530661e-06,100,100
2.801,0,0,0,0,0,5.59001632974392e-06,5.47648114194623e-06,5.02881030026575e-06,1.74863182212773e-06,1.75162879747531e-06,1.82910620589292e-06,100,100
2.802,0,0,0,0,0,5.59002777005072e-06,5.47650807557143e-06,5.02880251115796e-06,1.74864549243578e-06,1.75162643776705e-06,1.82909347330757e-06,100,100
2.803,0,0,0,0,0,5.59003875075815e-06,5.47653259633266e-06,5.02879527429811e-06,1.74865887458344e-06,1.75162450148804e-06,1.82908220506032e-06,100,100
2.804,0,0,0,0,0,5.59004920406334e-06,5.4765546585384e-06,5.02878861253579e-06,1.74867181679859e-06,1.75162292360579e-06,1.8290723855462e-06,100,100
2.805,0,0,0,0,0,5.59005906582062e-06,5.47657422748181e-06,5.02878251919599e-06,1.74868416430829e-06,1.75162162012971e-06,1.82906400257691e-06,100,100
2.806,0,0,0,0,0,5.59006827691384e-06,5.47659131988281e-06,5.02877698916793e-06,1.74869577918197e-06,1.75162049299336e-06,1.8290570338642e-06,100,100
2.807,0,0,0,0,0,5.59007677261117e-06,5.47660599598652e-06,5.02877201322017e-06,1.74870656121517e-06,1.75161946238327e-06,1.82905144390318e-06,100,100
2.808,0,0,0,0,0,5.5900844962351e-06,5.47661833754808e-06,5.02876756447552e-06,1.74871643636699e-06,1.75161847737125e-06,1.82904715589547e-06,100,100
2.809,0,0,0,0,0,5.59009139195468e-06,5.47662844092395e-06,5.02876360756029e-06,1.74872533675375e-06,1.75161748260082e-06,1.82904406320027e-06,100,100
2.81,0,0,0,0,0,5.59009739004453e-06,5.47663641713091e-06,5.02876008986941e-06,1.74873318680908e-06,1.7516163915741e-06,1.8290420590362e-06,100,100
2.811,0,0,0,0,0,5.59010242625543e-06,5.47664239439878e-06,5.02875693220127e-06,1.74873993471351e-06,1.75161512926818e-06,1.82904101103464e-06,100,100
2.812,0,0,0,0,0,5.59010644994463e-06,5.47664651478238e-06,5.02875404792547e-06,1.74874557781329e-06,1.75161366626219e-06,1.82904077630034e-06,100,100
2.813,0,0,0,0,0,5.59010941381863e-06,5.47664893945902e-06,5.02875136651754e-06,1.74875013929709e-06,1.7516119938592e-06,1.82904122268124e-06,100,100
2.814,0,0,0,0,0,5.59011128397673e-06,5.47664983824401e-06,5.02874883326756e-06,1.74875364205525e-06,1.7516100966368e-06,1.82904223883497e-06,100,100
2.815,0,0,0,0,0,5.59011204254883e-06,5.4766493740441e-06,5.02874640712545e-06,1.74875611159899e-06,1.75160795738622e-06,1.82904373882356e-06,100,100
2.816,0,0,0,0,0,5.59011168039749e-06,5.47664771410243e-06,5.02874405566789e-06,1.74875760674166e-06,1.75160557534623e-06,1.82904563676396e-06,100,100
2.817,0,0,0,0,0,5.59011019402071e-06,5.47664503191617e-06,5.02874174447692e-06,1.74875821146156e-06,1.75160296691795e-06,1.82904784165259e-06,100,100
2.818,0,0,0,0,0,5.59010758375765e-06,5.47664150138156e-06,5.02873942867258e-06,1.74875800962051e-06,1.75160015733491e-06,1.82905027518344e-06,100,100
2.819,0,0,0,0,0,5.59010386290495e-06,5.47663729033974e-06,5.02873705551039e-06,1.74875709317529e-06,1.75159718107502e-06,1.82905286423912e-06,100,100
2.82,0,0,0,0,0,5.59009906212482e-06,5.47663255095205e-06,5.02873457010247e-06,1.74875556975905e-06,1.75159408213562e-06,1.82905552343723e-06,100,100
2.821,0,0,0,0,0,5.5900932156261e-06,5.47662741677662e-06,5.02873191642553e-06,1.7487535582769e-06,1.75159091349432e-06,1.82905817503075e-06,100,100
2.822,0,0,0,0,0,5.59008635438819e-06,5.47662200365514e-06,5.0287290400775e-06,1.74875118286935e-06,1.75158773842596e-06,1.82906076492426e-06,100,100
2.823,0,0,0,0,0,5.59007851656684e-06,5.47661641919773e-06,5.02872588606694e-06,1.74874856690453e-06,1.75158462710242e-06,1.82906324415523e-06,100,100
2.824,0,0,0,0,0,5.5900697490608e-06,5.47661076203715e-06,5.02872239625623e-06,1.74874582411828e-06,1.75158164879266e-06,1.82906556255977e-06,100,100
2.825,0,0,0,0,0,5.59006010707741e-06,5.47660511721329e-06,5.02871851521893e-06,1.74874305971409e-06,1.7515788685187e-06,1.82906768258403e-06,100,100
2.826,0,0,0,0,0,5.59004965835347e-06,5.47659956402178e-06,5.02871419702516e-06,1.748740373639e-06,1.7515763496962e-06,1.82906957514736e-06,100,100
2.827,0,0,0,0,0,5.59003846990655e-06,5.47659416343234e-06,5.028709402915e-06,1.74873784999055e-06,1.75157415154955e-06,1.82907121141375e-06,100,100
2.828,0,0,0,0,0,5.5900266011572e-06,5.47658895336993e-06,5.0287040954766e-06,1.74873555679542e-06,1.75157232812131e-06,1.82907257661318e-06,100,100
2.829,0,0,0,0,0,5.59001411124309e-06,5.47658395968129e-06,5.02869823592779e-06,1.74873355435396e-06,1.75157093214753e-06,1.82907367730231e-06,100,100
2.83,0,0,0,0,0,5.59000105832638e-06,5.47657919395834e-06,5.02869178894831e-06,1.74873189282453e-06,1.75157001105703e-06,1.829074530215e-06,100,100
2.831,0,0,0,0,0,5.58998750972044e-06,5.47657466357708e-06,5.02868473448945e-06,1.74873061101674e-06,1.75156960457648e-06,1.82907515492342e-06,100,100
2.832,0,0,0,0,0,5.58997355644702e-06,5.47657038233509e-06,5.02867707067729e-06,1.74872973440333e-06,1.75156974420936e-06,1.82907557113255e-06,100,100
2.833,0,0,0,0,0,5.58995931612856e-06,5.4765663740385e-06,5.02866881616217e-06,1.74872926942496e-06,1.75157045176491e-06,1.82907579820408e-06,100,100
2.834,0,0,0,0,0,5.58994490685269e-06,5.47656265412392e-06,5.02866000288712e-06,1.74872920654332e-06,1.75157174137889e-06,1.82907585921817e-06,100,100
2.835,0,0,0,0,0,5.58993042266598e-06,5.47655921276475e-06,5.02865066573417e-06,1.74872952612875e-06,1.75157362114973e-06,1.82907578059282e-06,100,100
2.836,0,0,0,0,0,5.58991594829387e-06,5.47655603612799e-06,5.02864084613699e-06,1.74873020057023e-06,1.75157609187375e-06,1.82907559156376e-06,100,100
2.837,0,0,0,0,0,5.5899015700053e-06,5.47655312078656e-06,5.02863058723103e-06,1.74873120442677e-06,1.75157914280081e-06,1.82907532270446e-06,100,100
2.838,0,0,0,0,0,5.58988737968419e-06,5.47655046687828e-06,5.02861992478588e-06,1.74873251803139e-06,1.75158275381881e-06,1.82907500059749e-06,100,100
2.839,0,0,0,0,0,5.58987348344258e-06,5.47654808046416e-06,5.02860889814299e-06,1.7487341226564e-06,1.75158690126724e-06,1.82907464625562e-06,100,100
2.84,0,0,0,0,0,5.58985997727706e-06,5.47654595943331e-06,5.02859756816908e-06,1.74873600291545e-06,1.75159155813182e-06,1.82907427821593e-06,100,100
2.841,0,0,0,0,0,5.58984691292482e-06,5.47654406391308e-06,5.02858600840325e-06,1.74873814207485e-06,1.7515966885097e-06,1.82907391437097e-06,100,100
2.842,0,0,0,0,0,5.58983431649554e-06,5.47654233562455e-06,5.02857429433398e-06,1.74874052205646e-06,1.75160225414057e-06,1.82907357106605e-06,100,100
2.843,0,0,0,0,0,5.58982221506327e-06,5.47654072670548e-06,5.02856250301638e-06,1.74874312639717e-06,1.75160821436235e-06,1.82907326265133e-06,100,100
2.844,0,0,0,0,0,5.58981062653246e-06,5.4765391842681e-06,5.0285506996727e-06,1.74874593433162e-06,1.75161451083369e-06,1.82907300026577e-06,100,100
2.845,0,0,0,0,0,5.58979956845652e-06,5.47653765851349e-06,5.02853893853158e-06,1.74874892150844e-06,1.75162107538353e-06,1.82907279171936e-06,100,100
2.846,0,0,0,0,0,5.5897890628059e-06,5.47653611505358e-06,5.02852727426134e-06,1.74875205563708e-06,1.7516278441828e-06,1.82907264400161e-06,100,100
2.847,0,0,0,0,0,5.5897791267721e-06,5.47653451887108e-06,5.02851575584763e-06,1.74875529086115e-06,1.75163475958852e-06,1.8290725627936e-06,100,100
2.848,0,0,0,0,0,5.58976978597888e-06,5.47653283772982e-06,5.02850442618725e-06,1.74875857852474e-06,1.7516417711984e-06,1.8290725494364e-06,100,100
2.849,0,0,0,0,0,5.58976105420402e-06,5.47653103331826e-06,5.02849333057438e-06,1.74876187568502e-06,1.75164883271532e-06,1.82907260181386e-06,100,100
2.85,0,0,0,0,0,5.58975292704859e-06,5.47652907300593e-06,5.02848251602298e-06,1.74876515199529e-06,1.75165590229018e-06,1.82907271682198e-06,100,100
2.851,0,0,0,0,0,5.58974539523585e-06,5.47652693742173e-06,5.02847202703955e-06,1.7487683865982e-06,1.75166294776312e-06,1.82907288993281e-06,100,100
2.852,0,0,0,0,0,5.58973843174636e-06,5.47652459082815e-06,5.02846190675712e-06,1.74877155013167e-06,1.75166993346028e-06,1.82907311516701e-06,100,100
2.853,0,0,0,0,0,5.58973200012722e-06,5.4765219898823e-06,5.02845219657621e-06,1.74877461864549e-06,1.7516768191584e-06,1.82907338545704e-06,100,100
2.854,0,0,0,0,0,5.58972606897415e-06,5.4765191054069e-06,5.0284429270429e-06,1.74877759206256e-06,1.75168357591498e-06,1.82907369405241e-06,100,100
2.855,0,0,0,0,0,5.58972061192616e-06,5.4765159235511e-06,5.02843411466031e-06,1.74878046986322e-06,1.75169016906636e-06,1.82907403726627e-06,100,100
2.856,0,0,0,0,0,5.58971560184582e-06,5.47651243295786e-06,5.02842577646279e-06,1.74878322976346e-06,1.75169655254737e-06,1.82907441222502e-06,100,100
2.857,0,0,0,0,0,5.58971100615142e-06,5.47650861596837e-06,5.02841793201889e-06,1.74878584548268e-06,1.75170268365561e-06,1.82907481474697e-06,100,100
2.858,0,0,0,0,0,5.5897067921781e-06,5.47650446082619e-06,5.02841059280536e-06,1.74878830854378e-06,1.75170852397029e-06,1.82907524208011e-06,100,100
2.859,0,0,0,0,0,5.58970293104398e-06,5.47649997084422e-06,5.02840376657199e-06,1.74879062044683e-06,1.75171404310918e-06,1.82907569196683e-06,100,100
2.86,0,0,0,0,0,5.58969938504716e-06,5.47649515480187e-06,5.02839745801195e-06,1.74879277465342e-06,1.75171920806064e-06,1.8290761609182e-06,100,100
2.861,0,0,0,0,0,5.58969611597949e-06,5.47649002479623e-06,5.0283916605872e-06,1.74879476115832e-06,1.75172398333969e-06,1.82907664591929e-06,100,100
2.862,0,0,0,0,0,5.58969309678086e-06,5.47648460091236e-06,5.02838636133339e-06,1.74879656861816e-06,1.75172834547426e-06,1.8290771448772e-06,93,94
2.863,0,0,0,0,0,5.58968854195622e-06,5.47647715372887e-06,5.02838154669934e-06,1.74879216770993e-06,1.75172626284995e-06,1.82907765634972e-06,65,80
2.864,0,0,0,0,0,5.58968854195622e-06,5.47646974521275e-06,5.02838154669934e-06,1.74879216770993e-06,1.75172626284995e-06,1.82907813901314e-06,15,40
2.865,0,0,0,0,0,5.58968854195622e-06,5.47646974521275e-06,5.02838154669934e-06,1.74879216770993e-06,1.75172626284995e-06,1.8290786315722e-06,1,6
2.866,0,0,0,0,0,5.58968854195622e-06,5.47646974521275e-06,5.02838154669934e-06,1.74879216770993e-06,1.75172626284995e-06,1.8290786315722e-06,0,0
2.867,0,0,0,0,0,5.58968854195622e-06,5.47646974521275e-06,5.02838154669934e-06,1.74879216770993e-06,1.75172626284995e-06,1.8290786315722e-06,0,0
2.868,0,0,0,0,0,5.58968854195622e-06,5.47646974521275e-06,5.02838154669934e-06,1.74879216770993e-06,1.75172626284995e-06,1.8290786315722e-06,0,0
2.869,0,0,0,0,0,5.58968854195622e-06,5.47646974521275e-06,5.02838154669934e-06,1.74879216770993e-06,1.75172626284995e-06,1.8290786315722e-06,0,0
2.87,0,0,0,0,0,5.58968854195622e-06,5.47646974521275e-06,5.02838154669934e-06,1.74879216770993e-06,1.75172626284995e-06,1.8290786315722e-06,0,0
2.871,0,0,0,0,0,5.58968854195622e-06,5.47646974521275e-06,5.02838154669934e-06,1.74879216770993e-06,1.75172626284995e-06,1.8290786315722e-06,0,0
2.872,0,0,0,0,0,5.58968854195622e-06,5.47646974521275e-06,5.02838154669934e-06,1.74879216770993e-06,1.75172626284995e-06,1.8290786315722e-06,0,0
2.873,0,0,0,0,0,5.58968854195622e-06,5.47646974521275e-06,5.02838154669934e-06,1.74879216770993e-06,1.75172626284995e-06,1.8290786315722e-06,0,0
2.874,0,0,0,0,0,5.58968854195622e-06,5.47646974521275e-06,5.02838154669934e-06,1.74879216770993e-06,1.75172626284995e-06,1.8290786315722e-06,0,0
2.875,0,0,0,0,0,5.58968854195622e-06,5.47646974521275e-06,5.02838154669934e-06,1.74879216770993e-06,1.75172626284995e-06,1.8290786315722e-06,0,0
2.876,0,0,0,0,0,5.58968854195622e-06,5.47646974521275e-06,5.02838154669934e-06,1.74879216770993e-06,1.75172626284995e-06,1.8290786315722e-06,0,0
2.877,0,0,0,0,0,5.58968854195622e-06,5.47646974521275e-06,5.02838154669934e-06,1.74879216770993e-06,1.75172626284995e-06,1.8290786315722e-06,0,0
2.878,0,0,0,0,0,5.58968854195622e-06,5.47646974521275e-06,5.02838154669934e-06,1.74879216770993e-06,1.75172626284995e-06,1.8290786315722e-06,0,0
2.879,0,0,0,0,0,5.58968854195622e-06,5.47646974521275e-06,5.02838154669934e-06,1.74879216770993e-06,1.75172626284995e-06,1.8290786315722e-06,0,0
2.88,0,0,0,0,0,5.58968854195622e-06,5.47646974521275e-06,5.02838154669934e-06,1.74879216770993e-06,1.75172626284995e-06,1.8290786315722e-06,0,0
2.881,0,0,0,0,0,5.58968854195622e-06,5.47646974521275e-06,5.02838154669934e-06,1.74879216770993e-06,1.75172626284995e-06,1.8290786315722e-06,0,0
2.882,0,0,0,0,0,5.58968854195622e-06,5.47646974521275e-06,5.02838154669934e-06,1.74879216770993e-06,1.75172626284995e-06,1.8290786315722e-06,0,0
2.883,0,0,0,0,0,5.58968854195622e-06,5.47646974521275e-06,5.02838154669934e-06,1.74879216770993e-06,1.75172626284995e-06,1.8290786315722e-06,0,0
2.884,0,0,0,0,0,5.58968854195622e-06,5.47646974521275e-06,5.02838154669934e-06,1.74879216770993e-06,1.75172626284995e-06,1.8290786315722e-06,0,0
2.885,0,0,0,0,0,5.58968854195622e-06,5.47646974521275e-06,5.02838154669934e-06,1.74879216770993e-06,1.75172626284995e-06,1.8290786315722e-06,0,0
2.886,0,0,0,0,0,5.58968854195622e-06,5.47646974521275e-06,5.02838154669934e-06,1.74879216770993e-06,1.75172626284995e-06,1.8290786315722e-06,0,0
2.887,0,0,0,0,0,5.58968854195622e-06,5.47646974521275e-06,5.02838154669934e-06,1.74879216770993e-06,1.75172626284995e-06,1.8290786315722e-06,0,0
2.888,0,0,0,0,0,5.58968854195622e-06,5.47646974521275e-06,5.02838154669934e-06,1.74879216770993e-06,1.75172626284995e-06,1.8290786315722e-06,0,0
2.889,0,0,0,0,0,5.58968854195622e-06,5.47646974521275e-06,5.02838154669934e-06,1.74879216770993e-06,1.75172626284995e-06,1.8290786315722e-06,0,0
2.89,0,0,0,0,0,5.58968854195622e-06,5.47646974521275e-06,5.02838154669934e-06,1.74879216770993e-06,1.75172626284995e-06,1.8290786315722e-06,0,0
2.891,0,0,0,0,0,5.58968854195622e-06,5.47646974521275e-06,5.02838154669934e-06,1.74879216770993e-06,1.75172626284995e-06,1.8290786315722e-06,0,0
2.892,0,0,0,0,0,5.58968854195622e-06,5.47646974521275e-06,5.02838154669934e-06,1.74879216770993e-06,1.75172626284995e-06,1.8290786315722e-06,0,0
2.893,0,0,0,0,0,5.58968854195622e-06,5.47646974521275e-06,5.02838154669934e-06,1.74879216770993e-06,1.75172626284995e-06,1.8290786315722e-06,0,0
2.894,0,0,0,0,0,5.58968854195622e-06,5.47646974521275e-06,5.02838154669934e-06,1.74879216770993e-06,1.75172626284995e-06,1.8290786315722e-06,0,0
2.895,0,0,0,0,0,5.58968854195622e-06,5.47646974521275e-06,5.02838154669934e-06,1.74879216770993e-06,1.75172626284995e-06,1.8290786315722e-06,0,0
2.896,0,0,0,0,0,5.58968854195622e-06,5.47646974521275e-06,5.02838154669934e-06,1.74879216770993e-06,1.75172626284995e-06,1.8290786315722e-06,0,0
2.897,0,0,0,0,0,5.58968854195622e-06,5.47646974521275e-06,5.02838154669934e-06,1.74879216770993e-06,1.75172626284995e-06,1.8290786315722e-06,0,0
2.898,0,0,0,0,0,5.58968854195622e-06,5.47646974521275e-06,5.02838154669934e-06,1.74879216770993e-06,1.75172626284995e-06,1.8290786315722e-06,0,0
2.899,0,0,0,0,0,5.58968854195622e-06,5.47646974521275e-06,5.02838154669934e-06,1.74879216770993e-06,1.75172626284995e-06,1.8290786315722e-06,0,0
2.9,0,0,0,0,0,5.58968854195622e-06,5.47646974521275e-06,5.02838154669934e-06,1.74879216770993e-06,1.75172626284995e-06,1.8290786315722e-06,0,0
2.901,0,0,0,0,0,5.58968854195622e-06,5.47646974521275e-06,5.02838154669934e-06,1.74879216770993e-06,1.75172626284995e-06,1.8290786315722e-06,0,0
2.902,0,0,0,0,0,5.58968854195622e-06,5.47646974521275e-06,5.02838154669934e-06,1.74879216770993e-06,1.75172626284995e-06,1.8290786315722e-06,0,0
2.903,0,0,0,0,0,5.58968854195622e-06,5.47646974521275e-06,5.02838154669934e-06,1.74879216770993e-06,1.75172626284995e-06,1.8290786315722e-06,0,0
2.904,0,0,0,0,0,5.58968854195622e-06,5.47646974521275e-06,5.02838154669934e-06,1.74879216770993e-06,1.75172626284995e-06,1.8290786315722e-06,0,0
2.905,0,0,0,0,0,5.58968854195622e-06,5.47646974521275e-06,5.02838154669934e-06,1.74879216770993e-06,1.75172626284995e-06,1.8290786315722e-06,0,0
2.906,0,0,0,0,0,5.58968854195622e-06,5.47646974521275e-06,5.02838154669934e-06,1.74879216770993e-06,1.75172626284995e-06,1.8290786315722e-06,0,0
2.907,0,0,0,0,0,5.58968854195622e-06,5.47646974521275e-06,5.02838154669934e-06,1.74879216770993e-06,1.75172626284995e-06,1.8290786315722e-06,0,0
2.908,0,0,0,0,0,5.58968854195622e-06,5.47646974521275e-06,5.02838154669934e-06,1.74879216770993e-06,1.75172626284995e-06,1.8290786315722e-06,0,0
2.909,0,0,0,0,0,5.58968854195622e-06,5.47646974521275e-06,5.02838154669934e-06,1.74879216770993e-06,1.75172626284995e-06,1.8290786315722e-06,0,0
2.91,0,0,0,0,0,5.58968854195622e-06,5.47646974521275e-06,5.02838154669934e-06,1.74879216770993e-06,1.75172626284995e-06,1.8290786315722e-06,0,0
2.911,0,0,0,0,0,5.58968854195622e-06,5.47646974521275e-06,5.02838154669934e-06,1.74879216770993e-06,1.75172626284995e-06,1.8290786315722e-06,0,0
2.912,0,0,0,0,0,5.58968854195622e-06,5.47646974521275e-06,5.02838154669934e-06,1.74879216770993e-06,1.75172626284995e-06,1.8290786315722e-06,0,0
2.913,0,0,0,0,0,5.58968854195622e-06,5.47646974521275e-06,5.02838154669934e-06,1.74879216770993e-06,1.75172626284995e-06,1.8290786315722e-06,0,0
2.914,0,0,0,0,0,5.58968854195622e-06,5.47646974521275e-06,5.02838154669934e-06,1.74879216770993e-06,1.75172626284995e-06,1.8290786315722e-06,0,0
2.915,0,0,0,0,0,5.58968854195622e-06,5.47646974521275e-06,5.02838154669934e-06,1.74879216770993e-06,1.75172626284995e-06,1.8290786315722e-06,0,0
2.916,0,0,0,0,0,5.58968854195622e-06,5.47646974521275e-06,5.02838154669934e-06,1.74879216770993e-06,1.75172626284995e-06,1.8290786315722e-06,0,0
2.917,0,0,0,0,0,5.58968854195622e-06,5.47646974521275e-06,5.02838154669934e-06,1.74879216770993e-06,1.75172626284995e-06,1.8290786315722e-06,0,0
2.918,0,0,0,0,0,5.58968854195622e-06,5.47646974521275e-06,5.02838154669934e-06,1.74879216770993e-06,1.75172626284995e-06,1.8290786315722e-06,0,0
2.919,0,0,0,0,0,5.58968854195622e-06,5.47646974521275e-06,5.02838154669934e-06,1.74879216770993e-06,1.75172626284995e-06,1.8290786315722e-06,0,0
2.92,0,0,0,0,0,5.58968854195622e-06,5.47646974521275e-06,5.02838154669934e-06,1.74879216770993e-06,1.75172626284995e-06,1.8290786315722e-06,0,0
2.921,0,0,0,0,0,5.58968854195622e-06,5.47646974521275e-06,5.02838154669934e-06,1.74879216770993e-06,1.75172626284995e-06,1.8290786315722e-06,0,0
2.922,0,0,0,0,0,5.58968854195622e-06,5.47646974521275e-06,5.02838154669934e-06,1.74879216770993e-06,1.75172626284995e-06,1.8290786315722e-06,0,0
2.923,0,0,0,0,0,5.58968854195622e-06,5.47646974521275e-06,5.02838154669934e-06,1.74879216770993e-06,1.75172626284995e-06,1.8290786315722e-06,0,0
2.924,0,0,0,0,0,5.58968854195622e-06,5.47646974521275e-06,5.02838154669934e-06,1.74879216770993e-06,1.75172626284995e-06,1.8290786315722e-06,0,0
2.925,0,0,0,0,0,5.58968854195622e-06,5.47646974521275e-06,5.02838154669934e-06,1.74879216770993e-06,1.75172626284995e-06,1.8290786315722e-06,0,0
2.926,0,0,0,0,0,5.58968854195622e-06,5.47646974521275e-06,5.02838154669934e-06,1.74879216770993e-06,1.75172626284995e-06,1.8290786315722e-06,0,0
2.927,0,0,0,0,0,5.58968854195622e-06,5.47646974521275e-06,5.02838154669934e-06,1.74879216770993e-06,1.75172626284995e-06,1.8290786315722e-06,0,0
2.928,0,0,0,0,0,5.58968854195622e-06,5.47646974521275e-06,5.02838154669934e-06,1.74879216770993e-06,1.75172626284995e-06,1.8290786315722e-06,0,0
2.929,0,0,0,0,0,5.58968854195622e-06,5.47646974521275e-06,5.02838154669934e-06,1.74879216770993e-06,1.75172626284995e-06,1.8290786315722e-06,0,0
2.93,0,0,0,0,0,5.58968854195622e-06,5.47646974521275e-06,5.02838154669934e-06,1.74879216770993e-06,1.75172626284995e-06,1.8290786315722e-06,0,0
2.931,0,0,0,0,0,5.58968854195622e-06,5.47646974521275e-06,5.02838154669934e-06,1.74879216770993e-06,1.75172626284995e-06,1.8290786315722e-06,0,0
2.932,0,0,0,0,0,5.58968854195622e-06,5.47646974521275e-06,5.02838154669934e-06,1.74879216770993e-06,1.75172626284995e-06,1.8290786315722e-06,0,0
2.933,0,0,0,0,0,5.58968854195622e-06,5.47646974521275e-06,5.02838154669934e-06,1.74879216770993e-06,1.75172626284995e-06,1.8290786315722e-06,0,0
2.934,0,0,0,0,0,5.58968854195622e-06,5.47646974521275e-06,5.02838154669934e-06,1.74879216770993e-06,1.75172626284995e-06,1.8290786315722e-06,0,0
2.935,0,0,0,0,0,5.58968854195622e-06,5.47646974521275e-06,5.02838154669934e-06,1.74879216770993e-06,1.75172626284995e-06,1.8290786315722e-06,0,0
2.936,0,0,0,0,0,5.58968854195622e-06,5.47646974521275e-06,5.02838154669934e-06,1.74879216770993e-06,1.75172626284995e-06,1.8290786315722e-06,0,0
2.937,0,0,0,0,0,5.58968854195622e-06,5.47646974521275e-06,5.02838154669934e-06,1.74879216770993e-06,1.75172626284995e-06,1.8290786315722e-06,0,0
2.938,0,0,0,0,0,5.58968854195622e-06,5.47646974521275e-06,5.02838154669934e-06,1.74879216770993e-06,1.75172626284995e-06,1.8290786315722e-06,0,0
2.939,0,0,0,0,0,5.58968854195622e-06,5.47646974521275e-06,5.02838154669934e-06,1.74879216770993e-06,1.75172626284995e-06,1.8290786315722e-06,0,0
2.94,0,0,0,0,0,5.58968854195622e-06,5.47646974521275e-06,5.02838154669934e-06,1.74879216770993e-06,1.75172626284995e-06,1.8290786315722e-06,0,0
2.941,0,0,0,0,0,5.58968854195622e-06,5.47646974521275e-06,5.02838154669934e-06,1.74879216770993e-06,1.75172626284995e-06,1.8290786315722e-06,0,0
2.942,0,0,0,0,0,5.58968854195622e-06,5.47646974521275e-06,5.02838154669934e-06,1.74879216770993e-06,1.75172626284995e-06,1.8290786315722e-06,0,0
2.943,0,0,0,0,0,5.58968854195622e-06,5.47646974521275e-06,5.02838154669934e-06,1.74879216770993e-06,1.75172626284995e-06,1.8290786315722e-06,0,0
2.944,0,0,0,0,0,5.58968854195622e-06,5.47646974521275e-06,5.02838154669934e-06,1.74879216770993e-06,1.75172626284995e-06,1.8290786315722e-06,0,0
2.945,0,0,0,0,0,5.58968854195622e-06,5.47646974521275e-06,5.02838154669934e-06,1.74879216770993e-06,1.75172626284995e-06,1.8290786315722e-06,0,0
2.946,0,0,0,0,0,5.58968854195622e-06,5.47646974521275e-06,5.02838154669934e-06,1.74879216770993e-06,1.75172626284995e-06,1.8290786315722e-06,0,0
2.947,0,0,0,0,0,5.58968854195622e-06,5.47646974521275e-06,5.02838154669934e-06,1.74879216770993e-06,1.75172626284995e-06,1.8290786315722e-06,0,0
2.948,0,0,0,0,0,5.58968854195622e-06,5.47646974521275e-06,5.02838154669934e-06,1.74879216770993e-06,1.75172626284995e-06,1.8290786315722e-06,0,0
2.949,0,0,0,0,0,5.58968854195622e-06,5.47646974521275e-06,5.02838154669934e-06,1.74879216770993e-06,1.75172626284995e-06,1.8290786315722e-06,0,0
2.95,0,0,0,0,0,5.58968854195622e-06,5.47646974521275e-06,5.02838154669934e-06,1.74879216770993e-06,1.75172626284995e-06,1.8290786315722e-06,0,0
2.951,0,0,0,0,0,5.58968854195622e-06,5.47646974521275e-06,5.02838154669934e-06,1.74879216770993e-06,1.75172626284995e-06,1.8290786315722e-06,0,0
2.952,0,0,0,0,0,5.58968854195622e-06,5.47646974521275e-06,5.02838154669934e-06,1.74879216770993e-06,1.75172626284995e-06,1.8290786315722e-06,0,0
2.953,0,0,0,0,0,5.58968854195622e-06,5.47646974521275e-06,5.02838154669934e-06,1.74879216770993e-06,1.75172626284995e-06,1.8290786315722e-06,0,0
2.954,0,0,0,0,0,5.58968854195622e-06,5.47646974521275e-06,5.02838154669934e-06,1.74879216770993e-06,1.75172626284995e-06,1.8290786315722e-06,0,0
2.955,0,0,0,0,0,5.58968854195622e-06,5.47646974521275e-06,5.02838154669934e-06,1.74879216770993e-06,1.75172626284995e-06,1.8290786315722e-06,0,0
2.956,0,0,0,0,0,5.58968854195622e-06,5.47646974521275e-06,5.02838154669934e-06,1.74879216770993e-06,1.75172626284995e-06,1.8290786315722e-06,0,0
2.957,0,0,0,0,0,5.58968854195622e-06,5.47646974521275e-06,5.02838154669934e-06,1.74879216770993e-06,1.75172626284995e-06,1.8290786315722e-06,0,0
2.958,0,0,0,0,0,5.58968854195622e-06,5.47646974521275e-06,5.02838154669934e-06,1.74879216770993e-06,1.75172626284995e-06,1.8290786315722e-06,0,0
2.959,0,0,0,0,0,5.58968854195622e-06,5.47646974521275e-06,5.02838154669934e-06,1.74879216770993e-06,1.75172626284995e-06,1.8290786315722e-06,0,0
2.96,0,0,0,0,0,5.58968854195622e-06,5.47646974521275e-06,5.02838154669934e-06,1.74879216770993e-06,1.75172626284995e-06,1.8290786315722e-06,0,0
2.961,0,0,0,0,0,5.58968854195622e-06,5.47646974521275e-06,5.02838154669934e-06,1.74879216770993e-06,1.75172626284995e-06,1.8290786315722e-06,0,0
2.962,0,0,0,0,0,5.58968854195622e-06,5.47646974521275e-06,5.02838154669934e-06,1.74879216770993e-06,1.75172626284995e-06,1.8290786315722e-06,0,0
2.963,0,0,0,0,0,5.58968854195622e-06,5.47646974521275e-06,5.02838154669934e-06,1.74879216770993e-06,1.75172626284995e-06,1.8290786315722e-06,0,0
2.964,0,0,0,0,0,5.58968854195622e-06,5.47646974521275e-06,5.02838154669934e-06,1.74879216770993e-06,1.75172626284995e-06,1.8290786315722e-06,0,0
2.965,0,0,0,0,0,5.58968854195622e-06,5.47646974521275e-06,5.02838154669934e-06,1.74879216770993e-06,1.75172626284995e-06,1.8290786315722e-06,0,0
2.966,0,0,0,0,0,5.58968854195622e-06,5.47646974521275e-06,5.02838154669934e-06,1.74879216770993e-06,1.75172626284995e-06,1.8290786315722e-06,0,0
2.967,0,0,0,0,0,5.58968854195622e-06,5.47646974521275e-06,5.02838154669934e-06,1.74879216770993e-06,1.75172626284995e-06,1.8290786315722e-06,0,0
2.968,0,0,0,0,0,5.58968854195622e-06,5.47646974521275e-06,5.02838154669934e-06,1.74879216770993e-06,1.75172626284995e-06,1.8290786315722e-06,0,0
2.969,0,0,0,0,0,5.58968854195622e-06,5.47646974521275e-06,5.02838154669934e-06,1.74879216770993e-06,1.75172626284995e-06,1.8290786315722e-06,0,0
2.97,0,0,0,0,0,5.58968854195622e-06,5.47646974521275e-06,5.02838154669934e-06,1.74879216770993e-06,1.75172626284995e-06,1.8290786315722e-06,0,0
2.971,0,0,0,0,0,5.58968854195622e-06,5.47646974521275e-06,5.02838154669934e-06,1.74879216770993e-06,1.75172626284995e-06,1.8290786315722e-06,0,0
2.972,0,0,0,0,0,5.58968854195622e-06,5.47646974521275e-06,5.02838154669934e-06,1.74879216770993e-06,1.75172626284995e-06,1.8290786315722e-06,0,0
2.973,0,0,0,0,0,5.58968854195622e-06,5.47646974521275e-06,5.02838154669934e-06,1.74879216770993e-06,1.75172626284995e-06,1.8290786315722e-06,0,0
2.974,0,0,0,0,0,5.58968854195622e-06,5.47646974521275e-06,5.02838154669934e-06,1.74879216770993e-06,1.75172626284995e-06,1.8290786315722e-06,0,0
2.975,0,0,0,0,0,5.58968854195622e-06,5.47646974521275e-06,5.02838154669934e-06,1.74879216770993e-06,1.75172626284995e-06,1.8290786315722e-06,0,0
2.976,0,0,0,0,0,5.58968854195622e-06,5.47646974521275e-06,5.02838154669934e-06,1.74879216770993e-06,1.75172626284995e-06,1.8290786315722e-06,0,0
2.977,0,0,0,0,0,5.58968854195622e-06,5.47646974521275e-06,5.02838154669934e-06,1.74879216770993e-06,1.75172626284995e-06,1.8290786315722e-06,0,0
2.978,0,0,0,0,0,5.58968854195622e-06,5.47646974521275e-06,5.02838154669934e-06,1.74879216770993e-06,1.75172626284995e-06,1.8290786315722e-06,0,0
2.979,0,0,0,0,0,5.58968854195622e-06,5.47646974521275e-06,5.02838154669934e-06,1.74879216770993e-06,1.75172626284995e-06,1.8290786315722e-06,0,0
2.98,0,0,0,0,0,5.58968854195622e-06,5.47646974521275e-06,5.02838154669934e-06,1.74879216770993e-06,1.75172626284995e-06,1.8290786315722e-06,0,0
2.981,0,0,0,0,0,5.58968854195622e-06,5.47646974521275e-06,5.02838154669934e-06,1.74879216770993e-06,1.75172626284995e-06,1.8290786315722e-06,0,0
2.982,0,0,0,0,0,5.58968854195622e-06,5.47646974521275e-06,5.02838154669934e-06,1.74879216770993e-06,1.75172626284995e-06,1.8290786315722e-06,0,0
2.983,0,0,0,0,0,5.58968854195622e-06,5.47646974521275e-06,5.02838154669934e-06,1.74879216770993e-06,1.75172626284995e-06,1.8290786315722e-06,0,0
2.984,0,0,0,0,0,5.58968854195622e-06,5.47646974521275e-06,5.02838154669934e-06,1.74879216770993e-06,1.75172626284995e-06,1.8290786315722e-06,0,0
2.985,0,0,0,0,0,5.58968854195622e-06,5.47646974521275e-06,5.02838154669934e-06,1.74879216770993e-06,1.75172626284995e-06,1.8290786315722e-06,0,0
2.986,0,0,0,0,0,5.58968854195622e-06,5.47646974521275e-06,5.02838154669934e-06,1.74879216770993e-06,1.75172626284995e-06,1.8290786315722e-06,0,0
2.987,0,0,0,0,0,5.58968854195622e-06,5.47646974521275e-06,5.02838154669934e-06,1.74879216770993e-06,1.75172626284995e-06,1.8290786315722e-06,0,0
2.988,0,0,0,0,0,5.58968854195622e-06,5.47646974521275e-06,5.02838154669934e-06,1.74879216770993e-06,1.75172626284995e-06,1.8290786315722e-06,0,0
2.989,0,0,0,0,0,5.58968854195622e-06,5.47646974521275e-06,5.02838154669934e-06,1.74879216770993e-06,1.75172626284995e-06,1.8290786315722e-06,0,0
2.99,0,0,0,0,0,5.58968854195622e-06,5.47646974521275e-06,5.02838154669934e-06,1.74879216770993e-06,1.75172626284995e-06,1.8290786315722e-06,0,0
2.991,0,0,0,0,0,5.58968854195622e-06,5.47646974521275e-06,5.02838154669934e-06,1.74879216770993e-06,1.75172626284995e-06,1.8290786315722e-06,0,0
2.992,0,0,0,0,0,5.58968854195622e-06,5.47646974521275e-06,5.02838154669934e-06,1.74879216770993e-06,1.75172626284995e-06,1.8290786315722e-06,0,0
2.993,0,0,0,0,0,5.58968854195622e-06,5.47646974521275e-06,5.02838154669934e-06,1.74879216770993e-06,1.75172626284995e-06,1.8290786315722e-06,0,0
2.994,0,0,0,0,0,5.58968854195622e-06,5.47646974521275e-06,5.02838154669934e-06,1.74879216770993e-06,1.75172626284995e-06,1.8290786315722e-06,0,0
2.995,0,0,0,0,0,5.58968854195622e-06,5.47646974521275e-06,5.02838154669934e-06,1.74879216770993e-06,1.75172626284995e-06,1.8290786315722e-06,0,0
2.996,0,0,0,0,0,5.58968854195622e-06,5.47646974521275e-06,5.02838154669934e-06,1.74879216770993e-06,1.75172626284995e-06,1.8290786315722e-06,0,0
2.997,0,0,0,0,0,5.58968854195622e-06,5.47646974521275e-06,5.02838154669934e-06,1.74879216770993e-06,1.75172626284995e-06,1.8290786315722e-06,0,0
2.998,0,0,0,0,0,5.58968854195622e-06,5.47646974521275e-06,5.02838154669934e-06,1.74879216770993e-06,1.75172626284995e-06,1.8290786315722e-06,0,0
2.999,0,0,0,0,0,5.58968854195622e-06,5.47646974521275e-06,5.02838154669934e-06,1.74879216770993e-06,1.75172626284995e-06,1.8290786315722e-06,0,0
3,0,0,0,0,0,5.58968854195622e-06,5.47646974521275e-06,5.02838154669934e-06,1.74879216770993e-06,1.75172626284995e-06,1.8290786315722e-06,0,0
3.001,0,0,0,0,0,5.58968854195622e-06,5.47646974521275e-06,5.02838154669934e-06,1.74879216770993e-06,1.75172626284995e-06,1.8290786315722e-06,0,0
3.002,0,0,0,0,0,5.58968854195622e-06,5.47646974521275e-06,5.02838154669934e-06,1.74879216770993e-06,1.75172626284995e-06,1.8290786315722e-06,0,0
3.003,0,0,0,0,0,5.58968854195622e-06,5.47646974521275e-06,5.02838154669934e-06,1.74879216770993e-06,1.75172626284995e-06,1.8290786315722e-06,0,0
3.004,0,0,0,0,0,5.58968854195622e-06,5.47646974521275e-06,5.02838154669934e-06,1.74879216770993e-06,1.75172626284995e-06,1.8290786315722e-06,0,0
3.005,0,0,0,0,0,5.58968854195622e-06,5.47646974521275e-06,5.02838154669934e-06,1.74879216770993e-06,1.75172626284995e-06,1.8290786315722e-06,0,0
3.006,0,0,0,0,0,5.58968854195622e-06,5.47646974521275e-06,5.02838154669934e-06,1.74879216770993e-06,1.75172626284995e-06,1.8290786315722e-06,0,0
3.007,0,0,0,0,0,5.58968854195622e-06,5.47646974521275e-06,5.02838154669934e-06,1.74879216770993e-06,1.75172626284995e-06,1.8290786315722e-06,0,0
3.008,0,0,0,0,0,5.58968854195622e-06,5.47646974521275e-06,5.02838154669934e-06,1.74879216770993e-06,1.75172626284995e-06,1.8290786315722e-06,0,0
3.009,0,0,0,0,0,5.58968854195622e-06,5.47646974521275e-06,5.02838154669934e-06,1.74879216770993e-06,1.75172626284995e-06,1.8290786315722e-06,0,0
3.01,0,0,0,0,0,5.58968854195622e-06,5.47646974521275e-06,5.02838154669934e-06,1.74879216770993e-06,1.75172626284995e-06,1.8290786315722e-06,0,0
3.011,0,0,0,0,0,5.58968854195622e-06,5.47646974521275e-06,5.02838154669934e-06,1.74879216770993e-06,1.75172626284995e-06,1.8290786315722e-06,0,0
3.012,0,0,0,0,0,5.58968854195622e-06,5.47646974521275e-06,5.02838154669934e-06,1.74879216770993e-06,1.75172626284995e-06,1.8290786315722e-06,0,0
3.013,0,0,0,0,0,5.58968854195622e-06,5.47646974521275e-06,5.02838154669934e-06,1.74879216770993e-06,1.75172626284995e-06,1.8290786315722e-06,0,0
3.014,0,0,0,0,0,5.58968854195622e-06,5.47646974521275e-06,5.02838154669934e-06,1.74879216770993e-06,1.75172626284995e-06,1.8290786315722e-06,0,0
3.015,0,0,0,0,0,5.58968854195622e-06,5.47646974521275e-06,5.02838154669934e-06,1.74879216770993e-06,1.75172626284995e-06,1.8290786315722e-06,0,0
3.016,0,0,0,0,0,5.58968854195622e-06,5.47646974521275e-06,5.02838154669934e-06,1.74879216770993e-06,1.75172626284995e-06,1.8290786315722e-06,0,0
3.017,0,0,0,0,0,5.58968854195622e-06,5.47646974521275e-06,5.02838154669934e-06,1.74879216770993e-06,1.75172626284995e-06,1.8290786315722e-06,0,0
3.018,0,0,0,0,0,5.58968854195622e-06,5.47646974521275e-06,5.02838154669934e-06,1.74879216770993e-06,1.75172626284995e-06,1.8290786315722e-06,0,0
3.019,0,0,0,0,0,5.58968854195622e-06,5.47646974521275e-06,5.02838154669934e-06,1.74879216770993e-06,1.75172626284995e-06,1.8290786315722e-06,0,0
3.02,0,0,0,0,0,5.58968854195622e-06,5.47646974521275e-06,5.02838154669934e-06,1.74879216770993e-06,1.75172626284995e-06,1.8290786315722e-06,0,0
3.021,0,0,0,0,0,5.58968854195622e-06,5.47646974521275e-06,5.02838154669934e-06,1.74879216770993e-06,1.75172626284995e-06,1.8290786315722e-06,0,0
3.022,0,0,0,0,0,5.58968854195622e-06,5.47646974521275e-06,5.02838154669934e-06,1.74879216770993e-06,1.75172626284995e-06,1.8290786315722e-06,0,0
3.023,0,0,0,0,0,5.58968854195622e-06,5.47646974521275e-06,5.02838154669934e-06,1.74879216770993e-06,1.75172626284995e-06,1.8290786315722e-06,0,0
3.024,0,0,0,0,0,5.58968854195622e-06,5.47646974521275e-06,5.02838154669934e-06,1.74879216770993e-06,1.75172626284995e-06,1.8290786315722e-06,0,0
3.025,0,0,0,0,0,5.58968854195622e-06,5.47646974521275e-06,5.02838154669934e-06,1.74879216770993e-06,1.75172626284995e-06,1.8290786315722e-06,0,0
3.026,0,0,0,0,0,5.58968854195622e-06,5.47646974521275e-06,5.02838154669934e-06,1.74879216770993e-06,1.75172626284995e-06,1.8290786315722e-06,0,0
3.027,0,0,0,0,0,5.58968854195622e-06,5.47646974521275e-06,5.02838154669934e-06,1.74879216770993e-06,1.75172626284995e-06,1.8290786315722e-06,0,0
3.028,0,0,0,0,0,5.58968854195622e-06,5.47646974521275e-06,5.02838154669934e-06,1.74879216770993e-06,1.75172626284995e-06,1.8290786315722e-06,0,0
3.029,0,0,0,0,0,5.58968854195622e-06,5.47646974521275e-06,5.02838154669934e-06,1.74879216770993e-06,1.75172626284995e-06,1.8290786315722e-06,0,0
3.03,0,0,0,0,0,5.58968854195622e-06,5.47646974521275e-06,5.02838154669934e-06,1.74879216770993e-06,1.75172626284995e-06,1.8290786315722e-06,0,0
3.031,0,0,0,0,0,5.58968854195622e-06,5.47646974521275e-06,5.02838154669934e-06,1.74879216770993e-06,1.75172626284995e-06,1.8290786315722e-06,0,0
3.032,0,0,0,0,0,5.58968854195622e-06,5.47646974521275e-06,5.02838154669934e-06,1.74879216770993e-06,1.75172626284995e-06,1.8290786315722e-06,0,0
3.033,0,0,0,0,0,5.58968854195622e-06,5.47646974521275e-06,5.02838154669934e-06,1.74879216770993e-06,1.75172626284995e-06,1.8290786315722e-06,0,0
3.034,0,0,0,0,0,5.58968854195622e-06,5.47646974521275e-06,5.02838154669934e-06,1.74879216770993e-06,1.75172626284995e-06,1.8290786315722e-06,0,0
3.035,0,0,0,0,0,5.58968854195622e-06,5.47646974521275e-06,5.02838154669934e-06,1.74879216770993e-06,1.75172626284995e-06,1.8290786315722e-06,0,0
3.036,0,0,0,0,0,5.58968854195622e-06,5.47646974521275e-06,5.02838154669934e-06,1.74879216770993e-06,1.75172626284995e-06,1.8290786315722e-06,0,0
3.037,0,0,0,0,0,5.58968854195622e-06,5.47646974521275e-06,5.02838154669934e-06,1.74879216770993e-06,1.75172626284995e-06,1.8290786315722e-06,0,0
3.038,0,0,0,0,0,5.58968854195622e-06,5.47646974521275e-06,5.02838154669934e-06,1.74879216770993e-06,1.75172626284995e-06,1.8290786315722e-06,0,0
3.039,0,0,0,0,0,5.58968854195622e-06,5.47646974521275e-06,5.02838154669934e-06,1.74879216770993e-06,1.75172626284995e-06,1.8290786315722e-06,0,0
3.04,0,0,0,0,0,5.58968854195622e-06,5.47646974521275e-06,5.02838154669934e-06,1.74879216770993e-06,1.75172626284995e-06,1.8290786315722e-06,0,0
3.041,0,0,0,0,0,5.58968854195622e-06,5.47646974521275e-06,5.02838154669934e-06,1.74879216770993e-06,1.75172626284995e-06,1.8290786315722e-06,0,0
3.042,0,0,0,0,0,5.58968854195622e-06,5.47646974521275e-06,5.02838154669934e-06,1.74879216770993e-06,1.75172626284995e-06,1.8290786315722e-06,0,0
3.043,0,0,0,0,0,5.58968854195622e-06,5.47646974521275e-06,5.02838154669934e-06,1.74879216770993e-06,1.75172626284995e-06,1.8290786315722e-06,0,0
3.044,0,0,0,0,0,5.58968854195622e-06,5.47646974521275e-06,5.02838154669934e-06,1.74879216770993e-06,1.75172626284995e-06,1.8290786315722e-06,0,0
3.045,0,0,0,0,0,5.58968854195622e-06,5.47646974521275e-06,5.02838154669934e-06,1.74879216770993e-06,1.75172626284995e-06,1.8290786315722e-06,0,0
3.046,0,0,0,0,0,5.58968854195622e-06,5.47646974521275e-06,5.02838154669934e-06,1.74879216770993e-06,1.75172626284995e-06,1.8290786315722e-06,0,0
3.047,0,0,0,0,0,5.58968854195622e-06,5.47646974521275e-06,5.02838154669934e-06,1.74879216770993e-06,1.75172626284995e-06,1.8290786315722e-06,0,0
3.048,0,0,0,0,0,5.58968854195622e-06,5.47646974521275e-06,5.02838154669934e-06,1.74879216770993e-06,1.75172626284995e-06,1.8290786315722e-06,0,0
3.049,0,0,0,0,0,5.58968854195622e-06,5.47646974521275e-06,5.02838154669934e-06,1.74879216770993e-06,1.75172626284995e-06,1.8290786315722e-06,0,0
3.05,0,0,0,0,0,5.58968854195622e-06,5.47646974521275e-06,5.02838154669934e-06,1.74879216770993e-06,1.75172626284995e-06,1.8290786315722e-06,0,0
3.051,0,0,0,0,0,5.58968854195622e-06,5.47646974521275e-06,5.02838154669934e-06,1.74879216770993e-06,1.75172626284995e-06,1.8290786315722e-06,0,0
3.052,0,0,0,0,0,5.58968854195622e-06,5.47646974521275e-06,5.02838154669934e-06,1.74879216770993e-06,1.75172626284995e-06,1.8290786315722e-06,0,0
3.053,0,0,0,0,0,5.58968854195622e-06,5.47646974521275e-06,5.02838154669934e-06,1.74879216770993e-06,1.75172626284995e-06,1.8290786315722e-06,0,0
3.054,0,0,0,0,0,5.58968854195622e-06,5.47646974521275e-06,5.02838154669934e-06,1.74879216770993e-06,1.75172626284995e-06,1.8290786315722e-06,0,0
3.055,0,0,0,0,0,5.58968854195622e-06,5.47646974521275e-06,5.02838154669934e-06,1.74879216770993e-06,1.75172626284995e-06,1.8290786315722e-06,0,0
3.056,0,0,0,0,0,5.58968854195622e-06,5.47646974521275e-06,5.02838154669934e-06,1.74879216770993e-06,1.75172626284995e-06,1.8290786315722e-06,0,0
3.057,0,0,0,0,0,5.58968854195622e-06,5.47646974521275e-06,5.02838154669934e-06,1.74879216770993e-06,1.75172626284995e-06,1.8290786315722e-06,0,0
3.058,0,0,0,0,0,5.58968854195622e-06,5.47646974521275e-06,5.02838154669934e-06,1.74879216770993e-06,1.75172626284995e-06,1.8290786315722e-06,0,0
3.059,0,0,0,0,0,5.58968854195622e-06,5.47646974521275e-06,5.02838154669934e-06,1.74879216770993e-06,1.75172626284995e-06,1.8290786315722e-06,0,0
3.06,0,0,0,0,0,5.58968854195622e-06,5.47646974521275e-06,5.02838154669934e-06,1.74879216770993e-06,1.75172626284995e-06,1.8290786315722e-06,0,0
3.061,0,0,0,0,0,5.58968854195622e-06,5.47646974521275e-06,5.02838154669934e-06,1.74879216770993e-06,1.75172626284995e-06,1.8290786315722e-06,0,0
3.062,0,0,0,0,0,5.58968854195622e-06,5.47646974521275e-06,5.02838154669934e-06,1.74879216770993e-06,1.75172626284995e-06,1.8290786315722e-06,0,0
3.063,0,0,0,0,0,5.58968854195622e-06,5.47646974521275e-06,5.02838154669934e-06,1.74879216770993e-06,1.75172626284995e-06,1.8290786315722e-06,0,0
3.064,0,0,0,0,0,5.58968854195622e-06,5.47646974521275e-06,5.02838154669934e-06,1.74879216770993e-06,1.75172626284995e-06,1.8290786315722e-06,0,0
3.065,0,0,0,0,0,5.58968854195622e-06,5.47646974521275e-06,5.02838154669934e-06,1.74879216770993e-06,1.75172626284995e-06,1.8290786315722e-06,0,0
3.066,0,0,0,0,0,5.58968854195622e-06,5.47646974521275e-06,5.02838154669934e-06,1.74879216770993e-06,1.75172626284995e-06,1.8290786315722e-06,0,0
3.067,0,0,0,0,0,5.58968854195622e-06,5.47646974521275e-06,5.02838154669934e-06,1.74879216770993e-06,1.75172626284995e-06,1.8290786315722e-06,0,0
3.068,0,0,0,0,0,5.58968854195622e-06,5.47646974521275e-06,5.02838154669934e-06,1.74879216770993e-06,1.75172626284995e-06,1.8290786315722e-06,0,0
3.069,0,0,0,0,0,5.58968854195622e-06,5.47646974521275e-06,5.02838154669934e-06,1.74879216770993e-06,1.75172626284995e-06,1.8290786315722e-06,0,0
3.07,0,0,0,0,0,5.58968854195622e-06,5.47646974521275e-06,5.02838154669934e-06,1.74879216770993e-06,1.75172626284995e-06,1.8290786315722e-06,0,0
3.071,0,0,0,0,0,5.58968854195622e-06,5.47646974521275e-06,5.02838154669934e-06,1.74879216770993e-06,1.75172626284995e-06,1.8290786315722e-06,0,0
3.072,0,0,0,0,0,5.58968854195622e-06,5.47646974521275e-06,5.02838154669934e-06,1.74879216770993e-06,1.75172626284995e-06,1.8290786315722e-06,0,0
3.073,0,0,0,0,0,5.58968854195622e-06,5.47646974521275e-06,5.02838154669934e-06,1.74879216770993e-06,1.75172626284995e-06,1.8290786315722e-06,0,0
3.074,0,0,0,0,0,5.58968854195622e-06,5.47646974521275e-06,5.02838154669934e-06,1.74879216770993e-06,1.75172626284995e-06,1.8290786315722e-06,0,0
3.075,0,0,0,0,0,5.58968854195622e-06,5.47646974521275e-06,5.02838154669934e-06,1.74879216770993e-06,1.75172626284995e-06,1.8290786315722e-06,0,0
3.076,0,0,0,0,0,5.58968854195622e-06,5.47646974521275e-06,5.02838154669934e-06,1.74879216770993e-06,1.75172626284995e-06,1.8290786315722e-06,0,0
3.077,0,0,0,0,0,5.58968854195622e-06,5.47646974521275e-06,5.02838154669934e-06,1.74879216770993e-06,1.75172626284995e-06,1.8290786315722e-06,0,0
3.078,0,0,0,0,0,5.58968854195622e-06,5.47646974521275e-06,5.02838154669934e-06,1.74879216770993e-06,1.75172626284995e-06,1.8290786315722e-06,0,0
3.079,0,0,0,0,0,5.58968854195622e-06,5.47646974521275e-06,5.02838154669934e-06,1.74879216770993e-06,1.75172626284995e-06,1.8290786315722e-06,0,0
3.08,0,0,0,0,0,5.58968854195622e-06,5.47646974521275e-06,5.02838154669934e-06,1.74879216770993e-06,1.75172626284995e-06,1.8290786315722e-06,0,0
3.081,0,0,0,0,0,5.58968854195622e-06,5.47646974521275e-06,5.02838154669934e-06,1.74879216770993e-06,1.75172626284995e-06,1.8290786315722e-06,0,0
3.082,0,0,0,0,0,5.58968854195622e-06,5.47646974521275e-06,5.02838154669934e-06,1.74879216770993e-06,1.75172626284995e-06,1.8290786315722e-06,0,0
3.083,0,0,0,0,0,5.58968854195622e-06,5.47646974521275e-06,5.02838154669934e-06,1.74879216770993e-06,1.75172626284995e-06,1.8290786315722e-06,0,0
3.084,0,0,0,0,0,5.58968854195622e-06,5.47646974521275e-06,5.02838154669934e-06,1.74879216770993e-06,1.75172626284995e-06,1.8290786315722e-06,0,0
3.085,0,0,0,0,0,5.58968854195622e-06,5.47646974521275e-06,5.02838154669934e-06,1.74879216770993e-06,1.75172626284995e-06,1.8290786315722e-06,0,0
3.086,0,0,0,0,0,5.58968854195622e-06,5.47646974521275e-06,5.02838154669934e-06,1.74879216770993e-06,1.75172626284995e-06,1.8290786315722e-06,0,0
3.087,0,0,0,0,0,5.58968854195622e-06,5.47646974521275e-06,5.02838154669934e-06,1.74879216770993e-06,1.75172626284995e-06,1.8290786315722e-06,0,0
3.088,0,0,0,0,0,5.58968854195622e-06,5.47646974521275e-06,5.02838154669934e-06,1.74879216770993e-06,1.75172626284995e-06,1.8290786315722e-06,0,0
3.089,0,0,0,0,0,5.58968854195622e-06,5.47646974521275e-06,5.02838154669934e-06,1.74879216770993e-06,1.75172626284995e-06,1.8290786315722e-06,0,0
3.09,0,0,0,0,0,5.58968854195622e-06,5.47646974521275e-06,5.02838154669934e-06,1.74879216770993e-06,1.75172626284995e-06,1.8290786315722e-06,0,0
3.091,0,0,0,0,0,5.58968854195622e-06,5.47646974521275e-06,5.02838154669934e-06,1.74879216770993e-06,1.75172626284995e-06,1.8290786315722e-06,0,0
3.092,0,0,0,0,0,5.58968854195622e-06,5.47646974521275e-06,5.02838154669934e-06,1.74879216770993e-06,1.75172626284995e-06,1.8290786315722e-06,0,0
3.093,0,0,0,0,0,5.58968854195622e-06,5.47646974521275e-06,5.02838154669934e-06,1.74879216770993e-06,1.75172626284995e-06,1.8290786315722e-06,0,0
3.094,0,0,0,0,0,5.58968854195622e-06,5.47646974521275e-06,5.02838154669934e-06,1.74879216770993e-06,1.75172626284995e-06,1.8290786315722e-06,0,0
3.095,0,0,0,0,0,5.58968854195622e-06,5.47646974521275e-06,5.02838154669934e-06,1.74879216770993e-06,1.75172626284995e-06,1.8290786315722e-06,0,0
3.096,0,0,0,0,0,5.58968854195622e-06,5.47646974521275e-06,5.02838154669934e-06,1.74879216770993e-06,1.75172626284995e-06,1.8290786315722e-06,0,0
3.097,0,0,0,0,0,5.58968854195622e-06,5.47646974521275e-06,5.02838154669934e-06,1.74879216770993e-06,1.75172626284995e-06,1.8290786315722e-06,0,0
3.098,0,0,0,0,0,5.58968854195622e-06,5.47646974521275e-06,5.02838154669934e-06,1.74879216770993e-06,1.75172626284995e-06,1.8290786315722e-06,0,0
3.099,0,0,0,0,0,5.58968854195622e-06,5.47646974521275e-06,5.02838154669934e-06,1.74879216770993e-06,1.75172626284995e-06,1.8290786315722e-06,0,0
3.1,0,0,0,0,0,5.58968854195622e-06,5.47646974521275e-06,5.02838154669934e-06,1.74879216770993e-06,1.75172626284995e-06,1.8290786315722e-06,0,0
3.101,0,0,0,0,0,5.58968854195622e-06,5.47646974521275e-06,5.02838154669934e-06,1.74879216770993e-06,1.75172626284995e-06,1.8290786315722e-06,0,0
3.102,0,0,0,0,0,5.58968854195622e-06,5.47646974521275e-06,5.02838154669934e-06,1.74879216770993e-06,1.75172626284995e-06,1.8290786315722e-06,0,0
3.103,0,0,0,0,0,5.58968854195622e-06,5.47646974521275e-06,5.02838154669934e-06,1.74879216770993e-06,1.75172626284995e-06,1.8290786315722e-06,0,0
3.104,0,0,0,0,0,5.58968854195622e-06,5.47646974521275e-06,5.02838154669934e-06,1.74879216770993e-06,1.75172626284995e-06,1.8290786315722e-06,0,0
3.105,0,0,0,0,0,5.58968854195622e-06,5.47646974521275e-06,5.02838154669934e-06,1.74879216770993e-06,1.75172626284995e-06,1.8290786315722e-06,0,0
3.106,0,0,0,0,0,5.58968854195622e-06,5.47646974521275e-06,5.02838154669934e-06,1.74879216770993e-06,1.75172626284995e-06,1.8290786315722e-06,0,0
3.107,0,0,0,0,0,5.58968854195622e-06,5.47646974521275e-06,5.02838154669934e-06,1.74879216770993e-06,1.75172626284995e-06,1.8290786315722e-06,0,0
3.108,0,0,0,0,0,5.58968854195622e-06,5.47646974521275e-06,5.02838154669934e-06,1.74879216770993e-06,1.75172626284995e-06,1.8290786315722e-06,0,0
3.109,0,0,0,0,0,5.58968854195622e-06,5.47646974521275e-06,5.02838154669934e-06,1.74879216770993e-06,1.75172626284995e-06,1.8290786315722e-06,0,0
3.11,0,0,0,0,0,5.58968854195622e-06,5.47646974521275e-06,5.02838154669934e-06,1.74879216770993e-06,1.75172626284995e-06,1.8290786315722e-06,0,0
3.111,0,0,0,0,0,5.58968854195622e-06,5.47646974521275e-06,5.02838154669934e-06,1.74879216770993e-06,1.75172626284995e-06,1.8290786315722e-06,0,0
3.112,0,0,0,0,0,5.58968854195622e-06,5.47646974521275e-06,5.02838154669934e-06,1.74879216770993e-06,1.75172626284995e-06,1.8290786315722e-06,0,0
3.113,0,0,0,0,0,5.58968854195622e-06,5.47646974521275e-06,5.02838154669934e-06,1.74879216770993e-06,1.75172626284995e-06,1.8290786315722e-06,0,0
3.114,0,0,0,0,0,5.58968854195622e-06,5.47646974521275e-06,5.02838154669934e-06,1.74879216770993e-06,1.75172626284995e-06,1.8290786315722e-06,0,0
3.115,0,0,0,0,0,5.58968854195622e-06,5.47646974521275e-06,5.02838154669934e-06,1.74879216770993e-06,1.75172626284995e-06,1.8290786315722e-06,0,0
3.116,0,0,0,0,0,5.58968854195622e-06,5.47646974521275e-06,5.02838154669934e-06,1.74879216770993e-06,1.75172626284995e-06,1.8290786315722e-06,0,0
3.117,0,0,0,0,0,5.58968854195622e-06,5.47646974521275e-06,5.02838154669934e-06,1.74879216770993e-06,1.75172626284995e-06,1.8290786315722e-06,0,0
3.118,0,0,0,0,0,5.58968854195622e-06,5.47646974521275e-06,5.02838154669934e-06,1.74879216770993e-06,1.75172626284995e-06,1.8290786315722e-06,0,0
3.119,0,0,0,0,0,5.58968854195622e-06,5.47646974521275e-06,5.02838154669934e-06,1.74879216770993e-06,1.75172626284995e-06,1.8290786315722e-06,0,0
3.12,0,0,0,0,0,5.58968854195622e-06,5.47646974521275e-06,5.02838154669934e-06,1.74879216770993e-06,1.75172626284995e-06,1.8290786315722e-06,0,0
3.121,0,0,0,0,0,5.58968854195622e-06,5.47646974521275e-06,5.02838154669934e-06,1.74879216770993e-06,1.75172626284995e-06,1.8290786315722e-06,0,0
3.122,0,0,0,0,0,5.58968854195622e-06,5.47646974521275e-06,5.02838154669934e-06,1.74879216770993e-06,1.75172626284995e-06,1.8290786315722e-06,0,0
3.123,0,0,0,0,0,5.58968854195622e-06,5.47646974521275e-06,5.02838154669934e-06,1.74879216770993e-06,1.75172626284995e-06,1.8290786315722e-06,0,0
3.124,0,0,0,0,0,5.58968854195622e-06,5.47646974521275e-06,5.02838154669934e-06,1.74879216770993e-06,1.75172626284995e-06,1.8290786315722e-06,0,0
3.125,0,0,0,0,0,5.58968854195622e-06,5.47646974521275e-06,5.02838154669934e-06,1.74879216770993e-06,1.75172626284995e-06,1.8290786315722e-06,0,0
3.126,0,0,0,0,0,5.58968854195622e-06,5.47646974521275e-06,5.02838154669934e-06,1.74879216770993e-06,1.75172626284995e-06,1.8290786315722e-06,0,0
3.127,0,0,0,0,0,5.58968854195622e-06,5.47646974521275e-06,5.02838154669934e-06,1.74879216770993e-06,1.75172626284995e-06,1.8290786315722e-06,0,0
3.128,0,0,0,0,0,5.58968854195622e-06,5.47646974521275e-06,5.02838154669934e-06,1.74879216770993e-06,1.75172626284995e-06,1.8290786315722e-06,0,0
3.129,0,0,0,0,0,5.58968854195622e-06,5.47646974521275e-06,5.02838154669934e-06,1.74879216770993e-06,1.75172626284995e-06,1.8290786315722e-06,0,0
3.13,0,0,0,0,0,5.58968854195622e-06,5.47646974521275e-06,5.02838154669934e-06,1.74879216770993e-06,1.75172626284995e-06,1.8290786315722e-06,0,0
3.131,0,0,0,0,0,5.58968854195622e-06,5.47646974521275e-06,5.02838154669934e-06,1.74879216770993e-06,1.75172626284995e-06,1.8290786315722e-06,0,0
3.132,0,0,0,0,0,5.58968854195622e-06,5.47646974521275e-06,5.02838154669934e-06,1.74879216770993e-06,1.75172626284995e-06,1.8290786315722e-06,0,0
3.133,0,0,0,0,0,5.58968854195622e-06,5.47646974521275e-06,5.02838154669934e-06,1.74879216770993e-06,1.75172626284995e-06,1.8290786315722e-06,0,0
3.134,0,0,0,0,0,5.58968854195622e-06,5.47646974521275e-06,5.02838154669934e-06,1.74879216770993e-06,1.75172626284995e-06,1.8290786315722e-06,0,0
3.135,0,0,0,0,0,5.58968854195622e-06,5.47646974521275e-06,5.02838154669934e-06,1.74879216770993e-06,1.75172626284995e-06,1.8290786315722e-06,0,0
3.136,0,0,0,0,0,5.58968854195622e-06,5.47646974521275e-06,5.02838154669934e-06,1.74879216770993e-06,1.75172626284995e-06,1.8290786315722e-06,0,0
3.137,0,0,0,0,0,5.58968854195622e-06,5.47646974521275e-06,5.02838154669934e-06,1.74879216770993e-06,1.75172626284995e-06,1.8290786315722e-06,0,0
3.138,0,0,0,0,0,5.58968854195622e-06,5.47646974521275e-06,5.02838154669934e-06,1.74879216770993e-06,1.75172626284995e-06,1.8290786315722e-06,0,0
3.139,0,0,0,0,0,5.58968854195622e-06,5.47646974521275e-06,5.02838154669934e-06,1.74879216770993e-06,1.75172626284995e-06,1.8290786315722e-06,0,0
3.14,0,0,0,0,0,5.58968854195622e-06,5.47646974521275e-06,5.02838154669934e-06,1.74879216770993e-06,1.75172626284995e-06,1.8290786315722e-06,0,0
3.141,0,0,0,0,0,5.58968854195622e-06,5.47646974521275e-06,5.02838154669934e-06,1.74879216770993e-06,1.75172626284995e-06,1.8290786315722e-06,0,0
3.142,0,0,0,0,0,5.58968854195622e-06,5.47646974521275e-06,5.02838154669934e-06,1.74879216770993e-06,1.75172626284995e-06,1.8290786315722e-06,0,0
3.143,0,0,0,0,0,5.58968854195622e-06,5.47646974521275e-06,5.02838154669934e-06,1.74879216770993e-06,1.75172626284995e-06,1.8290786315722e-06,0,0
3.144,0,0,0,0,0,5.58968854195622e-06,5.47646974521275e-06,5.02838154669934e-06,1.74879216770993e-06,1.75172626284995e-06,1.8290786315722e-06,0,0
3.145,0,0,0,0,0,5.58968854195622e-06,5.47646974521275e-06,5.02838154669934e-06,1.74879216770993e-06,1.75172626284995e-06,1.8290786315722e-06,0,0
3.146,0,0,0,0,0,5.58968854195622e-06,5.47646974521275e-06,5.02838154669934e-06,1.74879216770993e-06,1.75172626284995e-06,1.8290786315722e-06,0,0
3.147,0,0,0,0,0,5.58968854195622e-06,5.47646974521275e-06,5.02838154669934e-06,1.74879216770993e-06,1.75172626284995e-06,1.8290786315722e-06,0,0
3.148,0,0,0,0,0,5.58968854195622e-06,5.47646974521275e-06,5.02838154669934e-06,1.74879216770993e-06,1.75172626284995e-06,1.8290786315722e-06,0,0
3.149,0,0,0,0,0,5.58968854195622e-06,5.47646974521275e-06,5.02838154669934e-06,1.74879216770993e-06,1.75172626284995e-06,1.8290786315722e-06,0,0
3.15,0,0,0,0,0,5.58968854195622e-06,5.47646974521275e-06,5.02838154669934e-06,1.74879216770993e-06,1.75172626284995e-06,1.8290786315722e-06,0,0
3.151,0,0,0,0,0,5.58968854195622e-06,5.47646974521275e-06,5.02838154669934e-06,1.74879216770993e-06,1.75172626284995e-06,1.8290786315722e-06,0,0
3.152,0,0,0,0,0,5.58968854195622e-06,5.47646974521275e-06,5.02838154669934e-06,1.74879216770993e-06,1.75172626284995e-06,1.8290786315722e-06,0,0
3.153,0,0,0,0,0,5.58968854195622e-06,5.47646974521275e-06,5.02838154669934e-06,1.74879216770993e-06,1.75172626284995e-06,1.8290786315722e-06,0,0
3.154,0,0,0,0,0,5.58968854195622e-06,5.47646974521275e-06,5.02838154669934e-06,1.74879216770993e-06,1.75172626284995e-06,1.8290786315722e-06,0,0
3.155,0,0,0,0,0,5.58968854195622e-06,5.47646974521275e-06,5.02838154669934e-06,1.74879216770993e-06,1.75172626284995e-06,1.8290786315722e-06,0,0
3.156,0,0,0,0,0,5.58968854195622e-06,5.47646974521275e-06,5.02838154669934e-06,1.74879216770993e-06,1.75172626284995e-06,1.8290786315722e-06,0,0
3.157,0,0,0,0,0,5.58968854195622e-06,5.47646974521275e-06,5.02838154669934e-06,1.74879216770993e-06,1.75172626284995e-06,1.8290786315722e-06,0,0
3.158,0,0,0,0,0,5.58968854195622e-06,5.47646974521275e-06,5.02838154669934e-06,1.74879216770993e-06,1.75172626284995e-06,1.8290786315722e-06,0,0
3.159,0,0,0,0,0,5.58968854195622e-06,5.47646974521275e-06,5.02838154669934e-06,1.74879216770993e-06,1.75172626284995e-06,1.8290786315722e-06,0,0
3.16,0,0,0,0,0,5.58968854195622e-06,5.47646974521275e-06,5.02838154669934e-06,1.74879216770993e-06,1.75172626284995e-06,1.8290786315722e-06,0,0
3.161,0,0,0,0,0,5.58968854195622e-06,5.47646974521275e-06,5.02838154669934e-06,1.74879216770993e-06,1.75172626284995e-06,1.8290786315722e-06,0,0
3.162,0,0,0,0,0,5.58968854195622e-06,5.47646974521275e-06,5.02838154669934e-06,1.74879216770993e-06,1.75172626284995e-06,1.8290786315722e-06,0,0
3.163,0,0,0,0,0,5.58968854195622e-06,5.47646974521275e-06,5.02838154669934e-06,1.74879216770993e-06,1.75172626284995e-06,1.8290786315722e-06,0,0
3.164,0,0,0,0,0,5.58968854195622e-06,5.47646974521275e-06,5.02838154669934e-06,1.74879216770993e-06,1.75172626284995e-06,1.8290786315722e-06,0,0
3.165,0,0,0,0,0,5.58968854195622e-06,5.47646974521275e-06,5.02838154669934e-06,1.74879216770993e-06,1.75172626284995e-06,1.8290786315722e-06,0,0
3.166,0,0,0,0,0,5.58968854195622e-06,5.47646974521275e-06,5.02838154669934e-06,1.74879216770993e-06,1.75172626284995e-06,1.8290786315722e-06,0,0
3.167,0,0,0,0,0,5.58968854195622e-06,5.47646974521275e-06,5.02838154669934e-06,1.74879216770993e-06,1.75172626284995e-06,1.8290786315722e-06,0,0
3.168,0,0,0,0,0,5.58968854195622e-06,5.47646974521275e-06,5.02838154669934e-06,1.74879216770993e-06,1.75172626284995e-06,1.8290786315722e-06,0,0
3.169,0,0,0,0,0,5.58968854195622e-06,5.47646974521275e-06,5.02838154669934e-06,1.74879216770993e-06,1.75172626284995e-06,1.8290786315722e-06,0,0
3.17,0,0,0,0,0,5.58968854195622e-06,5.47646974521275e-06,5.02838154669934e-06,1.74879216770993e-06,1.75172626284995e-06,1.8290786315722e-06,0,0
3.171,0,0,0,0,0,5.58968854195622e-06,5.47646974521275e-06,5.02838154669934e-06,1.74879216770993e-06,1.75172626284995e-06,1.8290786315722e-06,0,0
3.172,0,0,0,0,0,5.58968854195622e-06,5.47646974521275e-06,5.02838154669934e-06,1.74879216770993e-06,1.75172626284995e-06,1.8290786315722e-06,0,0
3.173,0,0,0,0,0,5.58968854195622e-06,5.47646974521275e-06,5.02838154669934e-06,1.74879216770993e-06,1.75172626284995e-06,1.8290786315722e-06,0,0
3.174,0,0,0,0,0,5.58968854195622e-06,5.47646974521275e-06,5.02838154669934e-06,1.74879216770993e-06,1.75172626284995e-06,1.8290786315722e-06,0,0
3.175,0,0,0,0,0,5.58968854195622e-06,5.47646974521275e-06,5.02838154669934e-06,1.74879216770993e-06,1.75172626284995e-06,1.8290786315722e-06,0,0
3.176,0,0,0,0,0,5.58968854195622e-06,5.47646974521275e-06,5.02838154669934e-06,1.74879216770993e-06,1.75172626284995e-06,1.8290786315722e-06,0,0
3.177,0,0,0,0,0,5.58968854195622e-06,5.47646974521275e-06,5.02838154669934e-06,1.74879216770993e-06,1.75172626284995e-06,1.8290786315722e-06,0,0
3.178,0,0,0,0,0,5.58968854195622e-06,5.47646974521275e-06,5.02838154669934e-06,1.74879216770993e-06,1.75172626284995e-06,1.8290786315722e-06,0,0
3.179,0,0,0,0,0,5.58968854195622e-06,5.47646974521275e-06,5.02838154669934e-06,1.74879216770993e-06,1.75172626284995e-06,1.8290786315722e-06,0,0
3.18,0,0,0,0,0,5.58968854195622e-06,5.47646974521275e-06,5.02838154669934e-06,1.74879216770993e-06,1.75172626284995e-06,1.8290786315722e-06,0,0
3.181,0,0,0,0,0,5.58968854195622e-06,5.47646974521275e-06,5.02838154669934e-06,1.74879216770993e-06,1.75172626284995e-06,1.8290786315722e-06,0,0
3.182,0,0,0,0,0,5.58968854195622e-06,5.47646974521275e-06,5.02838154669934e-06,1.74879216770993e-06,1.75172626284995e-06,1.8290786315722e-06,0,0
3.183,0,0,0,0,0,5.58968854195622e-06,5.47646974521275e-06,5.02838154669934e-06,1.74879216770993e-06,1.75172626284995e-06,1.8290786315722e-06,0,0
3.184,0,0,0,0,0,5.58968854195622e-06,5.47646974521275e-06,5.02838154669934e-06,1.74879216770993e-06,1.75172626284995e-06,1.8290786315722e-06,0,0
3.185,0,0,0,0,0,5.58968854195622e-06,5.47646974521275e-06,5.02838154669934e-06,1.74879216770993e-06,1.75172626284995e-06,1.8290786315722e-06,0,0
3.186,0,0,0,0,0,5.58968854195622e-06,5.47646974521275e-06,5.02838154669934e-06,1.74879216770993e-06,1.75172626284995e-06,1.8290786315722e-06,0,0
3.187,0,0,0,0,0,5.58968854195622e-06,5.47646974521275e-06,5.02838154669934e-06,1.74879216770993e-06,1.75172626284995e-06,1.8290786315722e-06,0,0
3.188,0,0,0,0,0,5.58968854195622e-06,5.47646974521275e-06,5.02838154669934e-06,1.74879216770993e-06,1.75172626284995e-06,1.8290786315722e-06,0,0
3.189,0,0,0,0,0,5.58968854195622e-06,5.47646974521275e-06,5.02838154669934e-06,1.74879216770993e-06,1.75172626284995e-06,1.8290786315722e-06,0,0
3.19,0,0,0,0,0,5.58968854195622e-06,5.47646974521275e-06,5.02838154669934e-06,1.74879216770993e-06,1.75172626284995e-06,1.8290786315722e-06,0,0
3.191,0,0,0,0,0,5.58968854195622e-06,5.47646974521275e-06,5.02838154669934e-06,1.74879216770993e-06,1.75172626284995e-06,1.8290786315722e-06,0,0
3.192,0,0,0,0,0,5.58968854195622e-06,5.47646974521275e-06,5.02838154669934e-06,1.74879216770993e-06,1.75172626284995e-06,1.8290786315722e-06,0,0
3.193,0,0,0,0,0,5.58968854195622e-06,5.47646974521275e-06,5.02838154669934e-06,1.74879216770993e-06,1.75172626284995e-06,1.8290786315722e-06,0,0
3.194,0,0,0,0,0,5.58968854195622e-06,5.47646974521275e-06,5.02838154669934e-06,1.74879216770993e-06,1.75172626284995e-06,1.8290786315722e-06,0,0
3.195,0,0,0,0,0,5.58968854195622e-06,5.47646974521275e-06,5.02838154669934e-06,1.74879216770993e-06,1.75172626284995e-06,1.8290786315722e-06,0,0
3.196,0,0,0,0,0,5.58968854195622e-06,5.47646974521275e-06,5.02838154669934e-06,1.74879216770993e-06,1.75172626284995e-06,1.8290786315722e-06,0,0
3.197,0,0,0,0,0,5.58968854195622e-06,5.47646974521275e-06,5.02838154669934e-06,1.74879216770993e-06,1.75172626284995e-06,1.8290786315722e-06,0,0
3.198,0,0,0,0,0,5.58968854195622e-06,5.47646974521275e-06,5.02838154669934e-06,1.74879216770993e-06,1.75172626284995e-06,1.8290786315722e-06,0,0
3.199,0,0,0,0,0,5.58968854195622e-06,5.47646974521275e-06,5.02838154669934e-06,1.74879216770993e-06,1.75172626284995e-06,1.8290786315722e-06,0,0
3.2,0,0,0,0,0,5.58968854195622e-06,5.47646974521275e-06,5.02838154669934e-06,1.74879216770993e-06,1.75172626284995e-06,1.8290786315722e-06,0,0
3.201,0,0,0,0,0,5.58968854195622e-06,5.47646974521275e-06,5.02838154669934e-06,1.74879216770993e-06,1.75172626284995e-06,1.8290786315722e-06,0,0
3.202,0,0,0,0,0,5.58968854195622e-06,5.47646974521275e-06,5.02838154669934e-06,1.74879216770993e-06,1.75172626284995e-06,1.8290786315722e-06,0,0
3.203,0,0,0,0,0,5.58968854195622e-06,5.47646974521275e-06,5.02838154669934e-06,1.74879216770993e-06,1.75172626284995e-06,1.8290786315722e-06,0,0
3.204,0,0,0,0,0,5.58968854195622e-06,5.47646974521275e-06,5.02838154669934e-06,1.74879216770993e-06,1.75172626284995e-06,1.8290786315722e-06,0,0
3.205,0,0,0,0,0,5.58968854195622e-06,5.47646974521275e-06,5.02838154669934e-06,1.74879216770993e-06,1.75172626284995e-06,1.8290786315722e-06,0,0
3.206,0,0,0,0,0,5.58968854195622e-06,5.47646974521275e-06,5.02838154669934e-06,1.74879216770993e-06,1.75172626284995e-06,1.8290786315722e-06,0,0
3.207,0,0,0,0,0,5.58968854195622e-06,5.47646974521275e-06,5.02838154669934e-06,1.74879216770993e-06,1.75172626284995e-06,1.8290786315722e-06,0,0
3.208,0,0,0,0,0,5.58968854195622e-06,5.47646974521275e-06,5.02838154669934e-06,1.74879216770993e-06,1.75172626284995e-06,1.8290786315722e-06,0,0
3.209,0,0,0,0,0,5.58968854195622e-06,5.47646974521275e-06,5.02838154669934e-06,1.74879216770993e-06,1.75172626284995e-06,1.8290786315722e-06,0,0
3.21,0,0,0,0,0,5.58968854195622e-06,5.47646974521275e-06,5.02838154669934e-06,1.74879216770993e-06,1.75172626284995e-06,1.8290786315722e-06,0,0
3.211,0,0,0,0,0,5.58968854195622e-06,5.47646974521275e-06,5.02838154669934e-06,1.74879216770993e-06,1.75172626284995e-06,1.8290786315722e-06,0,0
3.212,0,0,0,0,0,5.58968854195622e-06,5.47646974521275e-06,5.02838154669934e-06,1.74879216770993e-06,1.75172626284995e-06,1.8290786315722e-06,0,0
3.213,0,0,0,0,0,5.58968854195622e-06,5.47646974521275e-06,5.02838154669934e-06,1.74879216770993e-06,1.75172626284995e-06,1.8290786315722e-06,0,0
3.214,0,0,0,0,0,5.58968854195622e-06,5.47646974521275e-06,5.02838154669934e-06,1.74879216770993e-06,1.75172626284995e-06,1.8290786315722e-06,0,0
3.215,0,0,0,0,0,5.58968854195622e-06,5.47646974521275e-06,5.02838154669934e-06,1.74879216770993e-06,1.75172626284995e-06,1.8290786315722e-06,0,0
3.216,0,0,0,0,0,5.58968854195622e-06,5.47646974521275e-06,5.02838154669934e-06,1.74879216770993e-06,1.75172626284995e-06,1.8290786315722e-06,0,0
3.217,0,0,0,0,0,5.58968854195622e-06,5.47646974521275e-06,5.02838154669934e-06,1.74879216770993e-06,1.75172626284995e-06,1.8290786315722e-06,0,0
3.218,0,0,0,0,0,5.58968854195622e-06,5.47646974521275e-06,5.02838154669934e-06,1.74879216770993e-06,1.75172626284995e-06,1.8290786315722e-06,0,0
3.219,0,0,0,0,0,5.58968854195622e-06,5.47646974521275e-06,5.02838154669934e-06,1.74879216770993e-06,1.75172626284995e-06,1.8290786315722e-06,0,0
3.22,0,0,0,0,0,5.58968854195622e-06,5.47646974521275e-06,5.02838154669934e-06,1.74879216770993e-06,1.75172626284995e-06,1.8290786315722e-06,0,0
3.221,0,0,0,0,0,5.58968854195622e-06,5.47646974521275e-06,5.02838154669934e-06,1.74879216770993e-06,1.75172626284995e-06,1.8290786315722e-06,0,0
3.222,0,0,0,0,0,5.58968854195622e-06,5.47646974521275e-06,5.02838154669934e-06,1.74879216770993e-06,1.75172626284995e-06,1.8290786315722e-06,0,0
3.223,0,0,0,0,0,5.58968854195622e-06,5.47646974521275e-06,5.02838154669934e-06,1.74879216770993e-06,1.75172626284995e-06,1.8290786315722e-06,0,0
3.224,0,0,0,0,0,5.58968854195622e-06,5.47646974521275e-06,5.02838154669934e-06,1.74879216770993e-06,1.75172626284995e-06,1.8290786315722e-06,0,0
3.225,0,0,0,0,0,5.58968854195622e-06,5.47646974521275e-06,5.02838154669934e-06,1.74879216770993e-06,1.75172626284995e-06,1.8290786315722e-06,0,0
3.226,0,0,0,0,0,5.58968854195622e-06,5.47646974521275e-06,5.02838154669934e-06,1.74879216770993e-06,1.75172626284995e-06,1.8290786315722e-06,0,0
3.227,0,0,0,0,0,5.58968854195622e-06,5.47646974521275e-06,5.02838154669934e-06,1.74879216770993e-06,1.75172626284995e-06,1.8290786315722e-06,0,0
3.228,0,0,0,0,0,5.58968854195622e-06,5.47646974521275e-06,5.02838154669934e-06,1.74879216770993e-06,1.75172626284995e-06,1.8290786315722e-06,0,0
3.229,0,0,0,0,0,5.58968854195622e-06,5.47646974521275e-06,5.02838154669934e-06,1.74879216770993e-06,1.75172626284995e-06,1.8290786315722e-06,0,0
3.23,0,0,0,0,0,5.58968854195622e-06,5.47646974521275e-06,5.02838154669934e-06,1.74879216770993e-06,1.75172626284995e-06,1.8290786315722e-06,0,0
3.231,0,0,0,0,0,5.58968854195622e-06,5.47646974521275e-06,5.02838154669934e-06,1.74879216770993e-06,1.75172626284995e-06,1.8290786315722e-06,0,0
3.232,0,0,0,0,0,5.58968854195622e-06,5.47646974521275e-06,5.02838154669934e-06,1.74879216770993e-06,1.75172626284995e-06,1.8290786315722e-06,0,0
3.233,0,0,0,0,0,5.58968854195622e-06,5.47646974521275e-06,5.02838154669934e-06,1.74879216770993e-06,1.75172626284995e-06,1.8290786315722e-06,0,0
3.234,0,0,0,0,0,5.58968854195622e-06,5.47646974521275e-06,5.02838154669934e-06,1.74879216770993e-06,1.75172626284995e-06,1.8290786315722e-06,0,0
3.235,0,0,0,0,0,5.58968854195622e-06,5.47646974521275e-06,5.02838154669934e-06,1.74879216770993e-06,1.75172626284995e-06,1.8290786315722e-06,0,0
3.236,0,0,0,0,0,5.58968854195622e-06,5.47646974521275e-06,5.02838154669934e-06,1.74879216770993e-06,1.75172626284995e-06,1.8290786315722e-06,0,0
3.237,0,0,0,0,0,5.58968854195622e-06,5.47646974521275e-06,5.02838154669934e-06,1.74879216770993e-06,1.75172626284995e-06,1.8290786315722e-06,0,0
3.238,0,0,0,0,0,5.58968854195622e-06,5.47646974521275e-06,5.02838154669934e-06,1.74879216770993e-06,1.75172626284995e-06,1.8290786315722e-06,0,0
3.239,0,0,0,0,0,5.58968854195622e-06,5.47646974521275e-06,5.02838154669934e-06,1.74879216770993e-06,1.75172626284995e-06,1.8290786315722e-06,0,0
3.24,0,0,0,0,0,5.58968854195622e-06,5.47646974521275e-06,5.02838154669934e-06,1.74879216770993e-06,1.75172626284995e-06,1.8290786315722e-06,0,0
3.241,0,0,0,0,0,5.58968854195622e-06,5.47646974521275e-06,5.02838154669934e-06,1.74879216770993e-06,1.75172626284995e-06,1.8290786315722e-06,0,0
3.242,0,0,0,0,0,5.58968854195622e-06,5.47646974521275e-06,5.02838154669934e-06,1.74879216770993e-06,1.75172626284995e-06,1.8290786315722e-06,0,0
3.243,0,0,0,0,0,5.58968854195622e-06,5.47646974521275e-06,5.02838154669934e-06,1.74879216770993e-06,1.75172626284995e-06,1.8290786315722e-06,0,0
3.244,0,0,0,0,0,5.58968854195622e-06,5.47646974521275e-06,5.02838154669934e-06,1.74879216770993e-06,1.75172626284995e-06,1.8290786315722e-06,0,0
3.245,0,0,0,0,0,5.58968854195622e-06,5.47646974521275e-06,5.02838154669934e-06,1.74879216770993e-06,1.75172626284995e-06,1.8290786315722e-06,0,0
3.246,0,0,0,0,0,5.58968854195622e-06,5.47646974521275e-06,5.02838154669934e-06,1.74879216770993e-06,1.75172626284995e-06,1.8290786315722e-06,0,0
3.247,0,0,0,0,0,5.58968854195622e-06,5.47646974521275e-06,5.02838154669934e-06,1.74879216770993e-06,1.75172626284995e-06,1.8290786315722e-06,0,0
3.248,0,0,0,0,0,5.58968854195622e-06,5.47646974521275e-06,5.02838154669934e-06,1.74879216770993e-06,1.75172626284995e-06,1.8290786315722e-06,0,0
3.249,0,0,0,0,0,5.58968854195622e-06,5.47646974521275e-06,5.02838154669934e-06,1.74879216770993e-06,1.75172626284995e-06,1.8290786315722e-06,0,0
3.25,0,0,0,0,0,5.58968854195622e-06,5.47646974521275e-06,5.02838154669934e-06,1.74879216770993e-06,1.75172626284995e-06,1.8290786315722e-06,0,0
3.251,0,0,0,0,0,5.58968854195622e-06,5.47646974521275e-06,5.02838154669934e-06,1.74879216770993e-06,1.75172626284995e-06,1.8290786315722e-06,0,0
3.252,0,0,0,0,0,5.58968854195622e-06,5.47646974521275e-06,5.02838154669934e-06,1.74879216770993e-06,1.75172626284995e-06,1.8290786315722e-06,0,0
3.253,0,0,0,0,0,5.58968854195622e-06,5.47646974521275e-06,5.02838154669934e-06,1.74879216770993e-06,1.75172626284995e-06,1.8290786315722e-06,0,0
3.254,0,0,0,0,0,5.58968854195622e-06,5.47646974521275e-06,5.02838154669934e-06,1.74879216770993e-06,1.75172626284995e-06,1.8290786315722e-06,0,0
3.255,0,0,0,0,0,5.58968854195622e-06,5.47646974521275e-06,5.02838154669934e-06,1.74879216770993e-06,1.75172626284995e-06,1.8290786315722e-06,0,0
3.256,0,0,0,0,0,5.58968854195622e-06,5.47646974521275e-06,5.02838154669934e-06,1.74879216770993e-06,1.75172626284995e-06,1.8290786315722e-06,0,0
3.257,0,0,0,0,0,5.58968854195622e-06,5.47646974521275e-06,5.02838154669934e-06,1.74879216770993e-06,1.75172626284995e-06,1.8290786315722e-06,0,0
3.258,0,0,0,0,0,5.58968854195622e-06,5.47646974521275e-06,5.02838154669934e-06,1.74879216770993e-06,1.75172626284995e-06,1.8290786315722e-06,0,0
3.259,0,0,0,0,0,5.58968854195622e-06,5.47646974521275e-06,5.02838154669934e-06,1.74879216770993e-06,1.75172626284995e-06,1.8290786315722e-06,0,0
3.26,0,0,0,0,0,5.58968854195622e-06,5.47646974521275e-06,5.02838154669934e-06,1.74879216770993e-06,1.75172626284995e-06,1.8290786315722e-06,0,0
3.261,0,0,0,0,0,5.58968854195622e-06,5.47646974521275e-06,5.02838154669934e-06,1.74879216770993e-06,1.75172626284995e-06,1.8290786315722e-06,0,0
3.262,0,0,0,0,0,5.58968854195622e-06,5.47646974521275e-06,5.02838154669934e-06,1.74879216770993e-06,1.75172626284995e-06,1.8290786315722e-06,0,0
3.263,0,0,0,0,0,5.58968854195622e-06,5.47646974521275e-06,5.02838154669934e-06,1.74879216770993e-06,1.75172626284995e-06,1.8290786315722e-06,0,0
3.264,0,0,0,0,0,5.58968854195622e-06,5.47646974521275e-06,5.02838154669934e-06,1.74879216770993e-06,1.75172626284995e-06,1.8290786315722e-06,0,0
3.265,0,0,0,0,0,5.58968854195622e-06,5.47646974521275e-06,5.02838154669934e-06,1.74879216770993e-06,1.75172626284995e-06,1.8290786315722e-06,0,0
3.266,0,0,0,0,0,5.58968854195622e-06,5.47646974521275e-06,5.02838154669934e-06,1.74879216770993e-06,1.75172626284995e-06,1.8290786315722e-06,0,0
3.267,0,0,0,0,0,5.58968854195622e-06,5.47646974521275e-06,5.02838154669934e-06,1.74879216770993e-06,1.75172626284995e-06,1.8290786315722e-06,0,0
3.268,0,0,0,0,0,5.58968854195622e-06,5.47646974521275e-06,5.02838154669934e-06,1.74879216770993e-06,1.75172626284995e-06,1.8290786315722e-06,0,0
3.269,0,0,0,0,0,5.58968854195622e-06,5.47646974521275e-06,5.02838154669934e-06,1.74879216770993e-06,1.75172626284995e-06,1.8290786315722e-06,0,0
3.27,0,0,0,0,0,5.58968854195622e-06,5.47646974521275e-06,5.02838154669934e-06,1.74879216770993e-06,1.75172626284995e-06,1.8290786315722e-06,0,0
3.271,0,0,0,0,0,5.58968854195622e-06,5.47646974521275e-06,5.02838154669934e-06,1.74879216770993e-06,1.75172626284995e-06,1.8290786315722e-06,0,0
3.272,0,0,0,0,0,5.58968854195622e-06,5.47646974521275e-06,5.02838154669934e-06,1.74879216770993e-06,1.75172626284995e-06,1.8290786315722e-06,0,0
3.273,0,0,0,0,0,5.58968854195622e-06,5.47646974521275e-06,5.02838154669934e-06,1.74879216770993e-06,1.75172626284995e-06,1.8290786315722e-06,0,0
3.274,0,0,0,0,0,5.58968854195622e-06,5.47646974521275e-06,5.02838154669934e-06,1.74879216770993e-06,1.75172626284995e-06,1.8290786315722e-06,0,0
3.275,0,0,0,0,0,5.58968854195622e-06,5.47646974521275e-06,5.02838154669934e-06,1.74879216770993e-06,1.75172626284995e-06,1.8290786315722e-06,0,0
3.276,0,0,0,0,0,5.58968854195622e-06,5.47646974521275e-06,5.02838154669934e-06,1.74879216770993e-06,1.75172626284995e-06,1.8290786315722e-06,0,0
3.277,0,0,0,0,0,5.58968854195622e-06,5.47646974521275e-06,5.02838154669934e-06,1.74879216770993e-06,1.75172626284995e-06,1.8290786315722e-06,0,0
3.278,0,0,0,0,0,5.58968854195622e-06,5.47646974521275e-06,5.02838154669934e-06,1.74879216770993e-06,1.75172626284995e-06,1.8290786315722e-06,0,0
3.279,0,0,0,0,0,5.58968854195622e-06,5.47646974521275e-06,5.02838154669934e-06,1.74879216770993e-06,1.75172626284995e-06,1.8290786315722e-06,0,0
3.28,0,0,0,0,0,5.58968854195622e-06,5.47646974521275e-06,5.02838154669934e-06,1.74879216770993e-06,1.75172626284995e-06,1.8290786315722e-06,0,0
3.281,0,0,0,0,0,5.58968854195622e-06,5.47646974521275e-06,5.02838154669934e-06,1.74879216770993e-06,1.75172626284995e-06,1.8290786315722e-06,0,0
3.282,0,0,0,0,0,5.58968854195622e-06,5.47646974521275e-06,5.02838154669934e-06,1.74879216770993e-06,1.75172626284995e-06,1.8290786315722e-06,0,0
3.283,0,0,0,0,0,5.58968854195622e-06,5.47646974521275e-06,5.02838154669934e-06,1.74879216770993e-06,1.75172626284995e-06,1.8290786315722e-06,0,0
3.284,0,0,0,0,0,5.58968854195622e-06,5.47646974521275e-06,5.02838154669934e-06,1.74879216770993e-06,1.75172626284995e-06,1.8290786315722e-06,0,0
3.285,0,0,0,0,0,5.58968854195622e-06,5.47646974521275e-06,5.02838154669934e-06,1.74879216770993e-06,1.75172626284995e-06,1.8290786315722e-06,0,0
3.286,0,0,0,0,0,5.58968854195622e-06,5.47646974521275e-06,5.02838154669934e-06,1.74879216770993e-06,1.75172626284995e-06,1.8290786315722e-06,0,0
3.287,0,0,0,0,0,5.58968854195622e-06,5.47646974521275e-06,5.02838154669934e-06,1.74879216770993e-06,1.75172626284995e-06,1.8290786315722e-06,0,0
3.288,0,0,0,0,0,5.58968854195622e-06,5.47646974521275e-06,5.02838154669934e-06,1.74879216770993e-06,1.75172626284995e-06,1.8290786315722e-06,0,0
3.289,0,0,0,0,0,5.58968854195622e-06,5.47646974521275e-06,5.02838154669934e-06,1.74879216770993e-06,1.75172626284995e-06,1.8290786315722e-06,0,0
3.29,0,0,0,0,0,5.58968854195622e-06,5.47646974521275e-06,5.02838154669934e-06,1.74879216770993e-06,1.75172626284995e-06,1.8290786315722e-06,0,0
3.291,0,0,0,0,0,5.58968854195622e-06,5.47646974521275e-06,5.02838154669934e-06,1.74879216770993e-06,1.75172626284995e-06,1.8290786315722e-06,0,0
3.292,0,0,0,0,0,5.58968854195622e-06,5.47646974521275e-06,5.02838154669934e-06,1.74879216770993e-06,1.75172626284995e-06,1.8290786315722e-06,0,0
3.293,0,0,0,0,0,5.58968854195622e-06,5.47646974521275e-06,5.02838154669934e-06,1.74879216770993e-06,1.75172626284995e-06,1.8290786315722e-06,0,0
3.294,0,0,0,0,0,5.58968854195622e-06,5.47646974521275e-06,5.02838154669934e-06,1.74879216770993e-06,1.75172626284995e-06,1.8290786315722e-06,0,0
3.295,0,0,0,0,0,5.58968854195622e-06,5.47646974521275e-06,5.02838154669934e-06,1.74879216770993e-06,1.75172626284995e-06,1.8290786315722e-06,0,0
3.296,0,0,0,0,0,5.58968854195622e-06,5.47646974521275e-06,5.02838154669934e-06,1.74879216770993e-06,1.75172626284995e-06,1.8290786315722e-06,0,0
3.297,0,0,0,0,0,5.58968854195622e-06,5.47646974521275e-06,5.02838154669934e-06,1.74879216770993e-06,1.75172626284995e-06,1.8290786315722e-06,0,0
3.298,0,0,0,0,0,5.58968854195622e-06,5.47646974521275e-06,5.02838154669934e-06,1.74879216770993e-06,1.75172626284995e-06,1.8290786315722e-06,0,0
3.299,0,0,0,0,0,5.58968854195622e-06,5.47646974521275e-06,5.02838154669934e-06,1.74879216770993e-06,1.75172626284995e-06,1.8290786315722e-06,0,0
3.3,0,0,0,0,0,5.58968854195622e-06,5.47646974521275e-06,5.02838154669934e-06,1.74879216770993e-06,1.75172626284995e-06,1.8290786315722e-06,0,0
3.301,0,0,0,0,0,5.58968854195622e-06,5.47646974521275e-06,5.02838154669934e-06,1.74879216770993e-06,1.75172626284995e-06,1.8290786315722e-06,0,0
3.302,0,0,0,0,0,5.58968854195622e-06,5.47646974521275e-06,5.02838154669934e-06,1.74879216770993e-06,1.75172626284995e-06,1.8290786315722e-06,0,0
3.303,0,0,0,0,0,5.58968854195622e-06,5.47646974521275e-06,5.02838154669934e-06,1.74879216770993e-06,1.75172626284995e-06,1.8290786315722e-06,0,0
3.304,0,0,0,0,0,5.58968854195622e-06,5.47646974521275e-06,5.02838154669934e-06,1.74879216770993e-06,1.75172626284995e-06,1.8290786315722e-06,0,0
3.305,0,0,0,0,0,5.58968854195622e-06,5.47646974521275e-06,5.02838154669934e-06,1.74879216770993e-06,1.75172626284995e-06,1.8290786315722e-06,0,0
3.306,0,0,0,0,0,5.58968854195622e-06,5.47646974521275e-06,5.02838154669934e-06,1.74879216770993e-06,1.75172626284995e-06,1.8290786315722e-06,0,0
3.307,0,0,0,0,0,5.58968854195622e-06,5.47646974521275e-06,5.02838154669934e-06,1.74879216770993e-06,1.75172626284995e-06,1.8290786315722e-06,0,0
3.308,0,0,0,0,0,5.58968854195622e-06,5.47646974521275e-06,5.02838154669934e-06,1.74879216770993e-06,1.75172626284995e-06,1.8290786315722e-06,0,0
3.309,0,0,0,0,0,5.58968854195622e-06,5.47646974521275e-06,5.02838154669934e-06,1.74879216770993e-06,1.75172626284995e-06,1.8290786315722e-06,0,0
3.31,0,0,0,0,0,5.58968854195622e-06,5.47646974521275e-06,5.02838154669934e-06,1.74879216770993e-06,1.75172626284995e-06,1.8290786315722e-06,0,0
3.311,0,0,0,0,0,5.58968854195622e-06,5.47646974521275e-06,5.02838154669934e-06,1.74879216770993e-06,1.75172626284995e-06,1.8290786315722e-06,0,0
3.312,0,0,0,0,0,5.58968854195622e-06,5.47646974521275e-06,5.02838154669934e-06,1.74879216770993e-06,1.75172626284995e-06,1.8290786315722e-06,0,0
3.313,0,0,0,0,0,5.58968854195622e-06,5.47646974521275e-06,5.02838154669934e-06,1.74879216770993e-06,1.75172626284995e-06,1.8290786315722e-06,0,0
3.314,0,0,0,0,0,5.58968854195622e-06,5.47646974521275e-06,5.02838154669934e-06,1.74879216770993e-06,1.75172626284995e-06,1.8290786315722e-06,0,0
3.315,0,0,0,0,0,5.58968854195622e-06,5.47646974521275e-06,5.02838154669934e-06,1.74879216770993e-06,1.75172626284995e-06,1.8290786315722e-06,0,0
3.316,0,0,0,0,0,5.58968854195622e-06,5.47646974521275e-06,5.02838154669934e-06,1.74879216770993e-06,1.75172626284995e-06,1.8290786315722e-06,0,0
3.317,0,0,0,0,0,5.58968854195622e-06,5.47646974521275e-06,5.02838154669934e-06,1.74879216770993e-06,1.75172626284995e-06,1.8290786315722e-06,0,0
3.318,0,0,0,0,0,5.58968854195622e-06,5.47646974521275e-06,5.02838154669934e-06,1.74879216770993e-06,1.75172626284995e-06,1.8290786315722e-06,0,0
3.319,0,0,0,0,0,5.58968854195622e-06,5.47646974521275e-06,5.02838154669934e-06,1.74879216770993e-06,1.75172626284995e-06,1.8290786315722e-06,0,0
3.32,0,0,0,0,0,5.58968854195622e-06,5.47646974521275e-06,5.02838154669934e-06,1.74879216770993e-06,1.75172626284995e-06,1.8290786315722e-06,0,0
3.321,0,0,0,0,0,5.58968854195622e-06,5.47646974521275e-06,5.02838154669934e-06,1.74879216770993e-06,1.75172626284995e-06,1.8290786315722e-06,0,0
3.322,0,0,0,0,0,5.58968854195622e-06,5.47646974521275e-06,5.02838154669934e-06,1.74879216770993e-06,1.75172626284995e-06,1.8290786315722e-06,0,0
3.323,0,0,0,0,0,5.58968854195622e-06,5.47646974521275e-06,5.02838154669934e-06,1.74879216770993e-06,1.75172626284995e-06,1.8290786315722e-06,0,0
3.324,0,0,0,0,0,5.58968854195622e-06,5.47646974521275e-06,5.02838154669934e-06,1.74879216770993e-06,1.75172626284995e-06,1.8290786315722e-06,0,0
3.325,0,0,0,0,0,5.58968854195622e-06,5.47646974521275e-06,5.02838154669934e-06,1.74879216770993e-06,1.75172626284995e-06,1.8290786315722e-06,0,0
3.326,0,0,0,0,0,5.58968854195622e-06,5.47646974521275e-06,5.02838154669934e-06,1.74879216770993e-06,1.75172626284995e-06,1.8290786315722e-06,0,0
3.327,0,0,0,0,0,5.58968854195622e-06,5.47646974521275e-06,5.02838154669934e-06,1.74879216770993e-06,1.75172626284995e-06,1.8290786315722e-06,0,0
3.328,0,0,0,0,0,5.58968854195622e-06,5.47646974521275e-06,5.02838154669934e-06,1.74879216770993e-06,1.75172626284995e-06,1.8290786315722e-06,0,0
3.329,0,0,0,0,0,5.58968854195622e-06,5.47646974521275e-06,5.02838154669934e-06,1.74879216770993e-06,1.75172626284995e-06,1.8290786315722e-06,0,0
3.33,0,0,0,0,0,5.58968854195622e-06,5.47646974521275e-06,5.02838154669934e-06,1.74879216770993e-06,1.75172626284995e-06,1.8290786315722e-06,0,0
3.331,0,0,0,0,0,5.58968854195622e-06,5.47646974521275e-06,5.02838154669934e-06,1.74879216770993e-06,1.75172626284995e-06,1.8290786315722e-06,0,0
3.332,0,0,0,0,0,5.58968854195622e-06,5.47646974521275e-06,5.02838154669934e-06,1.74879216770993e-06,1.75172626284995e-06,1.8290786315722e-06,0,0
3.333,0,0,0,0,0,5.58968854195622e-06,5.47646974521275e-06,5.02838154669934e-06,1.74879216770993e-06,1.75172626284995e-06,1.8290786315722e-06,0,0
3.334,0,0,0,0,0,5.58968854195622e-06,5.47646974521275e-06,5.02838154669934e-06,1.74879216770993e-06,1.75172626284995e-06,1.8290786315722e-06,0,0
3.335,0,0,0,0,0,5.58968854195622e-06,5.47646974521275e-06,5.02838154669934e-06,1.74879216770993e-06,1.75172626284995e-06,1.8290786315722e-06,0,0
3.336,0,0,0,0,0,5.58968854195622e-06,5.47646974521275e-06,5.02838154669934e-06,1.74879216770993e-06,1.75172626284995e-06,1.8290786315722e-06,0,0
3.337,0,0,0,0,0,5.58968854195622e-06,5.47646974521275e-06,5.02838154669934e-06,1.74879216770993e-06,1.75172626284995e-06,1.8290786315722e-06,0,0
3.338,0,0,0,0,0,5.58968854195622e-06,5.47646974521275e-06,5.02838154669934e-06,1.74879216770993e-06,1.75172626284995e-06,1.8290786315722e-06,0,0
3.339,0,0,0,0,0,5.58968854195622e-06,5.47646974521275e-06,5.02838154669934e-06,1.74879216770993e-06,1.75172626284995e-06,1.8290786315722e-06,0,0
3.34,0,0,0,0,0,5.58968854195622e-06,5.47646974521275e-06,5.02838154669934e-06,1.74879216770993e-06,1.75172626284995e-06,1.8290786315722e-06,0,0
3.341,0,0,0,0,0,5.58968854195622e-06,5.47646974521275e-06,5.02838154669934e-06,1.74879216770993e-06,1.75172626284995e-06,1.8290786315722e-06,0,0
3.342,0,0,0,0,0,5.58968854195622e-06,5.47646974521275e-06,5.02838154669934e-06,1.74879216770993e-06,1.75172626284995e-06,1.8290786315722e-06,0,0
3.343,0,0,0,0,0,5.58968854195622e-06,5.47646974521275e-06,5.02838154669934e-06,1.74879216770993e-06,1.75172626284995e-06,1.8290786315722e-06,0,0
3.344,0,0,0,0,0,5.58968854195622e-06,5.47646974521275e-06,5.02838154669934e-06,1.74879216770993e-06,1.75172626284995e-06,1.8290786315722e-06,0,0
3.345,0,0,0,0,0,5.58968854195622e-06,5.47646974521275e-06,5.02838154669934e-06,1.74879216770993e-06,1.75172626284995e-06,1.8290786315722e-06,0,0
3.346,0,0,0,0,0,5.58968854195622e-06,5.47646974521275e-06,5.02838154669934e-06,1.74879216770993e-06,1.75172626284995e-06,1.8290786315722e-06,0,0
3.347,0,0,0,0,0,5.58968854195622e-06,5.47646974521275e-06,5.02838154669934e-06,1.74879216770993e-06,1.75172626284995e-06,1.8290786315722e-06,0,0
3.348,0,0,0,0,0,5.58968854195622e-06,5.47646974521275e-06,5.02838154669934e-06,1.74879216770993e-06,1.75172626284995e-06,1.8290786315722e-06,0,0
3.349,0,0,0,0,0,5.58968854195622e-06,5.47646974521275e-06,5.02838154669934e-06,1.74879216770993e-06,1.75172626284995e-06,1.8290786315722e-06,0,0
3.35,0,0,0,0,0,5.58968854195622e-06,5.47646974521275e-06,5.02838154669934e-06,1.74879216770993e-06,1.75172626284995e-06,1.8290786315722e-06,0,0
3.351,0,0,0,0,0,5.58968854195622e-06,5.47646974521275e-06,5.02838154669934e-06,1.74879216770993e-06,1.75172626284995e-06,1.8290786315722e-06,0,0
3.352,0,0,0,0,0,5.58968854195622e-06,5.47646974521275e-06,5.02838154669934e-06,1.74879216770993e-06,1.75172626284995e-06,1.8290786315722e-06,0,0
3.353,0,0,0,0,0,5.58968854195622e-06,5.47646974521275e-06,5.02838154669934e-06,1.74879216770993e-06,1.75172626284995e-06,1.8290786315722e-06,0,0
3.354,0,0,0,0,0,5.58968854195622e-06,5.47646974521275e-06,5.02838154669934e-06,1.74879216770993e-06,1.75172626284995e-06,1.8290786315722e-06,0,0
3.355,0,0,0,0,0,5.58968854195622e-06,5.47646974521275e-06,5.02838154669934e-06,1.74879216770993e-06,1.75172626284995e-06,1.8290786315722e-06,0,0
3.356,0,0,0,0,0,5.58968854195622e-06,5.47646974521275e-06,5.02838154669934e-06,1.74879216770993e-06,1.75172626284995e-06,1.8290786315722e-06,0,0
3.357,0,0,0,0,0,5.58968854195622e-06,5.47646974521275e-06,5.02838154669934e-06,1.74879216770993e-06,1.75172626284995e-06,1.8290786315722e-06,0,0
3.358,0,0,0,0,0,5.58968854195622e-06,5.47646974521275e-06,5.02838154669934e-06,1.74879216770993e-06,1.75172626284995e-06,1.8290786315722e-06,0,0
3.359,0,0,0,0,0,5.58968854195622e-06,5.47646974521275e-06,5.02838154669934e-06,1.74879216770993e-06,1.75172626284995e-06,1.8290786315722e-06,0,0
3.36,0,0,0,0,0,5.58968854195622e-06,5.47646974521275e-06,5.02838154669934e-06,1.74879216770993e-06,1.75172626284995e-06,1.8290786315722e-06,0,0
3.361,0,0,0,0,0,5.58968854195622e-06,5.47646974521275e-06,5.02838154669934e-06,1.74879216770993e-06,1.75172626284995e-06,1.8290786315722e-06,0,0
3.362,0,0,0,0,0,5.58968854195622e-06,5.47646974521275e-06,5.02838154669934e-06,1.74879216770993e-06,1.75172626284995e-06,1.8290786315722e-06,0,0
3.363,0,0,0,0,0,5.58968854195622e-06,5.47646974521275e-06,5.02838154669934e-06,1.74879216770993e-06,1.75172626284995e-06,1.8290786315722e-06,0,0
3.364,0,0,0,0,0,5.58968854195622e-06,5.47646974521275e-06,5.02838154669934e-06,1.74879216770993e-06,1.75172626284995e-06,1.8290786315722e-06,0,0
3.365,0,0,0,0,0,5.58968854195622e-06,5.47646974521275e-06,5.02838154669934e-06,1.74879216770993e-06,1.75172626284995e-06,1.8290786315722e-06,0,0
3.366,0,0,0,0,0,5.58968854195622e-06,5.47646974521275e-06,5.02838154669934e-06,1.74879216770993e-06,1.75172626284995e-06,1.8290786315722e-06,0,0
3.367,0,0,0,0,0,5.58968854195622e-06,5.47646974521275e-06,5.02838154669934e-06,1.74879216770993e-06,1.75172626284995e-06,1.8290786315722e-06,0,0
3.368,0,0,0,0,0,5.58968854195622e-06,5.47646974521275e-06,5.02838154669934e-06,1.74879216770993e-06,1.75172626284995e-06,1.8290786315722e-06,0,0
3.369,0,0,0,0,0,5.58968854195622e-06,5.47646974521275e-06,5.02838154669934e-06,1.74879216770993e-06,1.75172626284995e-06,1.8290786315722e-06,0,0
3.37,0,0,0,0,0,5.58968854195622e-06,5.47646974521275e-06,5.02838154669934e-06,1.74879216770993e-06,1.75172626284995e-06,1.8290786315722e-06,0,0
3.371,0,0,0,0,0,5.58968854195622e-06,5.47646974521275e-06,5.02838154669934e-06,1.74879216770993e-06,1.75172626284995e-06,1.8290786315722e-06,0,0
3.372,0,0,0,0,0,5.58968854195622e-06,5.47646974521275e-06,5.02838154669934e-06,1.74879216770993e-06,1.75172626284995e-06,1.8290786315722e-06,0,0
3.373,0,0,0,0,0,5.58968854195622e-06,5.47646974521275e-06,5.02838154669934e-06,1.74879216770993e-06,1.75172626284995e-06,1.8290786315722e-06,0,0
3.374,0,0,0,0,0,5.58968854195622e-06,5.47646974521275e-06,5.02838154669934e-06,1.74879216770993e-06,1.75172626284995e-06,1.8290786315722e-06,0,0
3.375,0,0,0,0,0,5.58968854195622e-06,5.47646974521275e-06,5.02838154669934e-06,1.74879216770993e-06,1.75172626284995e-06,1.8290786315722e-06,0,0
3.376,0,0,0,0,0,5.58968854195622e-06,5.47646974521275e-06,5.02838154669934e-06,1.74879216770993e-06,1.75172626284995e-06,1.8290786315722e-06,0,0
3.377,0,0,0,0,0,5.58968854195622e-06,5.47646974521275e-06,5.02838154669934e-06,1.74879216770993e-06,1.75172626284995e-06,1.8290786315722e-06,0,0
3.378,0,0,0,0,0,5.58968854195622e-06,5.47646974521275e-06,5.02838154669934e-06,1.74879216770993e-06,1.75172626284995e-06,1.8290786315722e-06,0,0
3.379,0,0,0,0,0,5.58968854195622e-06,5.47646974521275e-06,5.02838154669934e-06,1.74879216770993e-06,1.75172626284995e-06,1.8290786315722e-06,0,0
3.38,0,0,0,0,0,5.58968854195622e-06,5.47646974521275e-06,5.02838154669934e-06,1.74879216770993e-06,1.75172626284995e-06,1.8290786315722e-06,0,0
3.381,0,0,0,0,0,5.58968854195622e-06,5.47646974521275e-06,5.02838154669934e-06,1.74879216770993e-06,1.75172626284995e-06,1.8290786315722e-06,0,0
3.382,0,0,0,0,0,5.58968854195622e-06,5.47646974521275e-06,5.02838154669934e-06,1.74879216770993e-06,1.75172626284995e-06,1.8290786315722e-06,0,0
3.383,0,0,0,0,0,5.58968854195622e-06,5.47646974521275e-06,5.02838154669934e-06,1.74879216770993e-06,1.75172626284995e-06,1.8290786315722e-06,0,0
3.384,0,0,0,0,0,5.58968854195622e-06,5.47646974521275e-06,5.02838154669934e-06,1.74879216770993e-06,1.75172626284995e-06,1.8290786315722e-06,0,0
3.385,0,0,0,0,0,5.58968854195622e-06,5.47646974521275e-06,5.02838154669934e-06,1.74879216770993e-06,1.75172626284995e-06,1.8290786315722e-06,0,0
3.386,0,0,0,0,0,5.58968854195622e-06,5.47646974521275e-06,5.02838154669934e-06,1.74879216770993e-06,1.75172626284995e-06,1.8290786315722e-06,0,0
3.387,0,0,0,0,0,5.58968854195622e-06,5.47646974521275e-06,5.02838154669934e-06,1.74879216770993e-06,1.75172626284995e-06,1.8290786315722e-06,0,0
3.388,0,0,0,0,0,5.58968854195622e-06,5.47646974521275e-06,5.02838154669934e-06,1.74879216770993e-06,1.75172626284995e-06,1.8290786315722e-06,0,0
3.389,0,0,0,0,0,5.58968854195622e-06,5.47646974521275e-06,5.02838154669934e-06,1.74879216770993e-06,1.75172626284995e-06,1.8290786315722e-06,0,0
3.39,0,0,0,0,0,5.58968854195622e-06,5.47646974521275e-06,5.02838154669934e-06,1.74879216770993e-06,1.75172626284995e-06,1.8290786315722e-06,0,0
3.391,0,0,0,0,0,5.58968854195622e-06,5.47646974521275e-06,5.02838154669934e-06,1.74879216770993e-06,1.75172626284995e-06,1.8290786315722e-06,0,0
3.392,0,0,0,0,0,5.58968854195622e-06,5.47646974521275e-06,5.02838154669934e-06,1.74879216770993e-06,1.75172626284995e-06,1.8290786315722e-06,0,0
3.393,0,0,0,0,0,5.58968854195622e-06,5.47646974521275e-06,5.02838154669934e-06,1.74879216770993e-06,1.75172626284995e-06,1.8290786315722e-06,0,0
3.394,0,0,0,0,0,5.58968854195622e-06,5.47646974521275e-06,5.02838154669934e-06,1.74879216770993e-06,1.75172626284995e-06,1.8290786315722e-06,0,0
3.395,0,0,0,0,0,5.58968854195622e-06,5.47646974521275e-06,5.02838154669934e-06,1.74879216770993e-06,1.75172626284995e-06,1.8290786315722e-06,0,0
3.396,0,0,0,0,0,5.58968854195622e-06,5.47646974521275e-06,5.02838154669934e-06,1.74879216770993e-06,1.75172626284995e-06,1.8290786315722e-06,0,0
3.397,0,0,0,0,0,5.58968854195622e-06,5.47646974521275e-06,5.02838154669934e-06,1.74879216770993e-06,1.75172626284995e-06,1.8290786315722e-06,0,0
3.398,0,0,0,0,0,5.58968854195622e-06,5.47646974521275e-06,5.02838154669934e-06,1.74879216770993e-06,1.75172626284995e-06,1.8290786315722e-06,0,0
3.399,0,0,0,0,0,5.58968854195622e-06,5.47646974521275e-06,5.02838154669934e-06,1.74879216770993e-06,1.75172626284995e-06,1.8290786315722e-06,0,0
3.4,0,0,0,0,0,5.58968854195622e-06,5.47646974521275e-06,5.02838154669934e-06,1.74879216770993e-06,1.75172626284995e-06,1.8290786315722e-06,0,0
3.401,0,0,0,0,0,5.58968854195622e-06,5.47646974521275e-06,5.02838154669934e-06,1.74879216770993e-06,1.75172626284995e-06,1.8290786315722e-06,0,0
3.402,0,0,0,0,0,5.58968854195622e-06,5.47646974521275e-06,5.02838154669934e-06,1.74879216770993e-06,1.75172626284995e-06,1.8290786315722e-06,0,0
3.403,0,0,0,0,0,5.58968854195622e-06,5.47646974521275e-06,5.02838154669934e-06,1.74879216770993e-06,1.75172626284995e-06,1.8290786315722e-06,0,0
3.404,0,0,0,0,0,5.58968854195622e-06,5.47646974521275e-06,5.02838154669934e-06,1.74879216770993e-06,1.75172626284995e-06,1.8290786315722e-06,0,0
3.405,0,0,0,0,0,5.58968854195622e-06,5.47646974521275e-06,5.02838154669934e-06,1.74879216770993e-06,1.75172626284995e-06,1.8290786315722e-06,0,0
3.406,0,0,0,0,0,5.58968854195622e-06,5.47646974521275e-06,5.02838154669934e-06,1.74879216770993e-06,1.75172626284995e-06,1.8290786315722e-06,0,0
3.407,0,0,0,0,0,5.58968854195622e-06,5.47646974521275e-06,5.02838154669934e-06,1.74879216770993e-06,1.75172626284995e-06,1.8290786315722e-06,0,0
3.408,0,0,0,0,0,5.58968854195622e-06,5.47646974521275e-06,5.02838154669934e-06,1.74879216770993e-06,1.75172626284995e-06,1.8290786315722e-06,0,0
3.409,0,0,0,0,0,5.58968854195622e-06,5.47646974521275e-06,5.02838154669934e-06,1.74879216770993e-06,1.75172626284995e-06,1.8290786315722e-06,0,0
3.41,0,0,0,0,0,5.58968854195622e-06,5.47646974521275e-06,5.02838154669934e-06,1.74879216770993e-06,1.75172626284995e-06,1.8290786315722e-06,0,0
3.411,0,0,0,0,0,5.58968854195622e-06,5.47646974521275e-06,5.02838154669934e-06,1.74879216770993e-06,1.75172626284995e-06,1.8290786315722e-06,0,0
3.412,0,0,0,0,0,5.58968854195622e-06,5.47646974521275e-06,5.02838154669934e-06,1.74879216770993e-06,1.75172626284995e-06,1.8290786315722e-06,0,0
3.413,0,0,0,0,0,5.58968854195622e-06,5.47646974521275e-06,5.02838154669934e-06,1.74879216770993e-06,1.75172626284995e-06,1.8290786315722e-06,0,0
3.414,0,0,0,0,0,5.58968854195622e-06,5.47646974521275e-06,5.02838154669934e-06,1.74879216770993e-06,1.75172626284995e-06,1.8290786315722e-06,0,0
3.415,0,0,0,0,0,5.58968854195622e-06,5.47646974521275e-06,5.02838154669934e-06,1.74879216770993e-06,1.75172626284995e-06,1.8290786315722e-06,0,0
3.416,0,0,0,0,0,5.58968854195622e-06,5.47646974521275e-06,5.02838154669934e-06,1.74879216770993e-06,1.75172626284995e-06,1.8290786315722e-06,0,0
3.417,0,0,0,0,0,5.58968854195622e-06,5.47646974521275e-06,5.02838154669934e-06,1.74879216770993e-06,1.75172626284995e-06,1.8290786315722e-06,0,0
3.418,0,0,0,0,0,5.58968854195622e-06,5.47646974521275e-06,5.02838154669934e-06,1.74879216770993e-06,1.75172626284995e-06,1.8290786315722e-06,0,0
3.419,0,0,0,0,0,5.58968854195622e-06,5.47646974521275e-06,5.02838154669934e-06,1.74879216770993e-06,1.75172626284995e-06,1.8290786315722e-06,0,0
3.42,0,0,0,0,0,5.58968854195622e-06,5.47646974521275e-06,5.02838154669934e-06,1.74879216770993e-06,1.75172626284995e-06,1.8290786315722e-06,0,0
3.421,0,0,0,0,0,5.58968854195622e-06,5.47646974521275e-06,5.02838154669934e-06,1.74879216770993e-06,1.75172626284995e-06,1.8290786315722e-06,0,0
3.422,0,0,0,0,0,5.58968854195622e-06,5.47646974521275e-06,5.02838154669934e-06,1.74879216770993e-06,1.75172626284995e-06,1.8290786315722e-06,0,0
3.423,0,0,0,0,0,5.58968854195622e-06,5.47646974521275e-06,5.02838154669934e-06,1.74879216770993e-06,1.75172626284995e-06,1.8290786315722e-06,0,0
3.424,0,0,0,0,0,5.58968854195622e-06,5.47646974521275e-06,5.02838154669934e-06,1.74879216770993e-06,1.75172626284995e-06,1.8290786315722e-06,0,0
3.425,0,0,0,0,0,5.58968854195622e-06,5.47646974521275e-06,5.02838154669934e-06,1.74879216770993e-06,1.75172626284995e-06,1.8290786315722e-06,0,0
3.426,0,0,0,0,0,5.58968854195622e-06,5.47646974521275e-06,5.02838154669934e-06,1.74879216770993e-06,1.75172626284995e-06,1.8290786315722e-06,0,0
3.427,0,0,0,0,0,5.58968854195622e-06,5.47646974521275e-06,5.02838154669934e-06,1.74879216770993e-06,1.75172626284995e-06,1.8290786315722e-06,0,0
3.428,0,0,0,0,0,5.58968854195622e-06,5.47646974521275e-06,5.02838154669934e-06,1.74879216770993e-06,1.75172626284995e-06,1.8290786315722e-06,0,0
3.429,0,0,0,0,0,5.58968854195622e-06,5.47646974521275e-06,5.02838154669934e-06,1.74879216770993e-06,1.75172626284995e-06,1.8290786315722e-06,0,0
3.43,0,0,0,0,0,5.58968854195622e-06,5.47646974521275e-06,5.02838154669934e-06,1.74879216770993e-06,1.75172626284995e-06,1.8290786315722e-06,0,0
3.431,0,0,0,0,0,5.58968854195622e-06,5.47646974521275e-06,5.02838154669934e-06,1.74879216770993e-06,1.75172626284995e-06,1.8290786315722e-06,0,0
3.432,0,0,0,0,0,5.58968854195622e-06,5.47646974521275e-06,5.02838154669934e-06,1.74879216770993e-06,1.75172626284995e-06,1.8290786315722e-06,0,0
3.433,0,0,0,0,0,5.58968854195622e-06,5.47646974521275e-06,5.02838154669934e-06,1.74879216770993e-06,1.75172626284995e-06,1.8290786315722e-06,0,0
3.434,0,0,0,0,0,5.58968854195622e-06,5.47646974521275e-06,5.02838154669934e-06,1.74879216770993e-06,1.75172626284995e-06,1.8290786315722e-06,0,0
3.435,0,0,0,0,0,5.58968854195622e-06,5.47646974521275e-06,5.02838154669934e-06,1.74879216770993e-06,1.75172626284995e-06,1.8290786315722e-06,0,0
3.436,0,0,0,0,0,5.58968854195622e-06,5.47646974521275e-06,5.02838154669934e-06,1.74879216770993e-06,1.75172626284995e-06,1.8290786315722e-06,0,0
3.437,0,0,0,0,0,5.58968854195622e-06,5.47646974521275e-06,5.02838154669934e-06,1.74879216770993e-06,1.75172626284995e-06,1.8290786315722e-06,0,0
3.438,0,0,0,0,0,5.58968854195622e-06,5.47646974521275e-06,5.02838154669934e-06,1.74879216770993e-06,1.75172626284995e-06,1.8290786315722e-06,0,0
3.439,0,0,0,0,0,5.58968854195622e-06,5.47646974521275e-06,5.02838154669934e-06,1.74879216770993e-06,1.75172626284995e-06,1.8290786315722e-06,0,0
3.44,0,0,0,0,0,5.58968854195622e-06,5.47646974521275e-06,5.02838154669934e-06,1.74879216770993e-06,1.75172626284995e-06,1.8290786315722e-06,0,0
3.441,0,0,0,0,0,5.58968854195622e-06,5.47646974521275e-06,5.02838154669934e-06,1.74879216770993e-06,1.75172626284995e-06,1.8290786315722e-06,0,0
3.442,0,0,0,0,0,5.58968854195622e-06,5.47646974521275e-06,5.02838154669934e-06,1.74879216770993e-06,1.75172626284995e-06,1.8290786315722e-06,0,0
3.443,0,0,0,0,0,5.58968854195622e-06,5.47646974521275e-06,5.02838154669934e-06,1.74879216770993e-06,1.75172626284995e-06,1.8290786315722e-06,0,0
3.444,0,0,0,0,0,5.58968854195622e-06,5.47646974521275e-06,5.02838154669934e-06,1.74879216770993e-06,1.75172626284995e-06,1.8290786315722e-06,0,0
3.445,0,0,0,0,0,5.58968854195622e-06,5.47646974521275e-06,5.02838154669934e-06,1.74879216770993e-06,1.75172626284995e-06,1.8290786315722e-06,0,0
3.446,0,0,0,0,0,5.58968854195622e-06,5.47646974521275e-06,5.02838154669934e-06,1.74879216770993e-06,1.75172626284995e-06,1.8290786315722e-06,0,0
3.447,0,0,0,0,0,5.58968854195622e-06,5.47646974521275e-06,5.02838154669934e-06,1.74879216770993e-06,1.75172626284995e-06,1.8290786315722e-06,0,0
3.448,0,0,0,0,0,5.58968854195622e-06,5.47646974521275e-06,5.02838154669934e-06,1.74879216770993e-06,1.75172626284995e-06,1.8290786315722e-06,0,0
3.449,0,0,0,0,0,5.58968854195622e-06,5.47646974521275e-06,5.02838154669934e-06,1.74879216770993e-06,1.75172626284995e-06,1.8290786315722e-06,0,0
3.45,0,0,0,0,0,5.58968854195622e-06,5.47646974521275e-06,5.02838154669934e-06,1.74879216770993e-06,1.75172626284995e-06,1.8290786315722e-06,0,0
3.451,0,0,0,0,0,5.58968854195622e-06,5.47646974521275e-06,5.02838154669934e-06,1.74879216770993e-06,1.75172626284995e-06,1.8290786315722e-06,0,0
3.452,0,0,0,0,0,5.58968854195622e-06,5.47646974521275e-06,5.02838154669934e-06,1.74879216770993e-06,1.75172626284995e-06,1.8290786315722e-06,0,0
3.453,0,0,0,0,0,5.58968854195622e-06,5.47646974521275e-06,5.02838154669934e-06,1.74879216770993e-06,1.75172626284995e-06,1.8290786315722e-06,0,0
3.454,0,0,0,0,0,5.58968854195622e-06,5.47646974521275e-06,5.02838154669934e-06,1.74879216770993e-06,1.75172626284995e-06,1.8290786315722e-06,0,0
3.455,0,0,0,0,0,5.58968854195622e-06,5.47646974521275e-06,5.02838154669934e-06,1.74879216770993e-06,1.75172626284995e-06,1.8290786315722e-06,0,0
3.456,0,0,0,0,0,5.58968854195622e-06,5.47646974521275e-06,5.02838154669934e-06,1.74879216770993e-06,1.75172626284995e-06,1.8290786315722e-06,0,0
3.457,0,0,0,0,0,5.58968854195622e-06,5.47646974521275e-06,5.02838154669934e-06,1.74879216770993e-06,1.75172626284995e-06,1.8290786315722e-06,0,0
3.458,0,0,0,0,0,5.58968854195622e-06,5.47646974521275e-06,5.02838154669934e-06,1.74879216770993e-06,1.75172626284995e-06,1.8290786315722e-06,0,0
3.459,0,0,0,0,0,5.58968854195622e-06,5.47646974521275e-06,5.02838154669934e-06,1.74879216770993e-06,1.75172626284995e-06,1.8290786315722e-06,0,0
3.46,0,0,0,0,0,5.58968854195622e-06,5.47646974521275e-06,5.02838154669934e-06,1.74879216770993e-06,1.75172626284995e-06,1.8290786315722e-06,0,0
3.461,0,0,0,0,0,5.58968854195622e-06,5.47646974521275e-06,5.02838154669934e-06,1.74879216770993e-06,1.75172626284995e-06,1.8290786315722e-06,0,0
3.462,0,0,0,0,0,5.58968854195622e-06,5.47646974521275e-06,5.02838154669934e-06,1.74879216770993e-06,1.75172626284995e-06,1.8290786315722e-06,0,0
3.463,0,0,0,0,0,5.58968854195622e-06,5.47646974521275e-06,5.02838154669934e-06,1.74879216770993e-06,1.75172626284995e-06,1.8290786315722e-06,0,0
3.464,0,0,0,0,0,5.58968854195622e-06,5.47646974521275e-06,5.02838154669934e-06,1.74879216770993e-06,1.75172626284995e-06,1.8290786315722e-06,0,0
3.465,0,0,0,0,0,5.58968854195622e-06,5.47646974521275e-06,5.02838154669934e-06,1.74879216770993e-06,1.75172626284995e-06,1.8290786315722e-06,0,0
3.466,0,0,0,0,0,5.58968854195622e-06,5.47646974521275e-06,5.02838154669934e-06,1.74879216770993e-06,1.75172626284995e-06,1.8290786315722e-06,0,0
3.467,0,0,0,0,0,5.58968854195622e-06,5.47646974521275e-06,5.02838154669934e-06,1.74879216770993e-06,1.75172626284995e-06,1.8290786315722e-06,0,0
3.468,0,0,0,0,0,5.58968854195622e-06,5.47646974521275e-06,5.02838154669934e-06,1.74879216770993e-06,1.75172626284995e-06,1.8290786315722e-06,0,0
3.469,0,0,0,0,0,5.58968854195622e-06,5.47646974521275e-06,5.02838154669934e-06,1.74879216770993e-06,1.75172626284995e-06,1.8290786315722e-06,0,0
3.47,0,0,0,0,0,5.58968854195622e-06,5.47646974521275e-06,5.02838154669934e-06,1.74879216770993e-06,1.75172626284995e-06,1.8290786315722e-06,0,0
3.471,0,0,0,0,0,5.58968854195622e-06,5.47646974521275e-06,5.02838154669934e-06,1.74879216770993e-06,1.75172626284995e-06,1.8290786315722e-06,0,0
3.472,0,0,0,0,0,5.58968854195622e-06,5.47646974521275e-06,5.02838154669934e-06,1.74879216770993e-06,1.75172626284995e-06,1.8290786315722e-06,0,0
3.473,0,0,0,0,0,5.58968854195622e-06,5.47646974521275e-06,5.02838154669934e-06,1.74879216770993e-06,1.75172626284995e-06,1.8290786315722e-06,0,0
3.474,0,0,0,0,0,5.58968854195622e-06,5.47646974521275e-06,5.02838154669934e-06,1.74879216770993e-06,1.75172626284995e-06,1.8290786315722e-06,0,0
3.475,0,0,0,0,0,5.58968854195622e-06,5.47646974521275e-06,5.02838154669934e-06,1.74879216770993e-06,1.75172626284995e-06,1.8290786315722e-06,0,0
3.476,0,0,0,0,0,5.58968854195622e-06,5.47646974521275e-06,5.02838154669934e-06,1.74879216770993e-06,1.75172626284995e-06,1.8290786315722e-06,0,0
3.477,0,0,0,0,0,5.58968854195622e-06,5.47646974521275e-06,5.02838154669934e-06,1.74879216770993e-06,1.75172626284995e-06,1.8290786315722e-06,0,0
3.478,0,0,0,0,0,5.58968854195622e-06,5.47646974521275e-06,5.02838154669934e-06,1.74879216770993e-06,1.75172626284995e-06,1.8290786315722e-06,0,0
3.479,0,0,0,0,0,5.58968854195622e-06,5.47646974521275e-06,5.02838154669934e-06,1.74879216770993e-06,1.75172626284995e-06,1.8290786315722e-06,0,0
3.48,0,0,0,0,0,5.58968854195622e-06,5.47646974521275e-06,5.02838154669934e-06,1.74879216770993e-06,1.75172626284995e-06,1.8290786315722e-06,0,0
3.481,0,0,0,0,0,5.58968854195622e-06,5.47646974521275e-06,5.02838154669934e-06,1.74879216770993e-06,1.75172626284995e-06,1.8290786315722e-06,0,0
3.482,0,0,0,0,0,5.58968854195622e-06,5.47646974521275e-06,5.02838154669934e-06,1.74879216770993e-06,1.75172626284995e-06,1.8290786315722e-06,0,0
3.483,0,0,0,0,0,5.58968854195622e-06,5.47646974521275e-06,5.02838154669934e-06,1.74879216770993e-06,1.75172626284995e-06,1.8290786315722e-06,0,0
3.484,0,0,0,0,0,5.58968854195622e-06,5.47646974521275e-06,5.02838154669934e-06,1.74879216770993e-06,1.75172626284995e-06,1.8290786315722e-06,0,0
3.485,0,0,0,0,0,5.58968854195622e-06,5.47646974521275e-06,5.02838154669934e-06,1.74879216770993e-06,1.75172626284995e-06,1.8290786315722e-06,0,0
3.486,0,0,0,0,0,5.58968854195622e-06,5.47646974521275e-06,5.02838154669934e-06,1.74879216770993e-06,1.75172626284995e-06,1.8290786315722e-06,0,0
3.487,0,0,0,0,0,5.58968854195622e-06,5.47646974521275e-06,5.02838154669934e-06,1.74879216770993e-06,1.75172626284995e-06,1.8290786315722e-06,0,0
3.488,0,0,0,0,0,5.58968854195622e-06,5.47646974521275e-06,5.02838154669934e-06,1.74879216770993e-06,1.75172626284995e-06,1.8290786315722e-06,0,0
3.489,0,0,0,0,0,5.58968854195622e-06,5.47646974521275e-06,5.02838154669934e-06,1.74879216770993e-06,1.75172626284995e-06,1.8290786315722e-06,0,0
3.49,0,0,0,0,0,5.58968854195622e-06,5.47646974521275e-06,5.02838154669934e-06,1.74879216770993e-06,1.75172626284995e-06,1.8290786315722e-06,0,0
3.491,0,0,0,0,0,5.58968854195622e-06,5.47646974521275e-06,5.02838154669934e-06,1.74879216770993e-06,1.75172626284995e-06,1.8290786315722e-06,0,0
3.492,0,0,0,0,0,5.58968854195622e-06,5.47646974521275e-06,5.02838154669934e-06,1.74879216770993e-06,1.75172626284995e-06,1.8290786315722e-06,0,0
3.493,0,0,0,0,0,5.58968854195622e-06,5.47646974521275e-06,5.02838154669934e-06,1.74879216770993e-06,1.75172626284995e-06,1.8290786315722e-06,0,0
3.494,0,0,0,0,0,5.58968854195622e-06,5.47646974521275e-06,5.02838154669934e-06,1.74879216770993e-06,1.75172626284995e-06,1.8290786315722e-06,0,0
3.495,0,0,0,0,0,5.58968854195622e-06,5.47646974521275e-06,5.02838154669934e-06,1.74879216770993e-06,1.75172626284995e-06,1.8290786315722e-06,0,0
3.496,0,0,0,0,0,5.58968854195622e-06,5.47646974521275e-06,5.02838154669934e-06,1.74879216770993e-06,1.75172626284995e-06,1.8290786315722e-06,0,0
3.497,0,0,0,0,0,5.58968854195622e-06,5.47646974521275e-06,5.02838154669934e-06,1.74879216770993e-06,1.75172626284995e-06,1.8290786315722e-06,0,0
3.498,0,0,0,0,0,5.58968854195622e-06,5.47646974521275e-06,5.02838154669934e-06,1.74879216770993e-06,1.75172626284995e-06,1.8290786315722e-06,0,0
3.499,0,0,0,0,0,5.58968854195622e-06,5.47646974521275e-06,5.02838154669934e-06,1.74879216770993e-06,1.75172626284995e-06,1.8290786315722e-06,0,0
3.5,0,0,0,0,0,5.58968854195622e-06,5.47646974521275e-06,5.02838154669934e-06,1.74879216770993e-06,1.75172626284995e-06,1.8290786315722e-06,0,0
3.501,0,0,0,0,0,5.58968854195622e-06,5.47646974521275e-06,5.02838154669934e-06,1.74879216770993e-06,1.75172626284995e-06,1.8290786315722e-06,0,0
3.502,0,0,0,0,0,5.58968854195622e-06,5.47646974521275e-06,5.02838154669934e-06,1.74879216770993e-06,1.75172626284995e-06,1.8290786315722e-06,0,0
3.503,0,0,0,0,0,5.58968854195622e-06,5.47646974521275e-06,5.02838154669934e-06,1.74879216770993e-06,1.75172626284995e-06,1.8290786315722e-06,0,0
3.504,0,0,0,0,0,5.58968854195622e-06,5.47646974521275e-06,5.02838154669934e-06,1.74879216770993e-06,1.75172626284995e-06,1.8290786315722e-06,0,0
3.505,0,0,0,0,0,5.58968854195622e-06,5.47646974521275e-06,5.02838154669934e-06,1.74879216770993e-06,1.75172626284995e-06,1.8290786315722e-06,0,0
3.506,0,0,0,0,0,5.58968854195622e-06,5.47646974521275e-06,5.02838154669934e-06,1.74879216770993e-06,1.75172626284995e-06,1.8290786315722e-06,0,0
3.507,0,0,0,0,0,5.58968854195622e-06,5.47646974521275e-06,5.02838154669934e-06,1.74879216770993e-06,1.75172626284995e-06,1.8290786315722e-06,0,0
3.508,0,0,0,0,0,5.58968854195622e-06,5.47646974521275e-06,5.02838154669934e-06,1.74879216770993e-06,1.75172626284995e-06,1.8290786315722e-06,0,0
3.509,0,0,0,0,0,5.58968854195622e-06,5.47646974521275e-06,5.02838154669934e-06,1.74879216770993e-06,1.75172626284995e-06,1.8290786315722e-06,0,0
3.51,0,0,0,0,0,5.58968854195622e-06,5.47646974521275e-06,5.02838154669934e-06,1.74879216770993e-06,1.75172626284995e-06,1.8290786315722e-06,0,0
3.511,0,0,0,0,0,5.58968854195622e-06,5.47646974521275e-06,5.02838154669934e-06,1.74879216770993e-06,1.75172626284995e-06,1.8290786315722e-06,0,0
3.512,0,0,0,0,0,5.58968854195622e-06,5.47646974521275e-06,5.02838154669934e-06,1.74879216770993e-06,1.75172626284995e-06,1.8290786315722e-06,0,0
3.513,0,0,0,0,0,5.58968854195622e-06,5.47646974521275e-06,5.02838154669934e-06,1.74879216770993e-06,1.75172626284995e-06,1.8290786315722e-06,0,0
3.514,0,0,0,0,0,5.58968854195622e-06,5.47646974521275e-06,5.02838154669934e-06,1.74879216770993e-06,1.75172626284995e-06,1.8290786315722e-06,0,0
3.515,0,0,0,0,0,5.58968854195622e-06,5.47646974521275e-06,5.02838154669934e-06,1.74879216770993e-06,1.75172626284995e-06,1.8290786315722e-06,0,0
3.516,0,0,0,0,0,5.58968854195622e-06,5.47646974521275e-06,5.02838154669934e-06,1.74879216770993e-06,1.75172626284995e-06,1.8290786315722e-06,0,0
3.517,0,0,0,0,0,5.58968854195622e-06,5.47646974521275e-06,5.02838154669934e-06,1.74879216770993e-06,1.75172626284995e-06,1.8290786315722e-06,0,0
3.518,0,0,0,0,0,5.58968854195622e-06,5.47646974521275e-06,5.02838154669934e-06,1.74879216770993e-06,1.75172626284995e-06,1.8290786315722e-06,0,0
3.519,0,0,0,0,0,5.58968854195622e-06,5.47646974521275e-06,5.02838154669934e-06,1.74879216770993e-06,1.75172626284995e-06,1.8290786315722e-06,0,0
3.52,0,0,0,0,0,5.58968854195622e-06,5.47646974521275e-06,5.02838154669934e-06,1.74879216770993e-06,1.75172626284995e-06,1.8290786315722e-06,0,0
3.521,0,0,0,0,0,5.58968854195622e-06,5.47646974521275e-06,5.02838154669934e-06,1.74879216770993e-06,1.75172626284995e-06,1.8290786315722e-06,0,0
3.522,0,0,0,0,0,5.58968854195622e-06,5.47646974521275e-06,5.02838154669934e-06,1.74879216770993e-06,1.75172626284995e-06,1.8290786315722e-06,0,0
3.523,0,0,0,0,0,5.58968854195622e-06,5.47646974521275e-06,5.02838154669934e-06,1.74879216770993e-06,1.75172626284995e-06,1.8290786315722e-06,0,0
3.524,0,0,0,0,0,5.58968854195622e-06,5.47646974521275e-06,5.02838154669934e-06,1.74879216770993e-06,1.75172626284995e-06,1.8290786315722e-06,0,0
3.525,0,0,0,0,0,5.58968854195622e-06,5.47646974521275e-06,5.02838154669934e-06,1.74879216770993e-06,1.75172626284995e-06,1.8290786315722e-06,0,0
3.526,0,0,0,0,0,5.58968854195622e-06,5.47646974521275e-06,5.02838154669934e-06,1.74879216770993e-06,1.75172626284995e-06,1.8290786315722e-06,0,0
3.527,0,0,0,0,0,5.58968854195622e-06,5.47646974521275e-06,5.02838154669934e-06,1.74879216770993e-06,1.75172626284995e-06,1.8290786315722e-06,0,0
3.528,0,0,0,0,0,5.58968854195622e-06,5.47646974521275e-06,5.02838154669934e-06,1.74879216770993e-06,1.75172626284995e-06,1.8290786315722e-06,0,0
3.529,0,0,0,0,0,5.58968854195622e-06,5.47646974521275e-06,5.02838154669934e-06,1.74879216770993e-06,1.75172626284995e-06,1.8290786315722e-06,0,0
3.53,0,0,0,0,0,5.58968854195622e-06,5.47646974521275e-06,5.02838154669934e-06,1.74879216770993e-06,1.75172626284995e-06,1.8290786315722e-06,0,0
3.531,0,0,0,0,0,5.58968854195622e-06,5.47646974521275e-06,5.02838154669934e-06,1.74879216770993e-06,1.75172626284995e-06,1.8290786315722e-06,0,0
3.532,0,0,0,0,0,5.58968854195622e-06,5.47646974521275e-06,5.02838154669934e-06,1.74879216770993e-06,1.75172626284995e-06,1.8290786315722e-06,0,0
3.533,0,0,0,0,0,5.58968854195622e-06,5.47646974521275e-06,5.02838154669934e-06,1.74879216770993e-06,1.75172626284995e-06,1.8290786315722e-06,0,0
3.534,0,0,0,0,0,5.58968854195622e-06,5.47646974521275e-06,5.02838154669934e-06,1.74879216770993e-06,1.75172626284995e-06,1.8290786315722e-06,0,0
3.535,0,0,0,0,0,5.58968854195622e-06,5.47646974521275e-06,5.02838154669934e-06,1.74879216770993e-06,1.75172626284995e-06,1.8290786315722e-06,0,0
3.536,0,0,0,0,0,5.58968854195622e-06,5.47646974521275e-06,5.02838154669934e-06,1.74879216770993e-06,1.75172626284995e-06,1.8290786315722e-06,0,0
3.537,0,0,0,0,0,5.58968854195622e-06,5.47646974521275e-06,5.02838154669934e-06,1.74879216770993e-06,1.75172626284995e-06,1.8290786315722e-06,0,0
3.538,0,0,0,0,0,5.58968854195622e-06,5.47646974521275e-06,5.02838154669934e-06,1.74879216770993e-06,1.75172626284995e-06,1.8290786315722e-06,0,0
3.539,0,0,0,0,0,5.58968854195622e-06,5.47646974521275e-06,5.02838154669934e-06,1.74879216770993e-06,1.75172626284995e-06,1.8290786315722e-06,0,0
3.54,0,0,0,0,0,5.58968854195622e-06,5.47646974521275e-06,5.02838154669934e-06,1.74879216770993e-06,1.75172626284995e-06,1.8290786315722e-06,0,0
3.541,0,0,0,0,0,5.58968854195622e-06,5.47646974521275e-06,5.02838154669934e-06,1.74879216770993e-06,1.75172626284995e-06,1.8290786315722e-06,0,0
3.542,0,0,0,0,0,5.58968854195622e-06,5.47646974521275e-06,5.02838154669934e-06,1.74879216770993e-06,1.75172626284995e-06,1.8290786315722e-06,0,0
3.543,0,0,0,0,0,5.58968854195622e-06,5.47646974521275e-06,5.02838154669934e-06,1.74879216770993e-06,1.75172626284995e-06,1.8290786315722e-06,0,0
3.544,0,0,0,0,0,5.58968854195622e-06,5.47646974521275e-06,5.02838154669934e-06,1.74879216770993e-06,1.75172626284995e-06,1.8290786315722e-06,0,0
3.545,0,0,0,0,0,5.58968854195622e-06,5.47646974521275e-06,5.02838154669934e-06,1.74879216770993e-06,1.75172626284995e-06,1.8290786315722e-06,0,0
3.546,0,0,0,0,0,5.58968854195622e-06,5.47646974521275e-06,5.02838154669934e-06,1.74879216770993e-06,1.75172626284995e-06,1.8290786315722e-06,0,0
3.547,0,0,0,0,0,5.58968854195622e-06,5.47646974521275e-06,5.02838154669934e-06,1.74879216770993e-06,1.75172626284995e-06,1.8290786315722e-06,0,0
3.548,0,0,0,0,0,5.58968854195622e-06,5.47646974521275e-06,5.02838154669934e-06,1.74879216770993e-06,1.75172626284995e-06,1.8290786315722e-06,0,0
3.549,0,0,0,0,0,5.58968854195622e-06,5.47646974521275e-06,5.02838154669934e-06,1.74879216770993e-06,1.75172626284995e-06,1.8290786315722e-06,0,0
3.55,0,0,0,0,0,5.58968854195622e-06,5.47646974521275e-06,5.02838154669934e-06,1.74879216770993e-06,1.75172626284995e-06,1.8290786315722e-06,0,0
3.551,0,0,0,0,0,5.58968854195622e-06,5.47646974521275e-06,5.02838154669934e-06,1.74879216770993e-06,1.75172626284995e-06,1.8290786315722e-06,0,0
3.552,0,0,0,0,0,5.58968854195622e-06,5.47646974521275e-06,5.02838154669934e-06,1.74879216770993e-06,1.75172626284995e-06,1.8290786315722e-06,0,0
3.553,0,0,0,0,0,5.58968854195622e-06,5.47646974521275e-06,5.02838154669934e-06,1.74879216770993e-06,1.75172626284995e-06,1.8290786315722e-06,0,0
3.554,0,0,0,0,0,5.58968854195622e-06,5.47646974521275e-06,5.02838154669934e-06,1.74879216770993e-06,1.75172626284995e-06,1.8290786315722e-06,0,0
3.555,0,0,0,0,0,5.58968854195622e-06,5.47646974521275e-06,5.02838154669934e-06,1.74879216770993e-06,1.75172626284995e-06,1.8290786315722e-06,0,0
3.556,0,0,0,0,0,5.58968854195622e-06,5.47646974521275e-06,5.02838154669934e-06,1.74879216770993e-06,1.75172626284995e-06,1.8290786315722e-06,0,0
3.557,0,0,0,0,0,5.58968854195622e-06,5.47646974521275e-06,5.02838154669934e-06,1.74879216770993e-06,1.75172626284995e-06,1.8290786315722e-06,0,0
3.558,0,0,0,0,0,5.58968854195622e-06,5.47646974521275e-06,5.02838154669934e-06,1.74879216770993e-06,1.75172626284995e-06,1.8290786315722e-06,0,0
3.559,0,0,0,0,0,5.58968854195622e-06,5.47646974521275e-06,5.02838154669934e-06,1.74879216770993e-06,1.75172626284995e-06,1.8290786315722e-06,0,0
3.56,0,0,0,0,0,5.58968854195622e-06,5.47646974521275e-06,5.02838154669934e-06,1.74879216770993e-06,1.75172626284995e-06,1.8290786315722e-06,0,0
3.561,0,0,0,0,0,5.58968854195622e-06,5.47646974521275e-06,5.02838154669934e-06,1.74879216770993e-06,1.75172626284995e-06,1.8290786315722e-06,0,0
3.562,0,0,0,0,0,5.58968854195622e-06,5.47646974521275e-06,5.02838154669934e-06,1.74879216770993e-06,1.75172626284995e-06,1.8290786315722e-06,0,0
3.563,0,0,0,0,0,5.58968854195622e-06,5.47646974521275e-06,5.02838154669934e-06,1.74879216770993e-06,1.75172626284995e-06,1.8290786315722e-06,0,0
3.564,0,0,0,0,0,5.58968854195622e-06,5.47646974521275e-06,5.02838154669934e-06,1.74879216770993e-06,1.75172626284995e-06,1.8290786315722e-06,0,0
3.565,0,0,0,0,0,5.58968854195622e-06,5.47646974521275e-06,5.02838154669934e-06,1.74879216770993e-06,1.75172626284995e-06,1.8290786315722e-06,0,0
3.566,0,0,0,0,0,5.58968854195622e-06,5.47646974521275e-06,5.02838154669934e-06,1.74879216770993e-06,1.75172626284995e-06,1.8290786315722e-06,0,0
3.567,0,0,0,0,0,5.58968854195622e-06,5.47646974521275e-06,5.02838154669934e-06,1.74879216770993e-06,1.75172626284995e-06,1.8290786315722e-06,0,0
3.568,0,0,0,0,0,5.58968854195622e-06,5.47646974521275e-06,5.02838154669934e-06,1.74879216770993e-06,1.75172626284995e-06,1.8290786315722e-06,0,0
3.569,0,0,0,0,0,5.58968854195622e-06,5.47646974521275e-06,5.02838154669934e-06,1.74879216770993e-06,1.75172626284995e-06,1.8290786315722e-06,0,0
3.57,0,0,0,0,0,5.58968854195622e-06,5.47646974521275e-06,5.02838154669934e-06,1.74879216770993e-06,1.75172626284995e-06,1.8290786315722e-06,0,0
3.571,0,0,0,0,0,5.58968854195622e-06,5.47646974521275e-06,5.02838154669934e-06,1.74879216770993e-06,1.75172626284995e-06,1.8290786315722e-06,0,0
3.572,0,0,0,0,0,5.58968854195622e-06,5.47646974521275e-06,5.02838154669934e-06,1.74879216770993e-06,1.75172626284995e-06,1.8290786315722e-06,0,0
3.573,0,0,0,0,0,5.58968854195622e-06,5.47646974521275e-06,5.02838154669934e-06,1.74879216770993e-06,1.75172626284995e-06,1.8290786315722e-06,0,0
3.574,0,0,0,0,0,5.58968854195622e-06,5.47646974521275e-06,5.02838154669934e-06,1.74879216770993e-06,1.75172626284995e-06,1.8290786315722e-06,0,0
3.575,0,0,0,0,0,5.58968854195622e-06,5.47646974521275e-06,5.02838154669934e-06,1.74879216770993e-06,1.75172626284995e-06,1.8290786315722e-06,0,0
3.576,0,0,0,0,0,5.58968854195622e-06,5.47646974521275e-06,5.02838154669934e-06,1.74879216770993e-06,1.75172626284995e-06,1.8290786315722e-06,0,0
3.577,0,0,0,0,0,5.58968854195622e-06,5.47646974521275e-06,5.02838154669934e-06,1.74879216770993e-06,1.75172626284995e-06,1.8290786315722e-06,0,0
3.578,0,0,0,0,0,5.58968854195622e-06,5.47646974521275e-06,5.02838154669934e-06,1.74879216770993e-06,1.75172626284995e-06,1.8290786315722e-06,0,0
3.579,0,0,0,0,0,5.58968854195622e-06,5.47646974521275e-06,5.02838154669934e-06,1.74879216770993e-06,1.75172626284995e-06,1.8290786315722e-06,0,0
3.58,0,0,0,0,0,5.58968854195622e-06,5.47646974521275e-06,5.02838154669934e-06,1.74879216770993e-06,1.75172626284995e-06,1.8290786315722e-06,0,0
3.581,0,0,0,0,0,5.58968854195622e-06,5.47646974521275e-06,5.02838154669934e-06,1.74879216770993e-06,1.75172626284995e-06,1.8290786315722e-06,0,0
3.582,0,0,0,0,0,5.58968854195622e-06,5.47646974521275e-06,5.02838154669934e-06,1.74879216770993e-06,1.75172626284995e-06,1.8290786315722e-06,0,0
3.583,0,0,0,0,0,5.58968854195622e-06,5.47646974521275e-06,5.02838154669934e-06,1.74879216770993e-06,1.75172626284995e-06,1.8290786315722e-06,0,0
3.584,0,0,0,0,0,5.58968854195622e-06,5.47646974521275e-06,5.02838154669934e-06,1.74879216770993e-06,1.75172626284995e-06,1.8290786315722e-06,0,0
3.585,0,0,0,0,0,5.58968854195622e-06,5.47646974521275e-06,5.02838154669934e-06,1.74879216770993e-06,1.75172626284995e-06,1.8290786315722e-06,0,0
3.586,0,0,0,0,0,5.58968854195622e-06,5.47646974521275e-06,5.02838154669934e-06,1.74879216770993e-06,1.75172626284995e-06,1.8290786315722e-06,0,0
3.587,0,0,0,0,0,5.58968854195622e-06,5.47646974521275e-06,5.02838154669934e-06,1.74879216770993e-06,1.75172626284995e-06,1.8290786315722e-06,0,0
3.588,0,0,0,0,0,5.58968854195622e-06,5.47646974521275e-06,5.02838154669934e-06,1.74879216770993e-06,1.75172626284995e-06,1.8290786315722e-06,0,0
3.589,0,0,0,0,0,5.58968854195622e-06,5.47646974521275e-06,5.02838154669934e-06,1.74879216770993e-06,1.75172626284995e-06,1.8290786315722e-06,0,0
3.59,0,0,0,0,0,5.58968854195622e-06,5.47646974521275e-06,5.02838154669934e-06,1.74879216770993e-06,1.75172626284995e-06,1.8290786315722e-06,0,0
3.591,0,0,0,0,0,5.58968854195622e-06,5.47646974521275e-06,5.02838154669934e-06,1.74879216770993e-06,1.75172626284995e-06,1.8290786315722e-06,0,0
3.592,0,0,0,0,0,5.58968854195622e-06,5.47646974521275e-06,5.02838154669934e-06,1.74879216770993e-06,1.75172626284995e-06,1.8290786315722e-06,0,0
3.593,0,0,0,0,0,5.58968854195622e-06,5.47646974521275e-06,5.02838154669934e-06,1.74879216770993e-06,1.75172626284995e-06,1.8290786315722e-06,0,0
3.594,0,0,0,0,0,5.58968854195622e-06,5.47646974521275e-06,5.02838154669934e-06,1.74879216770993e-06,1.75172626284995e-06,1.8290786315722e-06,0,0
3.595,0,0,0,0,0,5.58968854195622e-06,5.47646974521275e-06,5.02838154669934e-06,1.74879216770993e-06,1.75172626284995e-06,1.8290786315722e-06,0,0
3.596,0,0,0,0,0,5.58968854195622e-06,5.47646974521275e-06,5.02838154669934e-06,1.74879216770993e-06,1.75172626284995e-06,1.8290786315722e-06,0,0
3.597,0,0,0,0,0,5.58968854195622e-06,5.47646974521275e-06,5.02838154669934e-06,1.74879216770993e-06,1.75172626284995e-06,1.8290786315722e-06,0,0
3.598,0,0,0,0,0,5.58968854195622e-06,5.47646974521275e-06,5.02838154669934e-06,1.74879216770993e-06,1.75172626284995e-06,1.8290786315722e-06,0,0
3.599,0,0,0,0,0,5.58968854195622e-06,5.47646974521275e-06,5.02838154669934e-06,1.74879216770993e-06,1.75172626284995e-06,1.8290786315722e-06,0,0
3.6,0,0,0,0,0,5.58968854195622e-06,5.47646974521275e-06,5.02838154669934e-06,1.74879216770993e-06,1.75172626284995e-06,1.8290786315722e-06,0,0
3.601,0,0,0,0,0,5.58968854195622e-06,5.47646974521275e-06,5.02838154669934e-06,1.74879216770993e-06,1.75172626284995e-06,1.8290786315722e-06,0,0
3.602,0,0,0,0,0,5.58968854195622e-06,5.47646974521275e-06,5.02838154669934e-06,1.74879216770993e-06,1.75172626284995e-06,1.8290786315722e-06,0,0
3.603,0,0,0,0,0,5.58968854195622e-06,5.47646974521275e-06,5.02838154669934e-06,1.74879216770993e-06,1.75172626284995e-06,1.8290786315722e-06,0,0
3.604,0,0,0,0,0,5.58968854195622e-06,5.47646974521275e-06,5.02838154669934e-06,1.74879216770993e-06,1.75172626284995e-06,1.8290786315722e-06,0,0
3.605,0,0,0,0,0,5.58968854195622e-06,5.47646974521275e-06,5.02838154669934e-06,1.74879216770993e-06,1.75172626284995e-06,1.8290786315722e-06,0,0
3.606,0,0,0,0,0,5.58968854195622e-06,5.47646974521275e-06,5.02838154669934e-06,1.74879216770993e-06,1.75172626284995e-06,1.8290786315722e-06,0,0
3.607,0,0,0,0,0,5.58968854195622e-06,5.47646974521275e-06,5.02838154669934e-06,1.74879216770993e-06,1.75172626284995e-06,1.8290786315722e-06,0,0
3.608,0,0,0,0,0,5.58968854195622e-06,5.47646974521275e-06,5.02838154669934e-06,1.74879216770993e-06,1.75172626284995e-06,1.8290786315722e-06,0,0
3.609,0,0,0,0,0,5.58968854195622e-06,5.47646974521275e-06,5.02838154669934e-06,1.74879216770993e-06,1.75172626284995e-06,1.8290786315722e-06,0,0
3.61,0,0,0,0,0,5.58968854195622e-06,5.47646974521275e-06,5.02838154669934e-06,1.74879216770993e-06,1.75172626284995e-06,1.8290786315722e-06,0,0
3.611,0,0,0,0,0,5.58968854195622e-06,5.47646974521275e-06,5.02838154669934e-06,1.74879216770993e-06,1.75172626284995e-06,1.8290786315722e-06,0,0
3.612,0,0,0,0,0,5.58968854195622e-06,5.47646974521275e-06,5.02838154669934e-06,1.74879216770993e-06,1.75172626284995e-06,1.8290786315722e-06,0,0
3.613,0,0,0,0,0,5.58968854195622e-06,5.47646974521275e-06,5.02838154669934e-06,1.74879216770993e-06,1.75172626284995e-06,1.8290786315722e-06,0,0
3.614,0,0,0,0,0,5.58968854195622e-06,5.47646974521275e-06,5.02838154669934e-06,1.74879216770993e-06,1.75172626284995e-06,1.8290786315722e-06,0,0
3.615,0,0,0,0,0,5.58968854195622e-06,5.47646974521275e-06,5.02838154669934e-06,1.74879216770993e-06,1.75172626284995e-06,1.8290786315722e-06,0,0
3.616,0,0,0,0,0,5.58968854195622e-06,5.47646974521275e-06,5.02838154669934e-06,1.74879216770993e-06,1.75172626284995e-06,1.8290786315722e-06,0,0
3.617,0,0,0,0,0,5.58968854195622e-06,5.47646974521275e-06,5.02838154669934e-06,1.74879216770993e-06,1.75172626284995e-06,1.8290786315722e-06,0,0
3.618,0,0,0,0,0,5.58968854195622e-06,5.47646974521275e-06,5.02838154669934e-06,1.74879216770993e-06,1.75172626284995e-06,1.8290786315722e-06,0,0
3.619,0,0,0,0,0,5.58968854195622e-06,5.47646974521275e-06,5.02838154669934e-06,1.74879216770993e-06,1.75172626284995e-06,1.8290786315722e-06,0,0
3.62,0,0,0,0,0,5.58968854195622e-06,5.47646974521275e-06,5.02838154669934e-06,1.74879216770993e-06,1.75172626284995e-06,1.8290786315722e-06,0,0
3.621,0,0,0,0,0,5.58968854195622e-06,5.47646974521275e-06,5.02838154669934e-06,1.74879216770993e-06,1.75172626284995e-06,1.8290786315722e-06,0,0
3.622,0,0,0,0,0,5.58968854195622e-06,5.47646974521275e-06,5.02838154669934e-06,1.74879216770993e-06,1.75172626284995e-06,1.8290786315722e-06,0,0
3.623,0,0,0,0,0,5.58968854195622e-06,5.47646974521275e-06,5.02838154669934e-06,1.74879216770993e-06,1.75172626284995e-06,1.8290786315722e-06,0,0
3.624,0,0,0,0,0,5.58968854195622e-06,5.47646974521275e-06,5.02838154669934e-06,1.74879216770993e-06,1.75172626284995e-06,1.8290786315722e-06,0,0
3.625,0,0,0,0,0,5.58968854195622e-06,5.47646974521275e-06,5.02838154669934e-06,1.74879216770993e-06,1.75172626284995e-06,1.8290786315722e-06,0,0
3.626,0,0,0,0,0,5.58968854195622e-06,5.47646974521275e-06,5.02838154669934e-06,1.74879216770993e-06,1.75172626284995e-06,1.8290786315722e-06,0,0
3.627,0,0,0,0,0,5.58968854195622e-06,5.47646974521275e-06,5.02838154669934e-06,1.74879216770993e-06,1.75172626284995e-06,1.8290786315722e-06,0,0
3.628,0,0,0,0,0,5.58968854195622e-06,5.47646974521275e-06,5.02838154669934e-06,1.74879216770993e-06,1.75172626284995e-06,1.8290786315722e-06,0,0
3.629,0,0,0,0,0,5.58968854195622e-06,5.47646974521275e-06,5.02838154669934e-06,1.74879216770993e-06,1.75172626284995e-06,1.8290786315722e-06,0,0
3.63,0,0,0,0,0,5.58968854195622e-06,5.47646974521275e-06,5.02838154669934e-06,1.74879216770993e-06,1.75172626284995e-06,1.8290786315722e-06,0,0
3.631,0,0,0,0,0,5.58968854195622e-06,5.47646974521275e-06,5.02838154669934e-06,1.74879216770993e-06,1.75172626284995e-06,1.8290786315722e-06,0,0
3.632,0,0,0,0,0,5.58968854195622e-06,5.47646974521275e-06,5.02838154669934e-06,1.74879216770993e-06,1.75172626284995e-06,1.8290786315722e-06,0,0
3.633,0,0,0,0,0,5.58968854195622e-06,5.47646974521275e-06,5.02838154669934e-06,1.74879216770993e-06,1.75172626284995e-06,1.8290786315722e-06,0,0
3.634,0,0,0,0,0,5.58968854195622e-06,5.47646974521275e-06,5.02838154669934e-06,1.74879216770993e-06,1.75172626284995e-06,1.8290786315722e-06,0,0
3.635,0,0,0,0,0,5.58968854195622e-06,5.47646974521275e-06,5.02838154669934e-06,1.74879216770993e-06,1.75172626284995e-06,1.8290786315722e-06,0,0
3.636,0,0,0,0,0,5.58968854195622e-06,5.47646974521275e-06,5.02838154669934e-06,1.74879216770993e-06,1.75172626284995e-06,1.8290786315722e-06,0,0
3.637,0,0,0,0,0,5.58968854195622e-06,5.47646974521275e-06,5.02838154669934e-06,1.74879216770993e-06,1.75172626284995e-06,1.8290786315722e-06,0,0
3.638,0,0,0,0,0,5.58968854195622e-06,5.47646974521275e-06,5.02838154669934e-06,1.74879216770993e-06,1.75172626284995e-06,1.8290786315722e-06,0,0
3.639,0,0,0,0,0,5.58968854195622e-06,5.47646974521275e-06,5.02838154669934e-06,1.74879216770993e-06,1.75172626284995e-06,1.8290786315722e-06,0,0
3.64,0,0,0,0,0,5.58968854195622e-06,5.47646974521275e-06,5.02838154669934e-06,1.74879216770993e-06,1.75172626284995e-06,1.8290786315722e-06,0,0
3.641,0,0,0,0,0,5.58968854195622e-06,5.47646974521275e-06,5.02838154669934e-06,1.74879216770993e-06,1.75172626284995e-06,1.8290786315722e-06,0,0
3.642,0,0,0,0,0,5.58968854195622e-06,5.47646974521275e-06,5.02838154669934e-06,1.74879216770993e-06,1.75172626284995e-06,1.8290786315722e-06,0,0
3.643,0,0,0,0,0,5.58968854195622e-06,5.47646974521275e-06,5.02838154669934e-06,1.74879216770993e-06,1.75172626284995e-06,1.8290786315722e-06,0,0
3.644,0,0,0,0,0,5.58968854195622e-06,5.47646974521275e-06,5.02838154669934e-06,1.74879216770993e-06,1.75172626284995e-06,1.8290786315722e-06,0,0
3.645,0,0,0,0,0,5.58968854195622e-06,5.47646974521275e-06,5.02838154669934e-06,1.74879216770993e-06,1.75172626284995e-06,1.8290786315722e-06,0,0
3.646,0,0,0,0,0,5.58968854195622e-06,5.47646974521275e-06,5.02838154669934e-06,1.74879216770993e-06,1.75172626284995e-06,1.8290786315722e-06,0,0
3.647,0,0,0,0,0,5.58968854195622e-06,5.47646974521275e-06,5.02838154669934e-06,1.74879216770993e-06,1.75172626284995e-06,1.8290786315722e-06,0,0
3.648,0,0,0,0,0,5.58968854195622e-06,5.47646974521275e-06,5.02838154669934e-06,1.74879216770993e-06,1.75172626284995e-06,1.8290786315722e-06,0,0
3.649,0,0,0,0,0,5.58968854195622e-06,5.47646974521275e-06,5.02838154669934e-06,1.74879216770993e-06,1.75172626284995e-06,1.8290786315722e-06,0,0
3.65,0,0,0,0,0,5.58968854195622e-06,5.47646974521275e-06,5.02838154669934e-06,1.74879216770993e-06,1.75172626284995e-06,1.8290786315722e-06,0,0
3.651,0,0,0,0,0,5.58968854195622e-06,5.47646974521275e-06,5.02838154669934e-06,1.74879216770993e-06,1.75172626284995e-06,1.8290786315722e-06,0,0
3.652,0,0,0,0,0,5.58968854195622e-06,5.47646974521275e-06,5.02838154669934e-06,1.74879216770993e-06,1.75172626284995e-06,1.8290786315722e-06,0,0
3.653,0,0,0,0,0,5.58968854195622e-06,5.47646974521275e-06,5.02838154669934e-06,1.74879216770993e-06,1.75172626284995e-06,1.8290786315722e-06,0,0
3.654,0,0,0,0,0,5.58968854195622e-06,5.47646974521275e-06,5.02838154669934e-06,1.74879216770993e-06,1.75172626284995e-06,1.8290786315722e-06,0,0
3.655,0,0,0,0,0,5.58968854195622e-06,5.47646974521275e-06,5.02838154669934e-06,1.74879216770993e-06,1.75172626284995e-06,1.8290786315722e-06,0,0
3.656,0,0,0,0,0,5.58968854195622e-06,5.47646974521275e-06,5.02838154669934e-06,1.74879216770993e-06,1.75172626284995e-06,1.8290786315722e-06,0,0
3.657,0,0,0,0,0,5.58968854195622e-06,5.47646974521275e-06,5.02838154669934e-06,1.74879216770993e-06,1.75172626284995e-06,1.8290786315722e-06,0,0
3.658,0,0,0,0,0,5.58968854195622e-06,5.47646974521275e-06,5.02838154669934e-06,1.74879216770993e-06,1.75172626284995e-06,1.8290786315722e-06,0,0
3.659,0,0,0,0,0,5.58968854195622e-06,5.47646974521275e-06,5.02838154669934e-06,1.74879216770993e-06,1.75172626284995e-06,1.8290786315722e-06,0,0
3.66,0,0,0,0,0,5.58968854195622e-06,5.47646974521275e-06,5.02838154669934e-06,1.74879216770993e-06,1.75172626284995e-06,1.8290786315722e-06,0,0
3.661,0,0,0,0,0,5.58968854195622e-06,5.47646974521275e-06,5.02838154669934e-06,1.74879216770993e-06,1.75172626284995e-06,1.8290786315722e-06,0,0
3.662,0,0,0,0,0,5.58968854195622e-06,5.47646974521275e-06,5.02838154669934e-06,1.74879216770993e-06,1.75172626284995e-06,1.8290786315722e-06,0,0
3.663,0,0,0,0,0,5.58968854195622e-06,5.47646974521275e-06,5.02838154669934e-06,1.74879216770993e-06,1.75172626284995e-06,1.8290786315722e-06,0,0
3.664,0,0,0,0,0,5.58968854195622e-06,5.47646974521275e-06,5.02838154669934e-06,1.74879216770993e-06,1.75172626284995e-06,1.8290786315722e-06,0,0
3.665,0,0,0,0,0,5.58968854195622e-06,5.47646974521275e-06,5.02838154669934e-06,1.74879216770993e-06,1.75172626284995e-06,1.8290786315722e-06,0,0
3.666,0,0,0,0,0,5.58968854195622e-06,5.47646974521275e-06,5.02838154669934e-06,1.74879216770993e-06,1.75172626284995e-06,1.8290786315722e-06,0,0
3.667,0,0,0,0,0,5.58968854195622e-06,5.47646974521275e-06,5.02838154669934e-06,1.74879216770993e-06,1.75172626284995e-06,1.8290786315722e-06,0,0
3.668,0,0,0,0,0,5.58968854195622e-06,5.47646974521275e-06,5.02838154669934e-06,1.74879216770993e-06,1.75172626284995e-06,1.8290786315722e-06,0,0
3.669,0,0,0,0,0,5.58968854195622e-06,5.47646974521275e-06,5.02838154669934e-06,1.74879216770993e-06,1.75172626284995e-06,1.8290786315722e-06,0,0
3.67,0,0,0,0,0,5.58968854195622e-06,5.47646974521275e-06,5.02838154669934e-06,1.74879216770993e-06,1.75172626284995e-06,1.8290786315722e-06,0,0
3.671,0,0,0,0,0,5.58968854195622e-06,5.47646974521275e-06,5.02838154669934e-06,1.74879216770993e-06,1.75172626284995e-06,1.8290786315722e-06,0,0
3.672,0,0,0,0,0,5.58968854195622e-06,5.47646974521275e-06,5.02838154669934e-06,1.74879216770993e-06,1.75172626284995e-06,1.8290786315722e-06,0,0
3.673,0,0,0,0,0,5.58968854195622e-06,5.47646974521275e-06,5.02838154669934e-06,1.74879216770993e-06,1.75172626284995e-06,1.8290786315722e-06,0,0
3.674,0,0,0,0,0,5.58968854195622e-06,5.47646974521275e-06,5.02838154669934e-06,1.74879216770993e-06,1.75172626284995e-06,1.8290786315722e-06,0,0
3.675,0,0,0,0,0,5.58968854195622e-06,5.47646974521275e-06,5.02838154669934e-06,1.74879216770993e-06,1.75172626284995e-06,1.8290786315722e-06,0,0
3.676,0,0,0,0,0,5.58968854195622e-06,5.47646974521275e-06,5.02838154669934e-06,1.74879216770993e-06,1.75172626284995e-06,1.8290786315722e-06,0,0
3.677,0,0,0,0,0,5.58968854195622e-06,5.47646974521275e-06,5.02838154669934e-06,1.74879216770993e-06,1.75172626284995e-06,1.8290786315722e-06,0,0
3.678,0,0,0,0,0,5.58968854195622e-06,5.47646974521275e-06,5.02838154669934e-06,1.74879216770993e-06,1.75172626284995e-06,1.8290786315722e-06,0,0
3.679,0,0,0,0,0,5.58968854195622e-06,5.47646974521275e-06,5.02838154669934e-06,1.74879216770993e-06,1.75172626284995e-06,1.8290786315722e-06,0,0
3.68,0,0,0,0,0,5.58968854195622e-06,5.47646974521275e-06,5.02838154669934e-06,1.74879216770993e-06,1.75172626284995e-06,1.8290786315722e-06,0,0
3.681,0,0,0,0,0,5.58968854195622e-06,5.47646974521275e-06,5.02838154669934e-06,1.74879216770993e-06,1.75172626284995e-06,1.8290786315722e-06,0,0
3.682,0,0,0,0,0,5.58968854195622e-06,5.47646974521275e-06,5.02838154669934e-06,1.74879216770993e-06,1.75172626284995e-06,1.8290786315722e-06,0,0
3.683,0,0,0,0,0,5.58968854195622e-06,5.47646974521275e-06,5.02838154669934e-06,1.74879216770993e-06,1.75172626284995e-06,1.8290786315722e-06,0,0
3.684,0,0,0,0,0,5.58968854195622e-06,5.47646974521275e-06,5.02838154669934e-06,1.74879216770993e-06,1.75172626284995e-06,1.8290786315722e-06,0,0
3.685,0,0,0,0,0,5.58968854195622e-06,5.47646974521275e-06,5.02838154669934e-06,1.74879216770993e-06,1.75172626284995e-06,1.8290786315722e-06,0,0
3.686,0,0,0,0,0,5.58968854195622e-06,5.47646974521275e-06,5.02838154669934e-06,1.74879216770993e-06,1.75172626284995e-06,1.8290786315722e-06,0,0
3.687,0,0,0,0,0,5.58968854195622e-06,5.47646974521275e-06,5.02838154669934e-06,1.74879216770993e-06,1.75172626284995e-06,1.8290786315722e-06,0,0
3.688,0,0,0,0,0,5.58968854195622e-06,5.47646974521275e-06,5.02838154669934e-06,1.74879216770993e-06,1.75172626284995e-06,1.8290786315722e-06,0,0
3.689,0,0,0,0,0,5.58968854195622e-06,5.47646974521275e-06,5.02838154669934e-06,1.74879216770993e-06,1.75172626284995e-06,1.8290786315722e-06,0,0
3.69,0,0,0,0,0,5.58968854195622e-06,5.47646974521275e-06,5.02838154669934e-06,1.74879216770993e-06,1.75172626284995e-06,1.8290786315722e-06,0,0
3.691,0,0,0,0,0,5.58968854195622e-06,5.47646974521275e-06,5.02838154669934e-06,1.74879216770993e-06,1.75172626284995e-06,1.8290786315722e-06,0,0
3.692,0,0,0,0,0,5.58968854195622e-06,5.47646974521275e-06,5.02838154669934e-06,1.74879216770993e-06,1.75172626284995e-06,1.8290786315722e-06,0,0
3.693,0,0,0,0,0,5.58968854195622e-06,5.47646974521275e-06,5.02838154669934e-06,1.74879216770993e-06,1.75172626284995e-06,1.8290786315722e-06,0,0
3.694,0,0,0,0,0,5.58968854195622e-06,5.47646974521275e-06,5.02838154669934e-06,1.74879216770993e-06,1.75172626284995e-06,1.8290786315722e-06,0,0
3.695,0,0,0,0,0,5.58968854195622e-06,5.47646974521275e-06,5.02838154669934e-06,1.74879216770993e-06,1.75172626284995e-06,1.8290786315722e-06,0,0
3.696,0,0,0,0,0,5.58968854195622e-06,5.47646974521275e-06,5.02838154669934e-06,1.74879216770993e-06,1.75172626284995e-06,1.8290786315722e-06,0,0
3.697,0,0,0,0,0,5.58968854195622e-06,5.47646974521275e-06,5.02838154669934e-06,1.74879216770993e-06,1.75172626284995e-06,1.8290786315722e-06,0,0
3.698,0,0,0,0,0,5.58968854195622e-06,5.47646974521275e-06,5.02838154669934e-06,1.74879216770993e-06,1.75172626284995e-06,1.8290786315722e-06,0,0
3.699,0,0,0,0,0,5.58968854195622e-06,5.47646974521275e-06,5.02838154669934e-06,1.74879216770993e-06,1.75172626284995e-06,1.8290786315722e-06,0,0
3.7,0,0,0,0,0,5.58968854195622e-06,5.47646974521275e-06,5.02838154669934e-06,1.74879216770993e-06,1.75172626284995e-06,1.8290786315722e-06,0,0
3.701,0,0,0,0,0,5.58968854195622e-06,5.47646974521275e-06,5.02838154669934e-06,1.74879216770993e-06,1.75172626284995e-06,1.8290786315722e-06,0,0
3.702,0,0,0,0,0,5.58968854195622e-06,5.47646974521275e-06,5.02838154669934e-06,1.74879216770993e-06,1.75172626284995e-06,1.8290786315722e-06,0,0
3.703,0,0,0,0,0,5.58968854195622e-06,5.47646974521275e-06,5.02838154669934e-06,1.74879216770993e-06,1.75172626284995e-06,1.8290786315722e-06,0,0
3.704,0,0,0,0,0,5.58968854195622e-06,5.47646974521275e-06,5.02838154669934e-06,1.74879216770993e-06,1.75172626284995e-06,1.8290786315722e-06,0,0
3.705,0,0,0,0,0,5.58968854195622e-06,5.47646974521275e-06,5.02838154669934e-06,1.74879216770993e-06,1.75172626284995e-06,1.8290786315722e-06,0,0
3.706,0,0,0,0,0,5.58968854195622e-06,5.47646974521275e-06,5.02838154669934e-06,1.74879216770993e-06,1.75172626284995e-06,1.8290786315722e-06,0,0
3.707,0,0,0,0,0,5.58968854195622e-06,5.47646974521275e-06,5.02838154669934e-06,1.74879216770993e-06,1.75172626284995e-06,1.8290786315722e-06,0,0
3.708,0,0,0,0,0,5.58968854195622e-06,5.47646974521275e-06,5.02838154669934e-06,1.74879216770993e-06,1.75172626284995e-06,1.8290786315722e-06,0,0
3.709,0,0,0,0,0,5.58968854195622e-06,5.47646974521275e-06,5.02838154669934e-06,1.74879216770993e-06,1.75172626284995e-06,1.8290786315722e-06,0,0
3.71,0,0,0,0,0,5.58968854195622e-06,5.47646974521275e-06,5.02838154669934e-06,1.74879216770993e-06,1.75172626284995e-06,1.8290786315722e-06,0,0
3.711,0,0,0,0,0,5.58968854195622e-06,5.47646974521275e-06,5.02838154669934e-06,1.74879216770993e-06,1.75172626284995e-06,1.8290786315722e-06,0,0
3.712,0,0,0,0,0,5.58968854195622e-06,5.47646974521275e-06,5.02838154669934e-06,1.74879216770993e-06,1.75172626284995e-06,1.8290786315722e-06,0,0
3.713,0,0,0,0,0,5.58968854195622e-06,5.47646974521275e-06,5.02838154669934e-06,1.74879216770993e-06,1.75172626284995e-06,1.8290786315722e-06,0,0
3.714,0,0,0,0,0,5.58968854195622e-06,5.47646974521275e-06,5.02838154669934e-06,1.74879216770993e-06,1.75172626284995e-06,1.8290786315722e-06,0,0
3.715,0,0,0,0,0,5.58968854195622e-06,5.47646974521275e-06,5.02838154669934e-06,1.74879216770993e-06,1.75172626284995e-06,1.8290786315722e-06,0,0
3.716,0,0,0,0,0,5.58968854195622e-06,5.47646974521275e-06,5.02838154669934e-06,1.74879216770993e-06,1.75172626284995e-06,1.8290786315722e-06,0,0
3.717,0,0,0,0,0,5.58968854195622e-06,5.47646974521275e-06,5.02838154669934e-06,1.74879216770993e-06,1.75172626284995e-06,1.8290786315722e-06,0,0
3.718,0,0,0,0,0,5.58968854195622e-06,5.47646974521275e-06,5.02838154669934e-06,1.74879216770993e-06,1.75172626284995e-06,1.8290786315722e-06,0,0
3.719,0,0,0,0,0,5.58968854195622e-06,5.47646974521275e-06,5.02838154669934e-06,1.74879216770993e-06,1.75172626284995e-06,1.8290786315722e-06,0,0
3.72,0,0,0,0,0,5.58968854195622e-06,5.47646974521275e-06,5.02838154669934e-06,1.74879216770993e-06,1.75172626284995e-06,1.8290786315722e-06,0,0
3.721,0,0,0,0,0,5.58968854195622e-06,5.47646974521275e-06,5.02838154669934e-06,1.74879216770993e-06,1.75172626284995e-06,1.8290786315722e-06,0,0
3.722,0,0,0,0,0,5.58968854195622e-06,5.47646974521275e-06,5.02838154669934e-06,1.74879216770993e-06,1.75172626284995e-06,1.8290786315722e-06,0,0
3.723,0,0,0,0,0,5.58968854195622e-06,5.47646974521275e-06,5.02838154669934e-06,1.74879216770993e-06,1.75172626284995e-06,1.8290786315722e-06,0,0
3.724,0,0,0,0,0,5.58968854195622e-06,5.47646974521275e-06,5.02838154669934e-06,1.74879216770993e-06,1.75172626284995e-06,1.8290786315722e-06,0,0
3.725,0,0,0,0,0,5.58968854195622e-06,5.47646974521275e-06,5.02838154669934e-06,1.74879216770993e-06,1.75172626284995e-06,1.8290786315722e-06,0,0
3.726,0,0,0,0,0,5.58968854195622e-06,5.47646974521275e-06,5.02838154669934e-06,1.74879216770993e-06,1.75172626284995e-06,1.8290786315722e-06,0,0
3.727,0,0,0,0,0,5.58968854195622e-06,5.47646974521275e-06,5.02838154669934e-06,1.74879216770993e-06,1.75172626284995e-06,1.8290786315722e-06,0,0
3.728,0,0,0,0,0,5.58968854195622e-06,5.47646974521275e-06,5.02838154669934e-06,1.74879216770993e-06,1.75172626284995e-06,1.8290786315722e-06,0,0
3.729,0,0,0,0,0,5.58968854195622e-06,5.47646974521275e-06,5.02838154669934e-06,1.74879216770993e-06,1.75172626284995e-06,1.8290786315722e-06,0,0
3.73,0,0,0,0,0,5.58968854195622e-06,5.47646974521275e-06,5.02838154669934e-06,1.74879216770993e-06,1.75172626284995e-06,1.8290786315722e-06,0,0
3.731,0,0,0,0,0,5.58968854195622e-06,5.47646974521275e-06,5.02838154669934e-06,1.74879216770993e-06,1.75172626284995e-06,1.8290786315722e-06,0,0
3.732,0,0,0,0,0,5.58968854195622e-06,5.47646974521275e-06,5.02838154669934e-06,1.74879216770993e-06,1.75172626284995e-06,1.8290786315722e-06,0,0
3.733,0,0,0,0,0,5.58968854195622e-06,5.47646974521275e-06,5.02838154669934e-06,1.74879216770993e-06,1.75172626284995e-06,1.8290786315722e-06,0,0
3.734,0,0,0,0,0,5.58968854195622e-06,5.47646974521275e-06,5.02838154669934e-06,1.74879216770993e-06,1.75172626284995e-06,1.8290786315722e-06,0,0
3.735,0,0,0,0,0,5.58968854195622e-06,5.47646974521275e-06,5.02838154669934e-06,1.74879216770993e-06,1.75172626284995e-06,1.8290786315722e-06,0,0
3.736,0,0,0,0,0,5.58968854195622e-06,5.47646974521275e-06,5.02838154669934e-06,1.74879216770993e-06,1.75172626284995e-06,1.8290786315722e-06,0,0
3.737,0,0,0,0,0,5.58968854195622e-06,5.47646974521275e-06,5.02838154669934e-06,1.74879216770993e-06,1.75172626284995e-06,1.8290786315722e-06,0,0
3.738,0,0,0,0,0,5.58968854195622e-06,5.47646974521275e-06,5.02838154669934e-06,1.74879216770993e-06,1.75172626284995e-06,1.8290786315722e-06,0,0
3.739,0,0,0,0,0,5.58968854195622e-06,5.47646974521275e-06,5.02838154669934e-06,1.74879216770993e-06,1.75172626284995e-06,1.8290786315722e-06,0,0
3.74,0,0,0,0,0,5.58968854195622e-06,5.47646974521275e-06,5.02838154669934e-06,1.74879216770993e-06,1.75172626284995e-06,1.8290786315722e-06,0,0
3.741,0,0,0,0,0,5.58968854195622e-06,5.47646974521275e-06,5.02838154669934e-06,1.74879216770993e-06,1.75172626284995e-06,1.8290786315722e-06,0,0
3.742,0,0,0,0,0,5.58968854195622e-06,5.47646974521275e-06,5.02838154669934e-06,1.74879216770993e-06,1.75172626284995e-06,1.8290786315722e-06,0,0
3.743,0,0,0,0,0,5.58968854195622e-06,5.47646974521275e-06,5.02838154669934e-06,1.74879216770993e-06,1.75172626284995e-06,1.8290786315722e-06,0,0
3.744,0,0,0,0,0,5.58968854195622e-06,5.47646974521275e-06,5.02838154669934e-06,1.74879216770993e-06,1.75172626284995e-06,1.8290786315722e-06,0,0
3.745,0,0,0,0,0,5.58968854195622e-06,5.47646974521275e-06,5.02838154669934e-06,1.74879216770993e-06,1.75172626284995e-06,1.8290786315722e-06,0,0
3.746,0,0,0,0,0,5.58968854195622e-06,5.47646974521275e-06,5.02838154669934e-06,1.74879216770993e-06,1.75172626284995e-06,1.8290786315722e-06,0,0
3.747,0,0,0,0,0,5.58968854195622e-06,5.47646974521275e-06,5.02838154669934e-06,1.74879216770993e-06,1.75172626284995e-06,1.8290786315722e-06,0,0
3.748,0,0,0,0,0,5.58968854195622e-06,5.47646974521275e-06,5.02838154669934e-06,1.74879216770993e-06,1.75172626284995e-06,1.8290786315722e-06,0,0
3.749,0,0,0,0,0,5.58968854195622e-06,5.47646974521275e-06,5.02838154669934e-06,1.74879216770993e-06,1.75172626284995e-06,1.8290786315722e-06,0,0
3.75,0,0,0,0,0,5.58968854195622e-06,5.47646974521275e-06,5.02838154669934e-06,1.74879216770993e-06,1.75172626284995e-06,1.8290786315722e-06,0,0
3.751,0,0,0,0,0,5.58968854195622e-06,5.47646974521275e-06,5.02838154669934e-06,1.74879216770993e-06,1.75172626284995e-06,1.8290786315722e-06,0,0
3.752,0,0,0,0,0,5.58968854195622e-06,5.47646974521275e-06,5.02838154669934e-06,1.74879216770993e-06,1.75172626284995e-06,1.8290786315722e-06,0,0
3.753,0,0,0,0,0,5.58968854195622e-06,5.47646974521275e-06,5.02838154669934e-06,1.74879216770993e-06,1.75172626284995e-06,1.8290786315722e-06,0,0
3.754,0,0,0,0,0,5.58968854195622e-06,5.47646974521275e-06,5.02838154669934e-06,1.74879216770993e-06,1.75172626284995e-06,1.8290786315722e-06,0,0
3.755,0,0,0,0,0,5.58968854195622e-06,5.47646974521275e-06,5.02838154669934e-06,1.74879216770993e-06,1.75172626284995e-06,1.8290786315722e-06,0,0
3.756,0,0,0,0,0,5.58968854195622e-06,5.47646974521275e-06,5.02838154669934e-06,1.74879216770993e-06,1.75172626284995e-06,1.8290786315722e-06,0,0
3.757,0,0,0,0,0,5.58968854195622e-06,5.47646974521275e-06,5.02838154669934e-06,1.74879216770993e-06,1.75172626284995e-06,1.8290786315722e-06,0,0
3.758,0,0,0,0,0,5.58968854195622e-06,5.47646974521275e-06,5.02838154669934e-06,1.74879216770993e-06,1.75172626284995e-06,1.8290786315722e-06,0,0
3.759,0,0,0,0,0,5.58968854195622e-06,5.47646974521275e-06,5.02838154669934e-06,1.74879216770993e-06,1.75172626284995e-06,1.8290786315722e-06,0,0
3.76,0,0,0,0,0,5.58968854195622e-06,5.47646974521275e-06,5.02838154669934e-06,1.74879216770993e-06,1.75172626284995e-06,1.8290786315722e-06,0,0
3.761,0,0,0,0,0,5.58968854195622e-06,5.47646974521275e-06,5.02838154669934e-06,1.74879216770993e-06,1.75172626284995e-06,1.8290786315722e-06,0,0
3.762,0,0,0,0,0,5.58968854195622e-06,5.47646974521275e-06,5.02838154669934e-06,1.74879216770993e-06,1.75172626284995e-06,1.8290786315722e-06,0,0
3.763,0,0,0,0,0,5.58968854195622e-06,5.47646974521275e-06,5.02838154669934e-06,1.74879216770993e-06,1.75172626284995e-06,1.8290786315722e-06,0,0
3.764,0,0,0,0,0,5.58968854195622e-06,5.47646974521275e-06,5.02838154669934e-06,1.74879216770993e-06,1.75172626284995e-06,1.8290786315722e-06,0,0
3.765,0,0,0,0,0,5.58968854195622e-06,5.47646974521275e-06,5.02838154669934e-06,1.74879216770993e-06,1.75172626284995e-06,1.8290786315722e-06,0,0
3.766,0,0,0,0,0,5.58968854195622e-06,5.47646974521275e-06,5.02838154669934e-06,1.74879216770993e-06,1.75172626284995e-06,1.8290786315722e-06,0,0
3.767,0,0,0,0,0,5.58968854195622e-06,5.47646974521275e-06,5.02838154669934e-06,1.74879216770993e-06,1.75172626284995e-06,1.8290786315722e-06,0,0
3.768,0,0,0,0,0,5.58968854195622e-06,5.47646974521275e-06,5.02838154669934e-06,1.74879216770993e-06,1.75172626284995e-06,1.8290786315722e-06,0,0
3.769,0,0,0,0,0,5.58968854195622e-06,5.47646974521275e-06,5.02838154669934e-06,1.74879216770993e-06,1.75172626284995e-06,1.8290786315722e-06,0,0
3.77,0,0,0,0,0,5.58968854195622e-06,5.47646974521275e-06,5.02838154669934e-06,1.74879216770993e-06,1.75172626284995e-06,1.8290786315722e-06,0,0
3.771,0,0,0,0,0,5.58968854195622e-06,5.47646974521275e-06,5.02838154669934e-06,1.74879216770993e-06,1.75172626284995e-06,1.8290786315722e-06,0,0
3.772,0,0,0,0,0,5.58968854195622e-06,5.47646974521275e-06,5.02838154669934e-06,1.74879216770993e-06,1.75172626284995e-06,1.8290786315722e-06,0,0
3.773,0,0,0,0,0,5.58968854195622e-06,5.47646974521275e-06,5.02838154669934e-06,1.74879216770993e-06,1.75172626284995e-06,1.8290786315722e-06,0,0
3.774,0,0,0,0,0,5.58968854195622e-06,5.47646974521275e-06,5.02838154669934e-06,1.74879216770993e-06,1.75172626284995e-06,1.8290786315722e-06,0,0
3.775,0,0,0,0,0,5.58968854195622e-06,5.47646974521275e-06,5.02838154669934e-06,1.74879216770993e-06,1.75172626284995e-06,1.8290786315722e-06,0,0
3.776,0,0,0,0,0,5.58968854195622e-06,5.47646974521275e-06,5.02838154669934e-06,1.74879216770993e-06,1.75172626284995e-06,1.8290786315722e-06,0,0
3.777,0,0,0,0,0,5.58968854195622e-06,5.47646974521275e-06,5.02838154669934e-06,1.74879216770993e-06,1.75172626284995e-06,1.8290786315722e-06,0,0
3.778,0,0,0,0,0,5.58968854195622e-06,5.47646974521275e-06,5.02838154669934e-06,1.74879216770993e-06,1.75172626284995e-06,1.8290786315722e-06,0,0
3.779,0,0,0,0,0,5.58968854195622e-06,5.47646974521275e-06,5.02838154669934e-06,1.74879216770993e-06,1.75172626284995e-06,1.8290786315722e-06,0,0
3.78,0,0,0,0,0,5.58968854195622e-06,5.47646974521275e-06,5.02838154669934e-06,1.74879216770993e-06,1.75172626284995e-06,1.8290786315722e-06,0,0
3.781,0,0,0,0,0,5.58968854195622e-06,5.47646974521275e-06,5.02838154669934e-06,1.74879216770993e-06,1.75172626284995e-06,1.8290786315722e-06,0,0
3.782,0,0,0,0,0,5.58968854195622e-06,5.47646974521275e-06,5.02838154669934e-06,1.74879216770993e-06,1.75172626284995e-06,1.8290786315722e-06,0,0
3.783,0,0,0,0,0,5.58968854195622e-06,5.47646974521275e-06,5.02838154669934e-06,1.74879216770993e-06,1.75172626284995e-06,1.8290786315722e-06,0,0
3.784,0,0,0,0,0,5.58968854195622e-06,5.47646974521275e-06,5.02838154669934e-06,1.74879216770993e-06,1.75172626284995e-06,1.8290786315722e-06,0,0
3.785,0,0,0,0,0,5.58968854195622e-06,5.47646974521275e-06,5.02838154669934e-06,1.74879216770993e-06,1.75172626284995e-06,1.8290786315722e-06,0,0
3.786,0,0,0,0,0,5.58968854195622e-06,5.47646974521275e-06,5.02838154669934e-06,1.74879216770993e-06,1.75172626284995e-06,1.8290786315722e-06,0,0
3.787,0,0,0,0,0,5.58968854195622e-06,5.47646974521275e-06,5.02838154669934e-06,1.74879216770993e-06,1.75172626284995e-06,1.8290786315722e-06,0,0
3.788,0,0,0,0,0,5.58968854195622e-06,5.47646974521275e-06,5.02838154669934e-06,1.74879216770993e-06,1.75172626284995e-06,1.8290786315722e-06,0,0
3.789,0,0,0,0,0,5.58968854195622e-06,5.47646974521275e-06,5.02838154669934e-06,1.74879216770993e-06,1.75172626284995e-06,1.8290786315722e-06,0,0
3.79,0,0,0,0,0,5.58968854195622e-06,5.47646974521275e-06,5.02838154669934e-06,1.74879216770993e-06,1.75172626284995e-06,1.8290786315722e-06,0,0
3.791,0,0,0,0,0,5.58968854195622e-06,5.47646974521275e-06,5.02838154669934e-06,1.74879216770993e-06,1.75172626284995e-06,1.8290786315722e-06,0,0
3.792,0,0,0,0,0,5.58968854195622e-06,5.47646974521275e-06,5.02838154669934e-06,1.74879216770993e-06,1.75172626284995e-06,1.8290786315722e-06,0,0
3.793,0,0,0,0,0,5.58968854195622e-06,5.47646974521275e-06,5.02838154669934e-06,1.74879216770993e-06,1.75172626284995e-06,1.8290786315722e-06,0,0
3.794,0,0,0,0,0,5.58968854195622e-06,5.47646974521275e-06,5.02838154669934e-06,1.74879216770993e-06,1.75172626284995e-06,1.8290786315722e-06,0,0
3.795,0,0,0,0,0,5.58968854195622e-06,5.47646974521275e-06,5.02838154669934e-06,1.74879216770993e-06,1.75172626284995e-06,1.8290786315722e-06,0,0
3.796,0,0,0,0,0,5.58968854195622e-06,5.47646974521275e-06,5.02838154669934e-06,1.74879216770993e-06,1.75172626284995e-06,1.8290786315722e-06,0,0
3.797,0,0,0,0,0,5.58968854195622e-06,5.47646974521275e-06,5.02838154669934e-06,1.74879216770993e-06,1.75172626284995e-06,1.8290786315722e-06,0,0
3.798,0,0,0,0,0,5.58968854195622e-06,5.47646974521275e-06,5.02838154669934e-06,1.74879216770993e-06,1.75172626284995e-06,1.8290786315722e-06,0,0
3.799,0,0,0,0,0,5.58968854195622e-06,5.47646974521275e-06,5.02838154669934e-06,1.74879216770993e-06,1.75172626284995e-06,1.8290786315722e-06,0,0
3.8,0,0,0,0,0,5.58968854195622e-06,5.47646974521275e-06,5.02838154669934e-06,1.74879216770993e-06,1.75172626284995e-06,1.8290786315722e-06,0,0
3.801,0,0,0,0,0,5.58968854195622e-06,5.47646974521275e-06,5.02838154669934e-06,1.74879216770993e-06,1.75172626284995e-06,1.8290786315722e-06,0,0
3.802,0,0,0,0,0,5.58968854195622e-06,5.47646974521275e-06,5.02838154669934e-06,1.74879216770993e-06,1.75172626284995e-06,1.8290786315722e-06,0,0
3.803,0,0,0,0,0,5.58968854195622e-06,5.47646974521275e-06,5.02838154669934e-06,1.74879216770993e-06,1.75172626284995e-06,1.8290786315722e-06,0,0
3.804,0,0,0,0,0,5.58968854195622e-06,5.47646974521275e-06,5.02838154669934e-06,1.74879216770993e-06,1.75172626284995e-06,1.8290786315722e-06,0,0
3.805,0,0,0,0,0,5.58968854195622e-06,5.47646974521275e-06,5.02838154669934e-06,1.74879216770993e-06,1.75172626284995e-06,1.8290786315722e-06,0,0
3.806,0,0,0,0,0,5.58968854195622e-06,5.47646974521275e-06,5.02838154669934e-06,1.74879216770993e-06,1.75172626284995e-06,1.8290786315722e-06,0,0
3.807,0,0,0,0,0,5.58968854195622e-06,5.47646974521275e-06,5.02838154669934e-06,1.74879216770993e-06,1.75172626284995e-06,1.8290786315722e-06,0,0
3.808,0,0,0,0,0,5.58968854195622e-06,5.47646974521275e-06,5.02838154669934e-06,1.74879216770993e-06,1.75172626284995e-06,1.8290786315722e-06,0,0
3.809,0,0,0,0,0,5.58968854195622e-06,5.47646974521275e-06,5.02838154669934e-06,1.74879216770993e-06,1.75172626284995e-06,1.8290786315722e-06,0,0
3.81,0,0,0,0,0,5.58968854195622e-06,5.47646974521275e-06,5.02838154669934e-06,1.74879216770993e-06,1.75172626284995e-06,1.8290786315722e-06,0,0
3.811,0,0,0,0,0,5.58968854195622e-06,5.47646974521275e-06,5.02838154669934e-06,1.74879216770993e-06,1.75172626284995e-06,1.8290786315722e-06,0,0
3.812,0,0,0,0,0,5.58968854195622e-06,5.47646974521275e-06,5.02838154669934e-06,1.74879216770993e-06,1.75172626284995e-06,1.8290786315722e-06,0,0
3.813,0,0,0,0,0,5.58968854195622e-06,5.47646974521275e-06,5.02838154669934e-06,1.74879216770993e-06,1.75172626284995e-06,1.8290786315722e-06,0,0
3.814,0,0,0,0,0,5.58968854195622e-06,5.47646974521275e-06,5.02838154669934e-06,1.74879216770993e-06,1.75172626284995e-06,1.8290786315722e-06,0,0
3.815,0,0,0,0,0,5.58968854195622e-06,5.47646974521275e-06,5.02838154669934e-06,1.74879216770993e-06,1.75172626284995e-06,1.8290786315722e-06,0,0
3.816,0,0,0,0,0,5.58968854195622e-06,5.47646974521275e-06,5.02838154669934e-06,1.74879216770993e-06,1.75172626284995e-06,1.8290786315722e-06,0,0
3.817,0,0,0,0,0,5.58968854195622e-06,5.47646974521275e-06,5.02838154669934e-06,1.74879216770993e-06,1.75172626284995e-06,1.8290786315722e-06,0,0
3.818,0,0,0,0,0,5.58968854195622e-06,5.47646974521275e-06,5.02838154669934e-06,1.74879216770993e-06,1.75172626284995e-06,1.8290786315722e-06,0,0
3.819,0,0,0,0,0,5.58968854195622e-06,5.47646974521275e-06,5.02838154669934e-06,1.74879216770993e-06,1.75172626284995e-06,1.8290786315722e-06,0,0
3.82,0,0,0,0,0,5.58968854195622e-06,5.47646974521275e-06,5.02838154669934e-06,1.74879216770993e-06,1.75172626284995e-06,1.8290786315722e-06,0,0
3.821,0,0,0,0,0,5.58968854195622e-06,5.47646974521275e-06,5.02838154669934e-06,1.74879216770993e-06,1.75172626284995e-06,1.8290786315722e-06,0,0
3.822,0,0,0,0,0,5.58968854195622e-06,5.47646974521275e-06,5.02838154669934e-06,1.74879216770993e-06,1.75172626284995e-06,1.8290786315722e-06,0,0
3.823,0,0,0,0,0,5.58968854195622e-06,5.47646974521275e-06,5.02838154669934e-06,1.74879216770993e-06,1.75172626284995e-06,1.8290786315722e-06,0,0
3.824,0,0,0,0,0,5.58968854195622e-06,5.47646974521275e-06,5.02838154669934e-06,1.74879216770993e-06,1.75172626284995e-06,1.8290786315722e-06,0,0
3.825,0,0,0,0,0,5.58968854195622e-06,5.47646974521275e-06,5.02838154669934e-06,1.74879216770993e-06,1.75172626284995e-06,1.8290786315722e-06,0,0
3.826,0,0,0,0,0,5.58968854195622e-06,5.47646974521275e-06,5.02838154669934e-06,1.74879216770993e-06,1.75172626284995e-06,1.8290786315722e-06,0,0
3.827,0,0,0,0,0,5.58968854195622e-06,5.47646974521275e-06,5.02838154669934e-06,1.74879216770993e-06,1.75172626284995e-06,1.8290786315722e-06,0,0
3.828,0,0,0,0,0,5.58968854195622e-06,5.47646974521275e-06,5.02838154669934e-06,1.74879216770993e-06,1.75172626284995e-06,1.8290786315722e-06,0,0
3.829,0,0,0,0,0,5.58968854195622e-06,5.47646974521275e-06,5.02838154669934e-06,1.74879216770993e-06,1.75172626284995e-06,1.8290786315722e-06,0,0
3.83,0,0,0,0,0,5.58968854195622e-06,5.47646974521275e-06,5.02838154669934e-06,1.74879216770993e-06,1.75172626284995e-06,1.8290786315722e-06,0,0
3.831,0,0,0,0,0,5.58968854195622e-06,5.47646974521275e-06,5.02838154669934e-06,1.74879216770993e-06,1.75172626284995e-06,1.8290786315722e-06,0,0
3.832,0,0,0,0,0,5.58968854195622e-06,5.47646974521275e-06,5.02838154669934e-06,1.74879216770993e-06,1.75172626284995e-06,1.8290786315722e-06,0,0
3.833,0,0,0,0,0,5.58968854195622e-06,5.47646974521275e-06,5.02838154669934e-06,1.74879216770993e-06,1.75172626284995e-06,1.8290786315722e-06,0,0
3.834,0,0,0,0,0,5.58968854195622e-06,5.47646974521275e-06,5.02838154669934e-06,1.74879216770993e-06,1.75172626284995e-06,1.8290786315722e-06,0,0
3.835,0,0,0,0,0,5.58968854195622e-06,5.47646974521275e-06,5.02838154669934e-06,1.74879216770993e-06,1.75172626284995e-06,1.8290786315722e-06,0,0
3.836,0,0,0,0,0,5.58968854195622e-06,5.47646974521275e-06,5.02838154669934e-06,1.74879216770993e-06,1.75172626284995e-06,1.8290786315722e-06,0,0
3.837,0,0,0,0,0,5.58968854195622e-06,5.47646974521275e-06,5.02838154669934e-06,1.74879216770993e-06,1.75172626284995e-06,1.8290786315722e-06,0,0
3.838,0,0,0,0,0,5.58968854195622e-06,5.47646974521275e-06,5.02838154669934e-06,1.74879216770993e-06,1.75172626284995e-06,1.8290786315722e-06,0,0
3.839,0,0,0,0,0,5.58968854195622e-06,5.47646974521275e-06,5.02838154669934e-06,1.74879216770993e-06,1.75172626284995e-06,1.8290786315722e-06,0,0
3.84,0,0,0,0,0,5.58968854195622e-06,5.47646974521275e-06,5.02838154669934e-06,1.74879216770993e-06,1.75172626284995e-06,1.8290786315722e-06,0,0
3.841,0,0,0,0,0,5.58968854195622e-06,5.47646974521275e-06,5.02838154669934e-06,1.74879216770993e-06,1.75172626284995e-06,1.8290786315722e-06,0,0
3.842,0,0,0,0,0,5.58968854195622e-06,5.47646974521275e-06,5.02838154669934e-06,1.74879216770993e-06,1.75172626284995e-06,1.8290786315722e-06,0,0
3.843,0,0,0,0,0,5.58968854195622e-06,5.47646974521275e-06,5.02838154669934e-06,1.74879216770993e-06,1.75172626284995e-06,1.8290786315722e-06,0,0
3.844,0,0,0,0,0,5.58968854195622e-06,5.47646974521275e-06,5.02838154669934e-06,1.74879216770993e-06,1.75172626284995e-06,1.8290786315722e-06,0,0
3.845,0,0,0,0,0,5.58968854195622e-06,5.47646974521275e-06,5.02838154669934e-06,1.74879216770993e-06,1.75172626284995e-06,1.8290786315722e-06,0,0
3.846,0,0,0,0,0,5.58968854195622e-06,5.47646974521275e-06,5.02838154669934e-06,1.74879216770993e-06,1.75172626284995e-06,1.8290786315722e-06,0,0
3.847,0,0,0,0,0,5.58968854195622e-06,5.47646974521275e-06,5.02838154669934e-06,1.74879216770993e-06,1.75172626284995e-06,1.8290786315722e-06,0,0
3.848,0,0,0,0,0,5.58968854195622e-06,5.47646974521275e-06,5.02838154669934e-06,1.74879216770993e-06,1.75172626284995e-06,1.8290786315722e-06,0,0
3.849,0,0,0,0,0,5.58968854195622e-06,5.47646974521275e-06,5.02838154669934e-06,1.74879216770993e-06,1.75172626284995e-06,1.8290786315722e-06,0,0
3.85,0,0,0,0,0,5.58968854195622e-06,5.47646974521275e-06,5.02838154669934e-06,1.74879216770993e-06,1.75172626284995e-06,1.8290786315722e-06,0,0
3.851,0,0,0,0,0,5.58968854195622e-06,5.47646974521275e-06,5.02838154669934e-06,1.74879216770993e-06,1.75172626284995e-06,1.8290786315722e-06,0,0
3.852,0,0,0,0,0,5.58968854195622e-06,5.47646974521275e-06,5.02838154669934e-06,1.74879216770993e-06,1.75172626284995e-06,1.8290786315722e-06,0,0
3.853,0,0,0,0,0,5.58968854195622e-06,5.47646974521275e-06,5.02838154669934e-06,1.74879216770993e-06,1.75172626284995e-06,1.8290786315722e-06,0,0
3.854,0,0,0,0,0,5.58968854195622e-06,5.47646974521275e-06,5.02838154669934e-06,1.74879216770993e-06,1.75172626284995e-06,1.8290786315722e-06,0,0
3.855,0,0,0,0,0,5.58968854195622e-06,5.47646974521275e-06,5.02838154669934e-06,1.74879216770993e-06,1.75172626284995e-06,1.8290786315722e-06,0,0
3.856,0,0,0,0,0,5.58968854195622e-06,5.47646974521275e-06,5.02838154669934e-06,1.74879216770993e-06,1.75172626284995e-06,1.8290786315722e-06,0,0
3.857,0,0,0,0,0,5.58968854195622e-06,5.47646974521275e-06,5.02838154669934e-06,1.74879216770993e-06,1.75172626284995e-06,1.8290786315722e-06,0,0
3.858,0,0,0,0,0,5.58968854195622e-06,5.47646974521275e-06,5.02838154669934e-06,1.74879216770993e-06,1.75172626284995e-06,1.8290786315722e-06,0,0
3.859,0,0,0,0,0,5.58968854195622e-06,5.47646974521275e-06,5.02838154669934e-06,1.74879216770993e-06,1.75172626284995e-06,1.8290786315722e-06,0,0
3.86,0,0,0,0,0,5.58968854195622e-06,5.47646974521275e-06,5.02838154669934e-06,1.74879216770993e-06,1.75172626284995e-06,1.8290786315722e-06,0,0
3.861,0,0,0,0,0,5.58968854195622e-06,5.47646974521275e-06,5.02838154669934e-06,1.74879216770993e-06,1.75172626284995e-06,1.8290786315722e-06,0,0
3.862,0,0,0,0,0,5.58968854195622e-06,5.47646974521275e-06,5.02838154669934e-06,1.74879216770993e-06,1.75172626284995e-06,1.8290786315722e-06,0,0
3.863,0,0,0,0,0,5.58968854195622e-06,5.47646974521275e-06,5.02838154669934e-06,1.74879216770993e-06,1.75172626284995e-06,1.8290786315722e-06,0,0
3.864,0,0,0,0,0,5.58968854195622e-06,5.47646974521275e-06,5.02838154669934e-06,1.74879216770993e-06,1.75172626284995e-06,1.8290786315722e-06,0,0
3.865,0,0,0,0,0,5.58968854195622e-06,5.47646974521275e-06,5.02838154669934e-06,1.74879216770993e-06,1.75172626284995e-06,1.8290786315722e-06,0,0
3.866,0,0,0,0,0,5.58968854195622e-06,5.47646974521275e-06,5.02838154669934e-06,1.74879216770993e-06,1.75172626284995e-06,1.8290786315722e-06,0,0
3.867,0,0,0,0,0,5.58968854195622e-06,5.47646974521275e-06,5.02838154669934e-06,1.74879216770993e-06,1.75172626284995e-06,1.8290786315722e-06,0,0
3.868,0,0,0,0,0,5.58968854195622e-06,5.47646974521275e-06,5.02838154669934e-06,1.74879216770993e-06,1.75172626284995e-06,1.8290786315722e-06,0,0
3.869,0,0,0,0,0,5.58968854195622e-06,5.47646974521275e-06,5.02838154669934e-06,1.74879216770993e-06,1.75172626284995e-06,1.8290786315722e-06,0,0
3.87,0,0,0,0,0,5.58968854195622e-06,5.47646974521275e-06,5.02838154669934e-06,1.74879216770993e-06,1.75172626284995e-06,1.8290786315722e-06,0,0
3.871,0,0,0,0,0,5.58968854195622e-06,5.47646974521275e-06,5.02838154669934e-06,1.74879216770993e-06,1.75172626284995e-06,1.8290786315722e-06,0,0
3.872,0,0,0,0,0,5.58968854195622e-06,5.47646974521275e-06,5.02838154669934e-06,1.74879216770993e-06,1.75172626284995e-06,1.8290786315722e-06,0,0
3.873,0,0,0,0,0,5.58968854195622e-06,5.47646974521275e-06,5.02838154669934e-06,1.74879216770993e-06,1.75172626284995e-06,1.8290786315722e-06,0,0
3.874,0,0,0,0,0,5.58968854195622e-06,5.47646974521275e-06,5.02838154669934e-06,1.74879216770993e-06,1.75172626284995e-06,1.8290786315722e-06,0,0
3.875,0,0,0,0,0,5.58968854195622e-06,5.47646974521275e-06,5.02838154669934e-06,1.74879216770993e-06,1.75172626284995e-06,1.8290786315722e-06,0,0
3.876,0,0,0,0,0,5.58968854195622e-06,5.47646974521275e-06,5.02838154669934e-06,1.74879216770993e-06,1.75172626284995e-06,1.8290786315722e-06,0,0
3.877,0,0,0,0,0,5.58968854195622e-06,5.47646974521275e-06,5.02838154669934e-06,1.74879216770993e-06,1.75172626284995e-06,1.8290786315722e-06,0,0
3.878,0,0,0,0,0,5.58968854195622e-06,5.47646974521275e-06,5.02838154669934e-06,1.74879216770993e-06,1.75172626284995e-06,1.8290786315722e-06,0,0
3.879,0,0,0,0,0,5.58968854195622e-06,5.47646974521275e-06,5.02838154669934e-06,1.74879216770993e-06,1.75172626284995e-06,1.8290786315722e-06,0,0
3.88,0,0,0,0,0,5.58968854195622e-06,5.47646974521275e-06,5.02838154669934e-06,1.74879216770993e-06,1.75172626284995e-06,1.8290786315722e-06,0,0
3.881,0,0,0,0,0,5.58968854195622e-06,5.47646974521275e-06,5.02838154669934e-06,1.74879216770993e-06,1.75172626284995e-06,1.8290786315722e-06,0,0
3.882,0,0,0,0,0,5.58968854195622e-06,5.47646974521275e-06,5.02838154669934e-06,1.74879216770993e-06,1.75172626284995e-06,1.8290786315722e-06,0,0
3.883,0,0,0,0,0,5.58968854195622e-06,5.47646974521275e-06,5.02838154669934e-06,1.74879216770993e-06,1.75172626284995e-06,1.8290786315722e-06,0,0
3.884,0,0,0,0,0,5.58968854195622e-06,5.47646974521275e-06,5.02838154669934e-06,1.74879216770993e-06,1.75172626284995e-06,1.8290786315722e-06,0,0
3.885,0,0,0,0,0,5.58968854195622e-06,5.47646974521275e-06,5.02838154669934e-06,1.74879216770993e-06,1.75172626284995e-06,1.8290786315722e-06,0,0
3.886,0,0,0,0,0,5.58968854195622e-06,5.47646974521275e-06,5.02838154669934e-06,1.74879216770993e-06,1.75172626284995e-06,1.8290786315722e-06,0,0
3.887,0,0,0,0,0,5.58968854195622e-06,5.47646974521275e-06,5.02838154669934e-06,1.74879216770993e-06,1.75172626284995e-06,1.8290786315722e-06,0,0
3.888,0,0,0,0,0,5.58968854195622e-06,5.47646974521275e-06,5.02838154669934e-06,1.74879216770993e-06,1.75172626284995e-06,1.8290786315722e-06,0,0
3.889,0,0,0,0,0,5.58968854195622e-06,5.47646974521275e-06,5.02838154669934e-06,1.74879216770993e-06,1.75172626284995e-06,1.8290786315722e-06,0,0
3.89,0,0,0,0,0,5.58968854195622e-06,5.47646974521275e-06,5.02838154669934e-06,1.74879216770993e-06,1.75172626284995e-06,1.8290786315722e-06,0,0
3.891,0,0,0,0,0,5.58968854195622e-06,5.47646974521275e-06,5.02838154669934e-06,1.74879216770993e-06,1.75172626284995e-06,1.8290786315722e-06,0,0
3.892,0,0,0,0,0,5.58968854195622e-06,5.47646974521275e-06,5.02838154669934e-06,1.74879216770993e-06,1.75172626284995e-06,1.8290786315722e-06,0,0
3.893,0,0,0,0,0,5.58968854195622e-06,5.47646974521275e-06,5.02838154669934e-06,1.74879216770993e-06,1.75172626284995e-06,1.8290786315722e-06,0,0
3.894,0,0,0,0,0,5.58968854195622e-06,5.47646974521275e-06,5.02838154669934e-06,1.74879216770993e-06,1.75172626284995e-06,1.8290786315722e-06,0,0
3.895,0,0,0,0,0,5.58968854195622e-06,5.47646974521275e-06,5.02838154669934e-06,1.74879216770993e-06,1.75172626284995e-06,1.8290786315722e-06,0,0
3.896,0,0,0,0,0,5.58968854195622e-06,5.47646974521275e-06,5.02838154669934e-06,1.74879216770993e-06,1.75172626284995e-06,1.8290786315722e-06,0,0
3.897,0,0,0,0,0,5.58968854195622e-06,5.47646974521275e-06,5.02838154669934e-06,1.74879216770993e-06,1.75172626284995e-06,1.8290786315722e-06,0,0
3.898,0,0,0,0,0,5.58968854195622e-06,5.47646974521275e-06,5.02838154669934e-06,1.74879216770993e-06,1.75172626284995e-06,1.8290786315722e-06,0,0
3.899,0,0,0,0,0,5.58968854195622e-06,5.47646974521275e-06,5.02838154669934e-06,1.74879216770993e-06,1.75172626284995e-06,1.8290786315722e-06,0,0
3.9,0,0,0,0,0,5.58968854195622e-06,5.47646974521275e-06,5.02838154669934e-06,1.74879216770993e-06,1.75172626284995e-06,1.8290786315722e-06,0,0
3.901,0,0,0,0,0,5.58968854195622e-06,5.47646974521275e-06,5.02838154669934e-06,1.74879216770993e-06,1.75172626284995e-06,1.8290786315722e-06,0,0
3.902,0,0,0,0,0,5.58968854195622e-06,5.47646974521275e-06,5.02838154669934e-06,1.74879216770993e-06,1.75172626284995e-06,1.8290786315722e-06,0,0
3.903,0,0,0,0,0,5.58968854195622e-06,5.47646974521275e-06,5.02838154669934e-06,1.74879216770993e-06,1.75172626284995e-06,1.8290786315722e-06,0,0
3.904,0,0,0,0,0,5.58968854195622e-06,5.47646974521275e-06,5.02838154669934e-06,1.74879216770993e-06,1.75172626284995e-06,1.8290786315722e-06,0,0
3.905,0,0,0,0,0,5.58968854195622e-06,5.47646974521275e-06,5.02838154669934e-06,1.74879216770993e-06,1.75172626284995e-06,1.8290786315722e-06,0,0
3.906,0,0,0,0,0,5.58968854195622e-06,5.47646974521275e-06,5.02838154669934e-06,1.74879216770993e-06,1.75172626284995e-06,1.8290786315722e-06,0,0
3.907,0,0,0,0,0,5.58968854195622e-06,5.47646974521275e-06,5.02838154669934e-06,1.74879216770993e-06,1.75172626284995e-06,1.8290786315722e-06,0,0
3.908,0,0,0,0,0,5.58968854195622e-06,5.47646974521275e-06,5.02838154669934e-06,1.74879216770993e-06,1.75172626284995e-06,1.8290786315722e-06,0,0
3.909,0,0,0,0,0,5.58968854195622e-06,5.47646974521275e-06,5.02838154669934e-06,1.74879216770993e-06,1.75172626284995e-06,1.8290786315722e-06,0,0
3.91,0,0,0,0,0,5.58968854195622e-06,5.47646974521275e-06,5.02838154669934e-06,1.74879216770993e-06,1.75172626284995e-06,1.8290786315722e-06,0,0
3.911,0,0,0,0,0,5.58968854195622e-06,5.47646974521275e-06,5.02838154669934e-06,1.74879216770993e-06,1.75172626284995e-06,1.8290786315722e-06,0,0
3.912,0,0,0,0,0,5.58968854195622e-06,5.47646974521275e-06,5.02838154669934e-06,1.74879216770993e-06,1.75172626284995e-06,1.8290786315722e-06,0,0
3.913,0,0,0,0,0,5.58968854195622e-06,5.47646974521275e-06,5.02838154669934e-06,1.74879216770993e-06,1.75172626284995e-06,1.8290786315722e-06,0,0
3.914,0,0,0,0,0,5.58968854195622e-06,5.47646974521275e-06,5.02838154669934e-06,1.74879216770993e-06,1.75172626284995e-06,1.8290786315722e-06,0,0
3.915,0,0,0,0,0,5.58968854195622e-06,5.47646974521275e-06,5.02838154669934e-06,1.74879216770993e-06,1.75172626284995e-06,1.8290786315722e-06,0,0
3.916,0,0,0,0,0,5.58968854195622e-06,5.47646974521275e-06,5.02838154669934e-06,1.74879216770993e-06,1.75172626284995e-06,1.8290786315722e-06,0,0
3.917,0,0,0,0,0,5.58968854195622e-06,5.47646974521275e-06,5.02838154669934e-06,1.74879216770993e-06,1.75172626284995e-06,1.8290786315722e-06,0,0
3.918,0,0,0,0,0,5.58968854195622e-06,5.47646974521275e-06,5.02838154669934e-06,1.74879216770993e-06,1.75172626284995e-06,1.8290786315722e-06,0,0
3.919,0,0,0,0,0,5.58968854195622e-06,5.47646974521275e-06,5.02838154669934e-06,1.74879216770993e-06,1.75172626284995e-06,1.8290786315722e-06,0,0
3.92,0,0,0,0,0,5.58968854195622e-06,5.47646974521275e-06,5.02838154669934e-06,1.74879216770993e-06,1.75172626284995e-06,1.8290786315722e-06,0,0
3.921,0,0,0,0,0,5.58968854195622e-06,5.47646974521275e-06,5.02838154669934e-06,1.74879216770993e-06,1.75172626284995e-06,1.8290786315722e-06,0,0
3.922,0,0,0,0,0,5.58968854195622e-06,5.47646974521275e-06,5.02838154669934e-06,1.74879216770993e-06,1.75172626284995e-06,1.8290786315722e-06,0,0
3.923,0,0,0,0,0,5.58968854195622e-06,5.47646974521275e-06,5.02838154669934e-06,1.74879216770993e-06,1.75172626284995e-06,1.8290786315722e-06,0,0
3.924,0,0,0,0,0,5.58968854195622e-06,5.47646974521275e-06,5.02838154669934e-06,1.74879216770993e-06,1.75172626284995e-06,1.8290786315722e-06,0,0
3.925,0,0,0,0,0,5.58968854195622e-06,5.47646974521275e-06,5.02838154669934e-06,1.74879216770993e-06,1.75172626284995e-06,1.8290786315722e-06,0,0
3.926,0,0,0,0,0,5.58968854195622e-06,5.47646974521275e-06,5.02838154669934e-06,1.74879216770993e-06,1.75172626284995e-06,1.8290786315722e-06,0,0
3.927,0,0,0,0,0,5.58968854195622e-06,5.47646974521275e-06,5.02838154669934e-06,1.74879216770993e-06,1.75172626284995e-06,1.8290786315722e-06,0,0
3.928,0,0,0,0,0,5.58968854195622e-06,5.47646974521275e-06,5.02838154669934e-06,1.74879216770993e-06,1.75172626284995e-06,1.8290786315722e-06,0,0
3.929,0,0,0,0,0,5.58968854195622e-06,5.47646974521275e-06,5.02838154669934e-06,1.74879216770993e-06,1.75172626284995e-06,1.8290786315722e-06,0,0
3.93,0,0,0,0,0,5.58968854195622e-06,5.47646974521275e-06,5.02838154669934e-06,1.74879216770993e-06,1.75172626284995e-06,1.8290786315722e-06,0,0
3.931,0,0,0,0,0,5.58968854195622e-06,5.47646974521275e-06,5.02838154669934e-06,1.74879216770993e-06,1.75172626284995e-06,1.8290786315722e-06,0,0
3.932,0,0,0,0,0,5.58968854195622e-06,5.47646974521275e-06,5.02838154669934e-06,1.74879216770993e-06,1.75172626284995e-06,1.8290786315722e-06,0,0
3.933,0,0,0,0,0,5.58968854195622e-06,5.47646974521275e-06,5.02838154669934e-06,1.74879216770993e-06,1.75172626284995e-06,1.8290786315722e-06,0,0
3.934,0,0,0,0,0,5.58968854195622e-06,5.47646974521275e-06,5.02838154669934e-06,1.74879216770993e-06,1.75172626284995e-06,1.8290786315722e-06,0,0
3.935,0,0,0,0,0,5.58968854195622e-06,5.47646974521275e-06,5.02838154669934e-06,1.74879216770993e-06,1.75172626284995e-06,1.8290786315722e-06,0,0
3.936,0,0,0,0,0,5.58968854195622e-06,5.47646974521275e-06,5.02838154669934e-06,1.74879216770993e-06,1.75172626284995e-06,1.8290786315722e-06,0,0
3.937,0,0,0,0,0,5.58968854195622e-06,5.47646974521275e-06,5.02838154669934e-06,1.74879216770993e-06,1.75172626284995e-06,1.8290786315722e-06,0,0
3.938,0,0,0,0,0,5.58968854195622e-06,5.47646974521275e-06,5.02838154669934e-06,1.74879216770993e-06,1.75172626284995e-06,1.8290786315722e-06,0,0
3.939,0,0,0,0,0,5.58968854195622e-06,5.47646974521275e-06,5.02838154669934e-06,1.74879216770993e-06,1.75172626284995e-06,1.8290786315722e-06,0,0
3.94,0,0,0,0,0,5.58968854195622e-06,5.47646974521275e-06,5.02838154669934e-06,1.74879216770993e-06,1.75172626284995e-06,1.8290786315722e-06,0,0
3.941,0,0,0,0,0,5.58968854195622e-06,5.47646974521275e-06,5.02838154669934e-06,1.74879216770993e-06,1.75172626284995e-06,1.8290786315722e-06,0,0
3.942,0,0,0,0,0,5.58968854195622e-06,5.47646974521275e-06,5.02838154669934e-06,1.74879216770993e-06,1.75172626284995e-06,1.8290786315722e-06,0,0
3.943,0,0,0,0,0,5.58968854195622e-06,5.47646974521275e-06,5.02838154669934e-06,1.74879216770993e-06,1.75172626284995e-06,1.8290786315722e-06,0,0
3.944,0,0,0,0,0,5.58968854195622e-06,5.47646974521275e-06,5.02838154669934e-06,1.74879216770993e-06,1.75172626284995e-06,1.8290786315722e-06,0,0
3.945,0,0,0,0,0,5.58968854195622e-06,5.47646974521275e-06,5.02838154669934e-06,1.74879216770993e-06,1.75172626284995e-06,1.8290786315722e-06,0,0
3.946,0,0,0,0,0,5.58968854195622e-06,5.47646974521275e-06,5.02838154669934e-06,1.74879216770993e-06,1.75172626284995e-06,1.8290786315722e-06,0,0
3.947,0,0,0,0,0,5.58968854195622e-06,5.47646974521275e-06,5.02838154669934e-06,1.74879216770993e-06,1.75172626284995e-06,1.8290786315722e-06,0,0
3.948,0,0,0,0,0,5.58968854195622e-06,5.47646974521275e-06,5.02838154669934e-06,1.74879216770993e-06,1.75172626284995e-06,1.8290786315722e-06,0,0
3.949,0,0,0,0,0,5.58968854195622e-06,5.47646974521275e-06,5.02838154669934e-06,1.74879216770993e-06,1.75172626284995e-06,1.8290786315722e-06,0,0
3.95,0,0,0,0,0,5.58968854195622e-06,5.47646974521275e-06,5.02838154669934e-06,1.74879216770993e-06,1.75172626284995e-06,1.8290786315722e-06,0,0
3.951,0,0,0,0,0,5.58968854195622e-06,5.47646974521275e-06,5.02838154669934e-06,1.74879216770993e-06,1.75172626284995e-06,1.8290786315722e-06,0,0
3.952,0,0,0,0,0,5.58968854195622e-06,5.47646974521275e-06,5.02838154669934e-06,1.74879216770993e-06,1.75172626284995e-06,1.8290786315722e-06,0,0
3.953,0,0,0,0,0,5.58968854195622e-06,5.47646974521275e-06,5.02838154669934e-06,1.74879216770993e-06,1.75172626284995e-06,1.8290786315722e-06,0,0
3.954,0,0,0,0,0,5.58968854195622e-06,5.47646974521275e-06,5.02838154669934e-06,1.74879216770993e-06,1.75172626284995e-06,1.8290786315722e-06,0,0
3.955,0,0,0,0,0,5.58968854195622e-06,5.47646974521275e-06,5.02838154669934e-06,1.74879216770993e-06,1.75172626284995e-06,1.8290786315722e-06,0,0
3.956,0,0,0,0,0,5.58968854195622e-06,5.47646974521275e-06,5.02838154669934e-06,1.74879216770993e-06,1.75172626284995e-06,1.8290786315722e-06,0,0
3.957,0,0,0,0,0,5.58968854195622e-06,5.47646974521275e-06,5.02838154669934e-06,1.74879216770993e-06,1.75172626284995e-06,1.8290786315722e-06,0,0
3.958,0,0,0,0,0,5.58968854195622e-06,5.47646974521275e-06,5.02838154669934e-06,1.74879216770993e-06,1.75172626284995e-06,1.8290786315722e-06,0,0
3.959,0,0,0,0,0,5.58968854195622e-06,5.47646974521275e-06,5.02838154669934e-06,1.74879216770993e-06,1.75172626284995e-06,1.8290786315722e-06,0,0
3.96,0,0,0,0,0,5.58968854195622e-06,5.47646974521275e-06,5.02838154669934e-06,1.74879216770993e-06,1.75172626284995e-06,1.8290786315722e-06,0,0
3.961,0,0,0,0,0,5.58968854195622e-06,5.47646974521275e-06,5.02838154669934e-06,1.74879216770993e-06,1.75172626284995e-06,1.8290786315722e-06,0,0
3.962,0,0,0,0,0,5.58968854195622e-06,5.47646974521275e-06,5.02838154669934e-06,1.74879216770993e-06,1.75172626284995e-06,1.8290786315722e-06,0,0
3.963,0,0,0,0,0,5.58968854195622e-06,5.47646974521275e-06,5.02838154669934e-06,1.74879216770993e-06,1.75172626284995e-06,1.8290786315722e-06,0,0
3.964,0,0,0,0,0,5.58968854195622e-06,5.47646974521275e-06,5.02838154669934e-06,1.74879216770993e-06,1.75172626284995e-06,1.8290786315722e-06,0,0
3.965,0,0,0,0,0,5.58968854195622e-06,5.47646974521275e-06,5.02838154669934e-06,1.74879216770993e-06,1.75172626284995e-06,1.8290786315722e-06,0,0
3.966,0,0,0,0,0,5.58968854195622e-06,5.47646974521275e-06,5.02838154669934e-06,1.74879216770993e-06,1.75172626284995e-06,1.8290786315722e-06,0,0
3.967,0,0,0,0,0,5.58968854195622e-06,5.47646974521275e-06,5.02838154669934e-06,1.74879216770993e-06,1.75172626284995e-06,1.8290786315722e-06,0,0
3.968,0,0,0,0,0,5.58968854195622e-06,5.47646974521275e-06,5.02838154669934e-06,1.74879216770993e-06,1.75172626284995e-06,1.8290786315722e-06,0,0
3.969,0,0,0,0,0,5.58968854195622e-06,5.47646974521275e-06,5.02838154669934e-06,1.74879216770993e-06,1.75172626284995e-06,1.8290786315722e-06,0,0
3.97,0,0,0,0,0,5.58968854195622e-06,5.47646974521275e-06,5.02838154669934e-06,1.74879216770993e-06,1.75172626284995e-06,1.8290786315722e-06,0,0
3.971,0,0,0,0,0,5.58968854195622e-06,5.47646974521275e-06,5.02838154669934e-06,1.74879216770993e-06,1.75172626284995e-06,1.8290786315722e-06,0,0
3.972,0,0,0,0,0,5.58968854195622e-06,5.47646974521275e-06,5.02838154669934e-06,1.74879216770993e-06,1.75172626284995e-06,1.8290786315722e-06,0,0
3.973,0,0,0,0,0,5.58968854195622e-06,5.47646974521275e-06,5.02838154669934e-06,1.74879216770993e-06,1.75172626284995e-06,1.8290786315722e-06,0,0
3.974,0,0,0,0,0,5.58968854195622e-06,5.47646974521275e-06,5.02838154669934e-06,1.74879216770993e-06,1.75172626284995e-06,1.8290786315722e-06,0,0
3.975,0,0,0,0,0,5.58968854195622e-06,5.47646974521275e-06,5.02838154669934e-06,1.74879216770993e-06,1.75172626284995e-06,1.8290786315722e-06,0,0
3.976,0,0,0,0,0,5.58968854195622e-06,5.47646974521275e-06,5.02838154669934e-06,1.74879216770993e-06,1.75172626284995e-06,1.8290786315722e-06,0,0
3.977,0,0,0,0,0,5.58968854195622e-06,5.47646974521275e-06,5.02838154669934e-06,1.74879216770993e-06,1.75172626284995e-06,1.8290786315722e-06,0,0
3.978,0,0,0,0,0,5.58968854195622e-06,5.47646974521275e-06,5.02838154669934e-06,1.74879216770993e-06,1.75172626284995e-06,1.8290786315722e-06,0,0
3.979,0,0,0,0,0,5.58968854195622e-06,5.47646974521275e-06,5.02838154669934e-06,1.74879216770993e-06,1.75172626284995e-06,1.8290786315722e-06,0,0
3.98,0,0,0,0,0,5.58968854195622e-06,5.47646974521275e-06,5.02838154669934e-06,1.74879216770993e-06,1.75172626284995e-06,1.8290786315722e-06,0,0
3.981,0,0,0,0,0,5.58968854195622e-06,5.47646974521275e-06,5.02838154669934e-06,1.74879216770993e-06,1.75172626284995e-06,1.8290786315722e-06,0,0
3.982,0,0,0,0,0,5.58968854195622e-06,5.47646974521275e-06,5.02838154669934e-06,1.74879216770993e-06,1.75172626284995e-06,1.8290786315722e-06,0,0
3.983,0,0,0,0,0,5.58968854195622e-06,5.47646974521275e-06,5.02838154669934e-06,1.74879216770993e-06,1.75172626284995e-06,1.8290786315722e-06,0,0
3.984,0,0,0,0,0,5.58968854195622e-06,5.47646974521275e-06,5.02838154669934e-06,1.74879216770993e-06,1.75172626284995e-06,1.8290786315722e-06,0,0
3.985,0,0,0,0,0,5.58968854195622e-06,5.47646974521275e-06,5.02838154669934e-06,1.74879216770993e-06,1.75172626284995e-06,1.8290786315722e-06,0,0
3.986,0,0,0,0,0,5.58968854195622e-06,5.47646974521275e-06,5.02838154669934e-06,1.74879216770993e-06,1.75172626284995e-06,1.8290786315722e-06,0,0
3.987,0,0,0,0,0,5.58968854195622e-06,5.47646974521275e-06,5.02838154669934e-06,1.74879216770993e-06,1.75172626284995e-06,1.8290786315722e-06,0,0
3.988,0,0,0,0,0,5.58968854195622e-06,5.47646974521275e-06,5.02838154669934e-06,1.74879216770993e-06,1.75172626284995e-06,1.8290786315722e-06,0,0
3.989,0,0,0,0,0,5.58968854195622e-06,5.47646974521275e-06,5.02838154669934e-06,1.74879216770993e-06,1.75172626284995e-06,1.8290786315722e-06,0,0
3.99,0,0,0,0,0,5.58968854195622e-06,5.47646974521275e-06,5.02838154669934e-06,1.74879216770993e-06,1.75172626284995e-06,1.8290786315722e-06,0,0
3.991,0,0,0,0,0,5.58968854195622e-06,5.47646974521275e-06,5.02838154669934e-06,1.74879216770993e-06,1.75172626284995e-06,1.8290786315722e-06,0,0
3.992,0,0,0,0,0,5.58968854195622e-06,5.47646974521275e-06,5.02838154669934e-06,1.74879216770993e-06,1.75172626284995e-06,1.8290786315722e-06,0,0
3.993,0,0,0,0,0,5.58968854195622e-06,5.47646974521275e-06,5.02838154669934e-06,1.74879216770993e-06,1.75172626284995e-06,1.8290786315722e-06,0,0
3.994,0,0,0,0,0,5.58968854195622e-06,5.47646974521275e-06,5.02838154669934e-06,1.74879216770993e-06,1.75172626284995e-06,1.8290786315722e-06,0,0
3.995,0,0,0,0,0,5.58968854195622e-06,5.47646974521275e-06,5.02838154669934e-06,1.74879216770993e-06,1.75172626284995e-06,1.8290786315722e-06,0,0
3.996,0,0,0,0,0,5.58968854195622e-06,5.47646974521275e-06,5.02838154669934e-06,1.74879216770993e-06,1.75172626284995e-06,1.8290786315722e-06,0,0
3.997,0,0,0,0,0,5.58968854195622e-06,5.47646974521275e-06,5.02838154669934e-06,1.74879216770993e-06,1.75172626284995e-06,1.8290786315722e-06,0,0
3.998,0,0,0,0,0,5.58968854195622e-06,5.47646974521275e-06,5.02838154669934e-06,1.74879216770993e-06,1.75172626284995e-06,1.8290786315722e-06,0,0
3.999,0,0,0,0,0,5.58968854195622e-06,5.47646974521275e-06,5.02838154669934e-06,1.74879216770993e-06,1.75172626284995e-06,1.8290786315722e-06,0,0
4,0,0,0,0,0,5.58968854195622e-06,5.47646974521275e-06,5.02838154669934e-06,1.74879216770993e-06,1.75172626284995e-06,1.8290786315722e-06,0,0
