t_vec,p_exceed_A,p_exceed_B,p_exceed_C,p_exceed_D,p_exceed_E,p_exceed_F,theta_p95_A,theta_p95_B,theta_p95_E,theta_p95_F,theta_p50_A,theta_p50_E,pe_active_A,pe_active_E
0,0,0,0,0,0,0,0,0,0,0,0,0,0,0
0.001,0,0,0,0,0,0,0,0,0,0,0,0,0,0
0.002,0,0,0,0,0,0,0,0,0,0,0,0,0,0
0.003,0,0,0,0,0,0,0,0,0,0,0,0,0,0
0.004,0,0,0,0,0,0,0,0,0,0,0,0,0,0
0.005,0,0,0,0,0,0,0,0,0,0,0,0,0,0
0.006,0,0,0,0,0,0,0,0,0,0,0,0,0,0
0.007,0,0,0,0,0,0,0,0,0,0,0,0,0,0
0.008,0,0,0,0,0,0,0,0,0,0,0,0,0,0
0.009,0,0,0,0,0,0,0,0,0,0,0,0,0,0
0.01,0,0,0,0,0,0,0,0,0,0,0,0,0,0
0.011,0,0,0,0,0,0,0,0,0,0,0,0,0,0
0.012,0,0,0,0,0,0,0,0,0,0,0,0,0,0
0.013,0,0,0,0,0,0,0,0,0,0,0,0,0,0
0.014,0,0,0,0,0,0,0,0,0,0,0,0,0,0
0.015,0,0,0,0,0,0,0,0,0,0,0,0,0,0
0.016,0,0,0,0,0,0,0,0,0,0,0,0,0,0
0.017,0,0,0,0,0,0,0,0,0,0,0,0,0,0
0.018,0,0,0,0,0,0,0,0,0,0,0,0,0,0
0.019,0,0,0,0,0,0,0,0,0,0,0,0,0,0
0.02,0,0,0,0,0,0,0,0,0,0,0,0,0,0
0.021,0,0,0,0,0,0,0,0,0,0,0,0,0,0
0.022,0,0,0,0,0,0,0,0,0,0,0,0,0,0
0.023,0,0,0,0,0,0,0,0,0,0,0,0,0,0
0.024,0,0,0,0,0,0,0,0,0,0,0,0,0,0
0.025,0,0,0,0,0,0,0,0,0,0,0,0,0,0
0.026,0,0,0,0,0,0,0,0,0,0,0,0,0,0
0.027,0,0,0,0,0,0,0,0,0,0,0,0,0,0
0.028,0,0,0,0,0,0,0,0,0,0,0,0,0,0
0.029,0,0,0,0,0,0,0,0,0,0,0,0,0,0
0.03,0,0,0,0,0,0,0,0,0,0,0,0,0,0
0.031,0,0,0,0,0,0,0,0,0,0,0,0,0,0
0.032,0,0,0,0,0,0,0,0,0,0,0,0,0,0
0.033,0,0,0,0,0,0,0,0,0,0,0,0,0,0
0.034,0,0,0,0,0,0,0,0,0,0,0,0,0,0
0.035,0,0,0,0,0,0,0,0,0,0,0,0,0,0
0.036,0,0,0,0,0,0,0,0,0,0,0,0,0,0
0.037,0,0,0,0,0,0,0,0,0,0,0,0,0,0
0.038,0,0,0,0,0,0,0,0,0,0,0,0,0,0
0.039,0,0,0,0,0,0,0,0,0,0,0,0,0,0
0.04,0,0,0,0,0,0,0,0,0,0,0,0,0,0
0.041,0,0,0,0,0,0,0,0,0,0,0,0,0,0
0.042,0,0,0,0,0,0,0,0,0,0,0,0,0,0
0.043,0,0,0,0,0,0,0,0,0,0,0,0,0,0
0.044,0,0,0,0,0,0,0,0,0,0,0,0,0,0
0.045,0,0,0,0,0,0,0,0,0,0,0,0,0,0
0.046,0,0,0,0,0,0,0,0,0,0,0,0,0,0
0.047,0,0,0,0,0,0,0,0,0,0,0,0,0,0
0.048,0,0,0,0,0,0,0,0,0,0,0,0,0,0
0.049,0,0,0,0,0,0,0,0,0,0,0,0,0,0
0.05,0,0,0,0,0,0,0,0,0,0,0,0,0,0
0.051,0,0,0,0,0,0,0,0,0,0,0,0,0,0
0.052,0,0,0,0,0,0,0,0,0,0,0,0,0,0
0.053,0,0,0,0,0,0,0,0,0,0,0,0,0,0
0.054,0,0,0,0,0,0,0,0,0,0,0,0,0,0
0.055,0,0,0,0,0,0,0,0,0,0,0,0,0,0
0.056,0,0,0,0,0,0,0,0,0,0,0,0,0,0
0.057,0,0,0,0,0,0,0,0,0,0,0,0,0,0
0.058,0,0,0,0,0,0,0,0,0,0,0,0,0,0
0.059,0,0,0,0,0,0,0,0,0,0,0,0,0,0
0.06,0,0,0,0,0,0,0,0,0,0,0,0,0,0
0.061,0,0,0,0,0,0,0,0,0,0,0,0,0,0
0.062,0,0,0,0,0,0,0,0,0,0,0,0,0,0
0.063,0,0,0,0,0,0,0,0,0,0,0,0,0,0
0.064,0,0,0,0,0,0,0,0,0,0,0,0,0,0
0.065,0,0,0,0,0,0,0,0,0,0,0,0,0,0
0.066,0,0,0,0,0,0,0,0,0,0,0,0,0,0
0.067,0,0,0,0,0,0,0,0,0,0,0,0,0,0
0.068,0,0,0,0,0,0,0,0,0,0,0,0,0,0
0.069,0,0,0,0,0,0,0,0,0,0,0,0,0,0
0.07,0,0,0,0,0,0,0,0,0,0,0,0,0,0
0.071,0,0,0,0,0,0,0,0,0,0,0,0,0,0
0.072,0,0,0,0,0,0,0,0,0,0,0,0,0,0
0.073,0,0,0,0,0,0,0,0,0,0,0,0,0,0
0.074,0,0,0,0,0,0,0,0,0,0,0,0,0,0
0.075,0,0,0,0,0,0,0,0,0,0,0,0,0,0
0.076,0,0,0,0,0,0,0,0,0,0,0,0,0,0
0.077,0,0,0,0,0,0,0,0,0,0,0,0,0,0
0.078,0,0,0,0,0,0,0,0,0,0,0,0,0,0
0.079,0,0,0,0,0,0,0,0,0,0,0,0,0,0
0.08,0,0,0,0,0,0,0,0,0,0,0,0,0,0
0.081,0,0,0,0,0,0,0,0,0,0,0,0,0,0
0.082,0,0,0,0,0,0,0,0,0,0,0,0,0,0
0.083,0,0,0,0,0,0,0,0,0,0,0,0,0,0
0.084,0,0,0,0,0,0,0,0,0,0,0,0,0,0
0.085,0,0,0,0,0,0,0,0,0,0,0,0,0,0
0.086,0,0,0,0,0,0,0,0,0,0,0,0,0,0
0.087,0,0,0,0,0,0,0,0,0,0,0,0,0,0
0.088,0,0,0,0,0,0,0,0,0,0,0,0,0,0
0.089,0,0,0,0,0,0,0,0,0,0,0,0,0,0
0.09,0,0,0,0,0,0,0,0,0,0,0,0,0,0
0.091,0,0,0,0,0,0,0,0,0,0,0,0,0,0
0.092,0,0,0,0,0,0,0,0,0,0,0,0,0,0
0.093,0,0,0,0,0,0,0,0,0,0,0,0,0,0
0.094,0,0,0,0,0,0,0,0,0,0,0,0,0,0
0.095,0,0,0,0,0,0,0,0,0,0,0,0,0,0
0.096,0,0,0,0,0,0,0,0,0,0,0,0,0,0
0.097,0,0,0,0,0,0,0,0,0,0,0,0,0,0
0.098,0,0,0,0,0,0,0,0,0,0,0,0,0,0
0.099,0,0,0,0,0,0,0,0,0,0,0,0,0,0
0.1,0,0,0,0,0,0,0,0,0,0,0,0,0,0
0.101,0,0,0,0,0,0,0,0,0,0,0,0,0,0
0.102,0,0,0,0,0,0,0,0,0,0,0,0,0,0
0.103,0,0,0,0,0,0,0,0,0,0,0,0,0,0
0.104,0,0,0,0,0,0,0,0,0,0,0,0,0,0
0.105,0,0,0,0,0,0,0,0,0,0,0,0,0,0
0.106,0,0,0,0,0,0,0,0,0,0,0,0,0,0
0.107,0,0,0,0,0,0,0,0,0,0,0,0,0,0
0.108,0,0,0,0,0,0,0,0,0,0,0,0,0,0
0.109,0,0,0,0,0,0,0,0,0,0,0,0,0,0
0.11,0,0,0,0,0,0,0,0,0,0,0,0,0,0
0.111,0,0,0,0,0,0,0,0,0,0,0,0,0,0
0.112,0,0,0,0,0,0,0,0,0,0,0,0,0,0
0.113,0,0,0,0,0,0,0,0,0,0,0,0,0,0
0.114,0,0,0,0,0,0,0,0,0,0,0,0,0,0
0.115,0,0,0,0,0,0,0,0,0,0,0,0,0,0
0.116,0,0,0,0,0,0,0,0,0,0,0,0,0,0
0.117,0,0,0,0,0,0,0,0,0,0,0,0,0,0
0.118,0,0,0,0,0,0,0,0,0,0,0,0,0,0
0.119,0,0,0,0,0,0,0,0,0,0,0,0,0,0
0.12,0,0,0,0,0,0,0,0,0,0,0,0,0,0
0.121,0,0,0,0,0,0,0,0,0,0,0,0,0,0
0.122,0,0,0,0,0,0,0,0,0,0,0,0,0,0
0.123,0,0,0,0,0,0,0,0,0,0,0,0,0,0
0.124,0,0,0,0,0,0,0,0,0,0,0,0,0,0
0.125,0,0,0,0,0,0,0,0,0,0,0,0,0,0
0.126,0,0,0,0,0,0,0,0,0,0,0,0,0,0
0.127,0,0,0,0,0,0,0,0,0,0,0,0,0,0
0.128,0,0,0,0,0,0,0,0,0,0,0,0,0,0
0.129,0,0,0,0,0,0,0,0,0,0,0,0,0,0
0.13,0,0,0,0,0,0,0,0,0,0,0,0,0,0
0.131,0,0,0,0,0,0,0,0,0,0,0,0,0,0
0.132,0,0,0,0,0,0,0,0,0,0,0,0,0,0
0.133,0,0,0,0,0,0,0,0,0,0,0,0,0,0
0.134,0,0,0,0,0,0,0,0,0,0,0,0,0,0
0.135,0,0,0,0,0,0,0,0,0,0,0,0,0,0
0.136,0,0,0,0,0,0,0,0,0,0,0,0,0,0
0.137,0,0,0,0,0,0,0,0,0,0,0,0,0,0
0.138,0,0,0,0,0,0,0,0,0,0,0,0,0,0
0.139,0,0,0,0,0,0,0,0,0,0,0,0,0,0
0.14,0,0,0,0,0,0,0,0,0,0,0,0,0,0
0.141,0,0,0,0,0,0,0,0,0,0,0,0,0,0
0.142,0,0,0,0,0,0,0,0,0,0,0,0,0,0
0.143,0,0,0,0,0,0,0,0,0,0,0,0,0,0
0.144,0,0,0,0,0,0,0,0,0,0,0,0,0,0
0.145,0,0,0,0,0,0,0,0,0,0,0,0,0,0
0.146,0,0,0,0,0,0,0,0,0,0,0,0,0,0
0.147,0,0,0,0,0,0,0,0,0,0,0,0,0,0
0.148,0,0,0,0,0,0,0,0,0,0,0,0,0,0
0.149,0,0,0,0,0,0,0,0,0,0,0,0,0,0
0.15,0,0,0,0,0,0,0,0,0,0,0,0,0,0
0.151,0,0,0,0,0,0,0,0,0,0,0,0,0,0
0.152,0,0,0,0,0,0,0,0,0,0,0,0,0,0
0.153,0,0,0,0,0,0,0,0,0,0,0,0,0,0
0.154,0,0,0,0,0,0,0,0,0,0,0,0,0,0
0.155,0,0,0,0,0,0,0,0,0,0,0,0,0,0
0.156,0,0,0,0,0,0,0,0,0,0,0,0,0,0
0.157,0,0,0,0,0,0,0,0,0,0,0,0,0,0
0.158,0,0,0,0,0,0,0,0,0,0,0,0,0,0
0.159,0,0,0,0,0,0,0,0,0,0,0,0,0,0
0.16,0,0,0,0,0,0,0,0,0,0,0,0,0,0
0.161,0,0,0,0,0,0,0,0,0,0,0,0,0,0
0.162,0,0,0,0,0,0,0,0,0,0,0,0,0,0
0.163,0,0,0,0,0,0,0,0,0,0,0,0,0,0
0.164,0,0,0,0,0,0,0,0,0,0,0,0,0,0
0.165,0,0,0,0,0,0,0,0,0,0,0,0,0,0
0.166,0,0,0,0,0,0,0,0,0,0,0,0,0,0
0.167,0,0,0,0,0,0,0,0,0,0,0,0,0,0
0.168,0,0,0,0,0,0,0,0,0,0,0,0,0,0
0.169,0,0,0,0,0,0,0,0,0,0,0,0,0,0
0.17,0,0,0,0,0,0,0,0,0,0,0,0,0,0
0.171,0,0,0,0,0,0,0,0,0,0,0,0,0,0
0.172,0,0,0,0,0,0,0,0,0,0,0,0,0,0
0.173,0,0,0,0,0,0,0,0,0,0,0,0,0,0
0.174,0,0,0,0,0,0,0,0,0,0,0,0,0,0
0.175,0,0,0,0,0,0,0,0,0,0,0,0,0,0
0.176,0,0,0,0,0,0,0,0,0,0,0,0,0,0
0.177,0,0,0,0,0,0,0,0,0,0,0,0,0,0
0.178,0,0,0,0,0,0,0,0,0,0,0,0,0,0
0.179,0,0,0,0,0,0,0,0,0,0,0,0,0,0
0.18,0,0,0,0,0,0,0,0,0,0,0,0,0,0
0.181,0,0,0,0,0,0,0,0,0,0,0,0,0,0
0.182,0,0,0,0,0,0,0,0,0,0,0,0,0,0
0.183,0,0,0,0,0,0,0,0,0,0,0,0,0,0
0.184,0,0,0,0,0,0,0,0,0,0,0,0,0,0
0.185,0,0,0,0,0,0,0,0,0,0,0,0,0,0
0.186,0,0,0,0,0,0,0,0,0,0,0,0,0,0
0.187,0,0,0,0,0,0,0,0,0,0,0,0,0,0
0.188,0,0,0,0,0,0,0,0,0,0,0,0,0,0
0.189,0,0,0,0,0,0,0,0,0,0,0,0,0,0
0.19,0,0,0,0,0,0,0,0,0,0,0,0,0,0
0.191,0,0,0,0,0,0,0,0,0,0,0,0,0,0
0.192,0,0,0,0,0,0,0,0,0,0,0,0,0,0
0.193,0,0,0,0,0,0,0,0,0,0,0,0,0,0
0.194,0,0,0,0,0,0,0,0,0,0,0,0,0,0
0.195,0,0,0,0,0,0,0,0,0,0,0,0,0,0
0.196,0,0,0,0,0,0,0,0,0,0,0,0,0,0
0.197,0,0,0,0,0,0,0,0,0,0,0,0,0,0
0.198,0,0,0,0,0,0,0,0,0,0,0,0,0,0
0.199,93,80,96,91,87,78,0.000144801331040799,8.6207853197887e-05,0.000120470383036488,8.78108841542186e-05,5.6214095803658e-05,3.83656627290085e-05,100,100
0.2,93,80,96,91,86,78,0.000149134391179409,8.89241406042782e-05,0.000125139168146502,9.06487544681819e-05,5.8085010091206e-05,3.97841462575377e-05,100,100
0.201,93,81,94,91,86,78,0.000150068122991645,8.93521050808309e-05,0.000126605870776984,9.11780940668888e-05,5.84688234449321e-05,3.93322809309651e-05,100,100
0.202,93,81,93,91,89,78,0.000149976488337898,8.91719239651693e-05,0.000127155903320198,9.10910172227489e-05,5.843891804343e-05,3.87799675662733e-05,100,100
0.203,92,81,92,91,90,78,0.000149440052791445,8.88749929177013e-05,0.000127280344637624,9.07481405670151e-05,5.74984096787902e-05,3.72557237472559e-05,100,100
0.204,92,81,91,91,92,78,0.000149828843472638,8.84517333304425e-05,0.000127150000888098,9.02727979104921e-05,5.74267801420318e-05,3.59823719545988e-05,100,100
0.205,91,81,90,90,93,78,0.000150089720919403,8.79517047547974e-05,0.000126836836691452,8.97184111403588e-05,5.73036408190607e-05,3.5097532266134e-05,100,100
0.206,91,81,90,91,93,78,0.000150200298566119,8.74011283484974e-05,0.000126381375540476,8.91116465352972e-05,5.70559088943323e-05,3.50724278459964e-05,100,100
0.207,91,81,90,91,90,78,0.000150184561174866,8.68143582108554e-05,0.000126193949137521,8.84670833670733e-05,5.65609222980378e-05,3.53179616384458e-05,100,100
0.208,89,81,90,91,92,78,0.000150060482876472,8.61997320318032e-05,0.000126443337977671,8.77931691927496e-05,5.60204969415332e-05,3.60523055715187e-05,100,100
0.209,89,81,91,91,93,78,0.000149842913001801,8.55622634425066e-05,0.000126597004346514,8.70949634552571e-05,5.59882629777706e-05,3.64152615053888e-05,100,100
0.21,87,81,92,92,92,78,0.000149542358723775,8.4904986714446e-05,0.000126659353838109,8.63755287048548e-05,5.51364170663939e-05,3.62911525340502e-05,100,100
0.211,90,81,92,92,93,78,0.000149163758183222,8.4229680461575e-05,0.000126633427982119,8.56366919344341e-05,5.42638974114528e-05,3.53833969965475e-05,100,100
0.212,88,81,92,90,93,78,0.000148707068296607,8.33650858173385e-05,0.000126523164604982,8.48794881765082e-05,5.43123286929891e-05,3.41863068257474e-05,100,100
0.213,86,80,92,90,93,78,0.000148169926479608,8.24798314702702e-05,0.000126333124211604,8.41044330063981e-05,5.28486391407219e-05,3.42694582092193e-05,100,100
0.214,86,80,91,91,91,78,0.000147552831582674,8.15786226376042e-05,0.000126067547688282,8.33116977035453e-05,5.19851476490432e-05,3.37789443543088e-05,100,100
0.215,86,80,91,91,91,77,0.000146859324707459,8.06616260603284e-05,0.000125038326363967,8.25012263305282e-05,5.22459077180872e-05,3.42776946490969e-05,100,100
0.216,86,81,89,92,92,77,0.000145877258393308,7.9728729172251e-05,0.000123596512046578,8.16728166623043e-05,5.28877082335573e-05,3.48101534690394e-05,100,100
0.217,87,80,88,92,91,77,0.000144480089287829,7.87796358168394e-05,0.000122397508801312,8.08261777415761e-05,5.29375924725088e-05,3.49242902112594e-05,100,100
0.218,87,80,87,91,91,77,0.000143031385406697,7.78139360395222e-05,0.000121221364828902,7.99609717817583e-05,5.32893725851015e-05,3.61636563948856e-05,100,100
0.219,86,80,86,92,90,77,0.000141529560072386,7.68311504804992e-05,0.000120007238629642,7.90768452411076e-05,5.26636764457633e-05,3.58599108944514e-05,100,100
0.22,87,79,85,90,88,77,0.000139975662262376,7.58307604455681e-05,0.000118759199584096,7.81734521736505e-05,5.15431859295579e-05,3.60620199401965e-05,100,100
0.221,87,79,84,88,89,77,0.000138372267465183,7.48122365707538e-05,0.000117480920751075,7.72504719134344e-05,5.04461140704516e-05,3.52016947429885e-05,100,100
0.222,86,79,84,87,87,77,0.000136960041199822,7.37750760914372e-05,0.00011617513888456,7.63076224906374e-05,5.05838120412588e-05,3.42178757191578e-05,100,100
0.223,86,78,84,87,87,77,0.000135922897426385,7.27189878306967e-05,0.000114844301238093,7.53446707552828e-05,5.07179859044643e-05,3.37584963592389e-05,100,100
0.224,85,78,83,87,87,77,0.000134843916773582,7.16438929230319e-05,0.000113491846511131,7.43614399065423e-05,4.97748406845738e-05,3.39666554742596e-05,100,100
0.225,84,78,84,86,88,75,0.000133721690787293,7.05496573883406e-05,0.000112121570664554,7.33578149393421e-05,4.88329673956003e-05,3.42373519858231e-05,100,100
0.226,86,77,83,85,88,75,0.000131917550749067,6.94361335081537e-05,0.000110736103181635,7.23337463926035e-05,4.78941381324683e-05,3.45659546503205e-05,100,100
0.227,86,77,85,85,88,74,0.000129670197895949,6.83034137992358e-05,0.000109336885450335,7.12892526947262e-05,4.79578525410464e-05,3.47330046954268e-05,100,100
0.228,87,76,86,85,88,73,0.000127398345873324,6.71517746064878e-05,0.000107926756146871,7.02244213389675e-05,4.85189002982177e-05,3.56148605506202e-05,100,100
0.229,87,75,84,85,87,73,0.000125104065177941,6.59816326936138e-05,0.000106509007205623,6.91394090759061e-05,4.84992997078845e-05,3.52462051799864e-05,100,100
0.23,88,75,84,85,88,73,0.000122789568554657,6.47934076867578e-05,0.000105085339549336,6.80344412767228e-05,4.83285565579632e-05,3.58326577387657e-05,100,100
0.231,89,75,86,86,88,73,0.000120458476085259,6.35873193684633e-05,0.000103772210068363,6.69098105959473e-05,4.81199811120334e-05,3.59569587621939e-05,100,100
0.232,88,74,86,85,88,73,0.000118140045196353,6.23637487858624e-05,0.000103153890995822,6.57658750431394e-05,4.71610908524694e-05,3.50101222824638e-05,100,100
0.233,87,74,86,86,87,73,0.000116117061246726,6.11232219637642e-05,0.000102513426285111,6.46030555580008e-05,4.60548519687537e-05,3.42445811370385e-05,100,100
0.234,86,74,86,86,87,70,0.000114074387449477,5.98661118058804e-05,0.000102042137962528,6.34218331714762e-05,4.62121703209504e-05,3.43974341444965e-05,100,100
0.235,86,73,87,86,87,70,0.000112015218747358,5.8592961985949e-05,0.000101556055441204,6.22227458256809e-05,4.58161666530263e-05,3.40621056369401e-05,100,100
0.236,87,72,87,86,86,67,0.000110423105060993,5.73045561806649e-05,0.000101055785791296,6.10063849173942e-05,4.4531031107112e-05,3.36695356372861e-05,100,100
0.237,87,72,89,87,87,67,0.000109186595020779,5.60016248285509e-05,0.000100542180705515,5.97733916229854e-05,4.32617028819357e-05,3.37080334806343e-05,100,100
0.238,88,71,89,88,86,67,0.000107910872382642,5.46849596515947e-05,0.000100016561965663,5.85244530566758e-05,4.25515235859477e-05,3.373232998784e-05,100,100
0.239,88,71,88,89,86,67,0.000106597388347822,5.33613068448495e-05,9.94791253204458e-05,5.72602983087931e-05,4.20891563626362e-05,3.34689494245316e-05,100,100
0.24,88,71,89,89,86,67,0.00010524792031786,5.21532952807891e-05,9.83411323263302e-05,5.59816944059683e-05,4.23977037844357e-05,3.27698365590367e-05,100,100
0.241,88,71,89,89,84,67,0.000103863370987832,5.09307228378474e-05,9.70913659272551e-05,5.46894422309715e-05,4.29236458295021e-05,3.22622964103939e-05,100,100
0.242,88,71,89,89,85,67,0.000102776866335768,4.96943578538402e-05,9.58426641184087e-05,5.33843724359759e-05,4.25225306639002e-05,3.19799634734023e-05,100,100
0.243,87,71,89,89,87,67,0.00010169308116979,4.84451568226589e-05,9.45968681570702e-05,5.20673413794477e-05,4.19673590884003e-05,3.14236020816092e-05,100,100
0.244,89,71,88,92,86,67,0.00010056222921575,4.7184159859815e-05,9.33553974352937e-05,5.07392271135155e-05,4.11587964907389e-05,3.1381596812049e-05,100,100
0.245,89,68,88,91,86,67,9.9385917340857e-05,4.59122660213833e-05,9.21195117643335e-05,4.9400925445571e-05,4.01323011194938e-05,3.09490902226987e-05,100,100
0.246,89,67,88,90,86,66,9.81663915809113e-05,4.46303966115195e-05,9.16105480437935e-05,4.80533460949473e-05,3.89377000103026e-05,3.0440006220336e-05,100,100
0.247,89,67,88,89,85,66,9.69071559820719e-05,4.33396926746625e-05,9.18078081415708e-05,4.66974089628192e-05,3.82935092509064e-05,2.99072796246496e-05,100,100
0.248,89,66,88,87,84,66,9.56116765137681e-05,4.2009081415101e-05,9.19589164687408e-05,4.533404053094e-05,3.8393890529964e-05,2.95125838928067e-05,100,100
0.249,91,65,90,85,84,66,9.42827496016427e-05,4.08902579910359e-05,9.20656544558696e-05,4.39641704024802e-05,3.8768080946005e-05,2.88340920388411e-05,100,100
0.25,90,65,90,85,83,66,9.29234838407345e-05,3.95971526327856e-05,9.21302493276735e-05,4.25887279960406e-05,3.76291432366756e-05,2.8609389454205e-05,100,100
0.251,89,64,91,86,82,66,9.1536921559442e-05,3.81536987555109e-05,9.19368109098711e-05,4.12086394018917e-05,3.62903513590202e-05,2.88418221791379e-05,100,100
0.252,89,61,91,84,80,66,9.01258139137552e-05,3.69291865331193e-05,9.16281987172269e-05,3.98248244076116e-05,3.63757841326782e-05,2.86729915619948e-05,100,100
0.253,89,60,91,82,80,66,8.86045919088072e-05,3.57677503328273e-05,9.09978726291207e-05,3.84381936985804e-05,3.54105223719811e-05,2.89118630396055e-05,100,100
0.254,92,60,90,82,80,66,8.67981366795417e-05,3.47106665239623e-05,9.03722515611308e-05,3.70496462372074e-05,3.43419053964086e-05,2.86604095927269e-05,100,100
0.255,92,60,90,81,80,66,8.5000827532136e-05,3.38619585529627e-05,8.97522888354023e-05,3.566006682334e-05,3.37258123211993e-05,2.83322401213472e-05,100,100
0.256,93,57,89,81,79,66,8.32135478878132e-05,3.3010000889087e-05,8.91380610997183e-05,3.42703238369996e-05,3.36932204988065e-05,2.83435257002375e-05,100,100
0.257,91,58,88,80,78,62,8.16339900948422e-05,3.21553809254644e-05,8.8529185559782e-05,3.28812671634325e-05,3.36392744128754e-05,2.81538405900805e-05,100,100
0.258,89,56,89,79,77,60,8.03364079161004e-05,3.12987194374505e-05,8.79250628302029e-05,3.14937262994169e-05,3.22667567994347e-05,2.82411635839844e-05,100,100
0.259,88,53,88,79,77,58,7.97918131929248e-05,3.0440662637222e-05,8.73249943871155e-05,3.01085086388564e-05,3.14869012308652e-05,2.82101805319289e-05,100,100
0.26,88,50,88,79,78,57,7.98683790257807e-05,2.95818242047749e-05,8.67283535865949e-05,2.87263979348823e-05,3.09078002946743e-05,2.81130591012551e-05,100,100
0.261,88,50,87,79,77,53,7.9901767685515e-05,2.87227866207088e-05,8.61345650390785e-05,2.73481529349928e-05,3.03988400696926e-05,2.79905777870758e-05,100,100
0.262,88,48,86,78,77,50,7.94216710764468e-05,2.78642045105321e-05,8.55427971253269e-05,2.59745061851651e-05,3.0078686691285e-05,2.78431950258543e-05,100,100
0.263,88,49,86,81,77,46,7.84683974657616e-05,2.70068015649475e-05,8.49523045155663e-05,2.46061629983743e-05,2.94600485010508e-05,2.77010423841521e-05,100,100
0.264,87,47,84,81,76,44,7.75015419445102e-05,2.62776619944636e-05,8.43626242481276e-05,2.32438005825412e-05,2.92946491552156e-05,2.74468159518143e-05,100,100
0.265,87,45,82,80,76,44,7.65227374696411e-05,2.58059402301237e-05,8.33836424788146e-05,2.18880673225986e-05,2.93267114504226e-05,2.7180597737139e-05,100,100
0.266,86,42,82,76,76,43,7.57557510432183e-05,2.51629169591468e-05,8.20741939232595e-05,2.0539582211101e-05,2.92235055365399e-05,2.70181831665438e-05,100,100
0.267,85,41,83,76,76,42,7.57061916911685e-05,2.40856744888549e-05,8.07921703430551e-05,1.91989344216058e-05,2.89638808157152e-05,2.67585811919654e-05,100,100
0.268,84,38,82,75,76,33,7.56582253759775e-05,2.28673058260912e-05,7.95383382358681e-05,1.7866683018906e-05,2.81583966495087e-05,2.61091851006631e-05,100,100
0.269,82,37,82,75,76,26,7.56127818758335e-05,2.1484340676247e-05,7.83125785927113e-05,1.65433568001001e-05,2.79881564987064e-05,2.53192145942192e-05,100,100
0.27,82,35,81,76,76,23,7.55706870585709e-05,2.03246871789492e-05,7.71141321792753e-05,1.52294542604256e-05,2.76374079352358e-05,2.46578186154535e-05,100,100
0.271,81,35,81,75,77,18,7.55330081263694e-05,1.91913683984143e-05,7.59423506276364e-05,1.39254436777539e-05,2.72700582736735e-05,2.48498285124744e-05,100,100
0.272,80,30,81,73,76,12,7.53480500556429e-05,1.80671228315429e-05,7.47968659989082e-05,1.26317633096445e-05,2.68007190199824e-05,2.51222889580386e-05,100,100
0.273,79,28,79,74,76,8,7.38471372431092e-05,1.69523305341728e-05,7.36769256184634e-05,1.13488216968755e-05,2.60451614791444e-05,2.52451557684382e-05,100,100
0.274,78,24,78,75,75,5,7.30003942417509e-05,1.60789636523428e-05,7.26007418887904e-05,1.0126233886685e-05,2.62116792086922e-05,2.49305592430002e-05,100,100
0.275,78,24,78,72,75,4,7.26423087001053e-05,1.55568092220003e-05,7.23364072950405e-05,9.20099968498193e-06,2.57825158654183e-05,2.47083878993702e-05,100,100
0.276,79,25,78,69,75,3,7.22797415675414e-05,1.50506076328052e-05,7.20664045185443e-05,8.51365542352522e-06,2.57722298246221e-05,2.47818635856902e-05,100,100
0.277,78,26,80,68,76,0,7.19125591871252e-05,1.45497321067288e-05,7.17905918110079e-05,7.71972425308054e-06,2.54896252122991e-05,2.46468044255211e-05,100,100
0.278,79,22,79,66,77,0,7.15405617134057e-05,1.44093993713676e-05,7.15087637902919e-05,6.7696230836178e-06,2.51690022010987e-05,2.43518942896583e-05,100,100
0.279,80,20,77,66,77,0,7.11634615725186e-05,1.47696434169938e-05,7.12206308205986e-05,6.18273104836866e-06,2.45651737861033e-05,2.42423165531329e-05,100,100
0.28,81,22,77,66,77,0,7.07806798654841e-05,1.48556519188539e-05,7.09256180390057e-05,5.79212487291625e-06,2.42064771500143e-05,2.42770014674509e-05,100,100
0.281,81,22,77,66,77,0,7.03915333692861e-05,1.52199205912323e-05,7.06230505471684e-05,4.82758958012333e-06,2.38447500369868e-05,2.43151049353938e-05,100,100
0.282,80,22,77,66,77,0,6.99955856210907e-05,1.5115337691579e-05,7.03125005780097e-05,4.04966075005484e-06,2.364364882132e-05,2.42472763691059e-05,100,100
0.283,79,25,79,66,77,0,6.95924207263246e-05,1.47181867684898e-05,6.99935610322017e-05,4.39323533912682e-06,2.34835163537807e-05,2.4036788745954e-05,100,100
0.284,76,25,79,65,76,0,6.91816074951769e-05,1.46056647700189e-05,6.96658083370264e-05,4.87777730392464e-06,2.30732808740424e-05,2.40934578761139e-05,100,100
0.285,79,26,80,66,76,0,6.87628701179767e-05,1.52164318019531e-05,6.93289745210548e-05,5.59908828581172e-06,2.25310201996174e-05,2.4033521607423e-05,100,100
0.286,79,28,79,69,76,0,6.79348981210402e-05,1.6006183470028e-05,6.89828336985857e-05,6.60300955315389e-06,2.22891620464207e-05,2.38530557965249e-05,100,100
0.287,77,28,79,70,76,0,6.69813406804093e-05,1.6786039837811e-05,6.86271630205421e-05,7.64503246963558e-06,2.20687264484084e-05,2.36821915850294e-05,100,100
0.288,77,32,78,71,76,1,6.60267370800979e-05,1.7556031199272e-05,6.82618603964635e-05,8.67482881615112e-06,2.28580624385819e-05,2.34841187232223e-05,100,100
0.289,78,34,76,72,76,3,6.50710603524547e-05,1.83162100865299e-05,6.78870509965117e-05,9.69235020901881e-06,2.25825465245883e-05,2.33047631402357e-05,100,100
0.29,78,37,76,71,77,7,6.41144786891738e-05,1.9067715377482e-05,6.75029341528571e-05,1.06975605123975e-05,2.21349024220891e-05,2.31180340922247e-05,100,100
0.291,80,39,77,71,77,10,6.31572156062399e-05,1.98637138192653e-05,6.71094793466028e-05,1.16904347103813e-05,2.2517387360524e-05,2.29081147417285e-05,100,100
0.292,78,39,78,71,76,12,6.21995532535106e-05,2.02707642706934e-05,6.67066784894774e-05,1.26709577734345e-05,2.28016611755292e-05,2.2648468993684e-05,100,100
0.293,77,38,78,70,75,13,6.12418312554754e-05,2.06722501936409e-05,6.6294847453392e-05,1.36391235221291e-05,2.25445065921611e-05,2.2395981047353e-05,100,100
0.294,76,43,77,70,75,13,6.04851158774323e-05,2.10681390942448e-05,6.58745766301032e-05,1.45949334909887e-05,2.20039017827354e-05,2.23561260152977e-05,100,100
0.295,76,45,77,72,75,16,6.02182783859419e-05,2.14583622889094e-05,6.54466950900075e-05,1.55383957950989e-05,2.14303766665362e-05,2.251682517945e-05,100,100
0.296,76,47,77,72,75,24,5.99559253454811e-05,2.23192475950371e-05,6.50122790254077e-05,1.64695240020053e-05,2.16246164890418e-05,2.2644839547652e-05,100,100
0.297,77,48,78,70,75,26,5.96975387520159e-05,2.32178292831306e-05,6.44289719691039e-05,1.73883360112881e-05,2.12794031833805e-05,2.25981530863544e-05,100,100
0.298,79,51,80,70,75,30,6.00144265943459e-05,2.41041491741384e-05,6.38197998708893e-05,1.82948529440797e-05,2.1206256234107e-05,2.23341310797986e-05,100,100
0.299,79,51,80,72,75,32,6.08033784780791e-05,2.47605789684835e-05,6.32173763988961e-05,1.9189098044671e-05,2.07408834549659e-05,2.23043827051111e-05,100,100
0.3,78,52,81,72,73,32,6.15950531427744e-05,2.53314452276895e-05,6.2622981360839e-05,2.00710955962422e-05,2.08153988596661e-05,2.23507716633885e-05,100,100
0.301,79,53,81,72,73,35,6.23887047868694e-05,2.58923138183387e-05,6.20121375064579e-05,2.09408698526462e-05,2.09238600373042e-05,2.22133912157431e-05,100,100
0.302,80,54,81,71,72,40,6.31837703470968e-05,2.6712709756185e-05,6.13465444528977e-05,2.17984439880702e-05,2.08825624500882e-05,2.21218649612958e-05,100,100
0.303,80,55,82,70,71,42,6.39795427513541e-05,2.75731709298843e-05,6.06928696679414e-05,2.26438390663068e-05,2.08545294577603e-05,2.23382504139224e-05,100,100
0.304,79,57,81,69,71,44,6.47749673995832e-05,2.84239406366276e-05,6.00517481356145e-05,2.34770730312757e-05,2.067559068719e-05,2.25087562942421e-05,100,100
0.305,80,60,80,68,71,49,6.5569012545418e-05,2.92665718568337e-05,5.94241448829361e-05,2.42981597203493e-05,2.12121138805207e-05,2.25047853905025e-05,100,100
0.306,81,60,82,69,71,61,6.63608388953929e-05,3.00966727041648e-05,5.8810986892389e-05,2.510710790196e-05,2.1541293594413e-05,2.24234208210662e-05,100,100
0.307,82,60,84,71,71,64,6.70617479929262e-05,3.09117184373438e-05,5.82130216657414e-05,2.59039203388906e-05,2.15131627188386e-05,2.2529465004192e-05,100,100
0.308,80,62,85,71,70,64,6.73485613385168e-05,3.17021741922056e-05,5.76309258377552e-05,2.66885928785818e-05,2.12553158300425e-05,2.27522056357585e-05,100,100
0.309,80,64,84,71,70,66,6.75325969005078e-05,3.24803631410401e-05,5.70653734064403e-05,2.74611135717321e-05,2.09917665291413e-05,2.31071793096208e-05,100,100
0.31,80,66,83,71,70,66,6.77192838139907e-05,3.32461431374469e-05,5.6517106147468e-05,2.82214618204057e-05,2.12698454987896e-05,2.30927474859259e-05,100,100
0.311,81,67,84,71,71,66,6.79088844454836e-05,3.39993924752112e-05,5.59869069128836e-05,2.89696075568197e-05,2.19250835635467e-05,2.29093015444493e-05,100,100
0.312,82,69,84,70,71,66,6.79743667152894e-05,3.47399945891435e-05,5.54756174149422e-05,2.97055104539369e-05,2.22540330159466e-05,2.28534464132087e-05,100,100
0.313,83,69,84,70,71,66,6.78003688449562e-05,3.54678068783036e-05,5.49840200868814e-05,3.04291191689567e-05,2.24910353035522e-05,2.30440145373961e-05,100,100
0.314,83,68,83,71,70,66,6.76415234748388e-05,3.61826633951345e-05,5.45127439459691e-05,3.11403706207684e-05,2.25998302444983e-05,2.30926448837385e-05,100,100
0.315,84,68,83,71,72,66,6.74983056606053e-05,3.68843938429442e-05,5.40622850486853e-05,3.18391893024079e-05,2.24026309942695e-05,2.31088838818496e-05,100,100
0.316,84,68,83,71,72,66,6.73709621601067e-05,3.75728436513319e-05,5.36329219637436e-05,3.25254866295458e-05,2.26545774529334e-05,2.31257688197378e-05,100,100
0.317,84,68,83,69,71,66,6.7259751817218e-05,3.82478609516132e-05,5.32249518219353e-05,3.31991603260274e-05,2.2928459383762e-05,2.32740451042499e-05,100,100
0.318,84,69,83,70,72,66,6.71651972097727e-05,3.89092988991439e-05,5.28389337365274e-05,3.38600938474828e-05,2.27178940531874e-05,2.34662797770049e-05,100,100
0.319,84,68,83,70,71,66,6.70877760695999e-05,3.95570156814868e-05,5.26232392396999e-05,3.45081558440315e-05,2.27385911630524e-05,2.34374940319166e-05,100,100
0.32,86,69,83,70,72,66,6.70277084864517e-05,4.01908588255918e-05,5.26622099400329e-05,3.51431996631194e-05,2.29899621889982e-05,2.34035988714144e-05,100,100
0.321,86,69,84,69,72,66,6.69849619942038e-05,4.08106785597286e-05,5.27088875501029e-05,3.57650628935433e-05,2.3499160252227e-05,2.33648622090127e-05,100,100
0.322,86,69,84,69,73,66,6.70996153125366e-05,4.14163255350669e-05,5.27631695978613e-05,3.63735669517434e-05,2.35206311294654e-05,2.34111907601507e-05,100,100
0.323,86,69,83,70,73,66,6.74071029103077e-05,4.20076376308724e-05,5.28247968061275e-05,3.69685167114755e-05,2.35471840503132e-05,2.35968677680566e-05,100,100
0.324,86,69,84,70,73,66,6.77081411530424e-05,4.25844418192546e-05,5.28933317360794e-05,3.75497001780073e-05,2.36556660255743e-05,2.37762206666876e-05,100,100
0.325,86,70,83,70,73,66,6.80027447312096e-05,4.31465677215786e-05,5.29683076302732e-05,3.811688820803e-05,2.37113683761312e-05,2.39490604663113e-05,100,100
0.326,86,70,83,70,72,66,6.82911072682274e-05,4.36938347536715e-05,5.30784494652981e-05,3.8669834276514e-05,2.37720189624254e-05,2.41111576587531e-05,100,100
0.327,87,71,83,71,72,66,6.85733712928766e-05,4.42260281285036e-05,5.32888310385202e-05,3.92082742917928e-05,2.42511232132148e-05,2.42026176620522e-05,100,100
0.328,86,71,82,71,72,66,6.88495999210726e-05,4.47429226448659e-05,5.34863829139326e-05,3.97319264602078e-05,2.44289835131767e-05,2.42655434221837e-05,100,100
0.329,85,71,83,72,72,66,6.91199035048558e-05,4.5244280904433e-05,5.35343048219369e-05,4.0240491201702e-05,2.48099054234544e-05,2.43285130574679e-05,100,100
0.33,84,71,83,73,72,66,6.93843714097401e-05,4.57298411389168e-05,5.35841477260993e-05,4.07336511178072e-05,2.51223279483506e-05,2.4391137497713e-05,100,100
0.331,86,72,83,73,72,66,6.96429716132755e-05,4.61993259575622e-05,5.36355657792762e-05,4.12110710135261e-05,2.52809269599115e-05,2.44530842268752e-05,100,100
0.332,86,72,83,73,72,66,6.98955639734234e-05,4.66524408094524e-05,5.36882110686897e-05,4.16723979746653e-05,2.54392335545811e-05,2.45140148227053e-05,100,100
0.333,86,72,84,74,71,66,7.01419157923396e-05,4.70888748176975e-05,5.37416067754595e-05,4.21172615022341e-05,2.559654980291e-05,2.45735941592821e-05,100,100
0.334,85,72,83,73,71,66,7.03817451255853e-05,4.75082927799887e-05,5.37951810243738e-05,4.25452737055712e-05,2.56388330135479e-05,2.46314673918453e-05,100,100
0.335,85,72,82,73,71,66,7.06146090853136e-05,4.79103460297056e-05,5.38484346133226e-05,4.29560295559158e-05,2.56372023503752e-05,2.46872862705887e-05,100,100
0.336,85,72,82,74,71,66,7.08398357671343e-05,4.82946903394136e-05,5.39009390394599e-05,4.33491072021765e-05,2.5636775434405e-05,2.45968325594671e-05,100,100
0.337,86,72,82,74,71,66,7.10567078220484e-05,4.8660970317749e-05,5.39522767690231e-05,4.37240683506934e-05,2.5608309246345e-05,2.45077016566644e-05,100,100
0.338,87,72,82,74,71,66,7.12891962871466e-05,4.90095645239076e-05,5.40021211088042e-05,4.40804587108136e-05,2.54677693877636e-05,2.4421068659588e-05,100,100
0.339,87,72,82,74,71,66,7.15123634850056e-05,4.93399927577903e-05,5.40502071957844e-05,4.44178085081167e-05,2.56073024731288e-05,2.43376864110148e-05,100,100
0.34,87,72,83,74,71,66,7.17204126432727e-05,4.96507530614303e-05,5.40962411757853e-05,4.47356330671373e-05,2.58150378892495e-05,2.42582122149046e-05,100,100
0.341,86,72,83,74,71,66,7.19135233738479e-05,4.99413693958043e-05,5.41399267774396e-05,4.50334334654176e-05,2.59545457964681e-05,2.41832150632968e-05,100,100
0.342,86,72,83,74,71,66,7.2091786769602e-05,5.02113485055482e-05,5.41809997272038e-05,4.53106972607033e-05,2.60465540522132e-05,2.41132583900547e-05,100,100
0.343,86,72,83,74,71,66,7.22552531057334e-05,5.04601858158991e-05,5.42192141262633e-05,4.5566899293051e-05,2.61321402697991e-05,2.40488695510441e-05,100,100
0.344,86,72,83,74,73,66,7.24038917893988e-05,5.06873614758052e-05,5.42543140457547e-05,4.58015025635535e-05,2.62107492743132e-05,2.39904993758288e-05,100,100
0.345,86,72,83,74,73,66,7.25376210467577e-05,5.08923464420082e-05,5.42860423351608e-05,4.60139591913056e-05,2.62818504591015e-05,2.39385461543082e-05,100,100
0.346,86,72,85,74,73,66,7.26563719577637e-05,5.10751111832512e-05,5.43141194014137e-05,4.62037114501205e-05,2.63449637332053e-05,2.38933880456674e-05,100,100
0.347,86,72,85,74,73,66,7.27600252970892e-05,5.1236591489573e-05,5.43382345056479e-05,4.63701928863725e-05,2.63884940666297e-05,2.3855364563992e-05,100,100
0.348,86,72,85,74,73,66,7.284839835454e-05,5.13748111599186e-05,5.43580790519893e-05,4.65128295191756e-05,2.64020668377177e-05,2.38247871766866e-05,100,100
0.349,86,72,85,74,73,66,7.29212893685846e-05,5.148920046707e-05,5.43733447119741e-05,4.6631041123907e-05,2.64123224355536e-05,2.38019614007158e-05,100,100
0.35,86,72,85,74,73,66,7.29784569993514e-05,5.15791750806141e-05,5.43837051835154e-05,4.67242425998578e-05,2.64196412960858e-05,2.37871691903127e-05,100,100
0.351,86,72,85,74,73,66,7.30196441059053e-05,5.16441371083492e-05,5.43887858836108e-05,4.67918454225227e-05,2.64244706042605e-05,2.37806791642064e-05,100,100
0.352,86,72,85,74,73,66,7.30445740605229e-05,5.16834755215995e-05,5.43881629784385e-05,4.68332591807367e-05,2.64273037466063e-05,2.37827446554778e-05,100,100
0.353,86,72,85,74,73,66,7.3052908836972e-05,5.16965685949727e-05,5.43813973666081e-05,4.68478931985253e-05,2.64286908437522e-05,2.37935857692949e-05,100,100
0.354,86,72,85,74,73,66,7.3044257065992e-05,5.16844082966704e-05,5.43680447049974e-05,4.68351582411455e-05,2.64292476808185e-05,2.38133916557362e-05,100,100
0.355,86,72,85,74,73,66,7.30181896632359e-05,5.16446211336301e-05,5.43476594201274e-05,4.67944683043735e-05,2.64296517749195e-05,2.38423201112344e-05,100,100
0.356,86,72,85,74,73,66,7.29742306908191e-05,5.15760395228375e-05,5.43197923343116e-05,4.67252424856221e-05,2.6430615767641e-05,2.38804922259847e-05,100,100
0.357,86,72,85,74,73,66,7.29118596977181e-05,5.1478000864046e-05,5.42840080577433e-05,4.66269069349594e-05,2.63934421503981e-05,2.3927984585094e-05,100,100
0.358,86,72,84,74,73,66,7.28305501060626e-05,5.13498437443103e-05,5.42398694356389e-05,4.64988968835463e-05,2.63316759637142e-05,2.39848157025512e-05,100,100
0.359,86,72,84,74,73,66,7.27297589427793e-05,5.11909124153838e-05,5.41868872653497e-05,4.63406587464115e-05,2.62582735581763e-05,2.40509340177847e-05,100,100
0.36,86,72,84,74,73,66,7.26088756335158e-05,5.10005620305164e-05,5.41245498855486e-05,4.61452481007157e-05,2.61731705903636e-05,2.41262271512458e-05,100,100
0.361,86,72,83,74,72,66,7.24672463820593e-05,5.07804634232517e-05,5.40523620843529e-05,4.5916269672697e-05,2.60763375782469e-05,2.42105277376386e-05,100,100
0.362,86,72,83,74,71,66,7.23041722957379e-05,5.05289403752422e-05,5.39698382092297e-05,4.56553102968185e-05,2.59678462915989e-05,2.43035952541278e-05,100,100
0.363,86,72,83,74,71,66,7.21188533962372e-05,5.02449938541053e-05,5.38764942239876e-05,4.53618881654477e-05,2.5847818346709e-05,2.44050869748044e-05,100,100
0.364,86,72,83,74,72,66,7.19104395816733e-05,4.9928086576948e-05,5.37718501249425e-05,4.5035544828938e-05,2.57164220881144e-05,2.45145746745972e-05,100,100
0.365,86,72,83,74,72,66,7.16780768817911e-05,4.95777145179609e-05,5.36554155609549e-05,4.4675847658238e-05,2.55739667657835e-05,2.46315950772983e-05,100,100
0.366,86,72,82,74,72,66,7.14209046959878e-05,4.91934166356031e-05,5.35508788666382e-05,4.4282392338267e-05,2.55155338327511e-05,2.47556651080986e-05,100,100
0.367,85,72,82,74,72,66,7.11380816886009e-05,4.87747747441638e-05,5.35271270852486e-05,4.38548053827016e-05,2.55418952544872e-05,2.48223585658584e-05,100,100
0.368,86,72,83,73,72,66,7.08287475440971e-05,4.83214030225923e-05,5.35015125587954e-05,4.33927466599777e-05,2.55385972879913e-05,2.47764562739419e-05,100,100
0.369,85,72,83,73,72,66,7.04919737502709e-05,4.78329534286653e-05,5.34736651922127e-05,4.28959119194798e-05,2.53443046299017e-05,2.47297606043889e-05,100,100
0.37,85,72,83,73,72,66,7.01267963449501e-05,4.73091307594443e-05,5.34431385852169e-05,4.23640353060721e-05,2.51643337625014e-05,2.46420913008351e-05,100,100
0.371,84,72,83,73,71,66,6.97322528947039e-05,4.67496961082965e-05,5.34094595232539e-05,4.17968918503424e-05,2.50793416017686e-05,2.44570208843673e-05,100,100
0.372,84,71,83,73,71,66,6.93073912721271e-05,4.61544704595776e-05,5.33722306882161e-05,4.11942999211743e-05,2.50330923390548e-05,2.42579388236671e-05,100,100
0.373,85,71,83,74,72,66,6.88513947593248e-05,4.55233271298807e-05,5.33310446588798e-05,4.05561236265709e-05,2.49794342011921e-05,2.40448014959259e-05,100,100
0.374,85,71,83,74,72,66,6.83635878426745e-05,4.48561888252022e-05,5.32854220888832e-05,3.98822751480157e-05,2.49145512389775e-05,2.38176678842657e-05,100,100
0.375,85,71,83,73,71,66,6.78433275537561e-05,4.41530333269971e-05,5.32348025225539e-05,3.91727169930975e-05,2.47280267170145e-05,2.35766788768247e-05,100,100
0.376,85,71,83,72,71,66,6.72900449539956e-05,4.34138917898263e-05,5.3178599650334e-05,3.8427464150661e-05,2.46974640007941e-05,2.34963464604061e-05,100,100
0.377,86,71,82,72,71,66,6.67033059335411e-05,4.26388712524625e-05,5.30549015085925e-05,3.76465861323746e-05,2.45966240130692e-05,2.34875933326074e-05,100,100
0.378,87,70,81,71,70,66,6.60827468259353e-05,4.1828169406981e-05,5.28444514640102e-05,3.68302088843618e-05,2.4298136008147e-05,2.34787079151033e-05,100,100
0.379,87,70,81,70,71,66,6.54278336016031e-05,4.09820648478775e-05,5.2627199230629e-05,3.59785165524197e-05,2.38000156883055e-05,2.34695398228369e-05,100,100
0.38,86,69,82,71,70,66,6.47378927570357e-05,4.01009156979894e-05,5.24036912119768e-05,3.50917530843693e-05,2.36614511968039e-05,2.34491579318806e-05,100,100
0.381,86,69,83,70,70,66,6.40996865187165e-05,3.9185142763153e-05,5.21746424537226e-05,3.41915304777981e-05,2.35733440214832e-05,2.33062438974935e-05,100,100
0.382,86,67,84,69,70,66,6.3458509016867e-05,3.82352220798883e-05,5.19408424821986e-05,3.32569356241996e-05,2.30216365584414e-05,2.31609169578204e-05,100,100
0.383,86,65,84,69,71,66,6.27771534921475e-05,3.72516908676451e-05,5.17029916711983e-05,3.2288327366389e-05,2.22579382597258e-05,2.30134748846437e-05,100,100
0.384,87,65,84,70,71,66,6.18375512672945e-05,3.62351414668229e-05,5.14615311321761e-05,3.12861668658381e-05,2.22522653441142e-05,2.28366793737168e-05,100,100
0.385,87,65,85,69,72,66,6.08696744246183e-05,3.51862320744204e-05,5.12167402483305e-05,3.02509793706484e-05,2.23852224040189e-05,2.26299104466087e-05,100,100
0.386,85,64,86,67,71,66,5.98739604589964e-05,3.41056994404082e-05,5.09687381733018e-05,2.91833546391642e-05,2.25230802570407e-05,2.24233741373363e-05,100,100
0.387,85,62,85,67,71,66,5.88507948688789e-05,3.29943551011645e-05,5.0717467199593e-05,2.80575153879896e-05,2.24365314454091e-05,2.22179454124927e-05,100,100
0.388,86,60,84,66,71,66,5.78004425367414e-05,3.18530957638196e-05,5.04629467128407e-05,2.68957447693157e-05,2.17883418290789e-05,2.21164072595684e-05,100,100
0.389,85,57,83,66,71,60,5.67232110711619e-05,3.06828965256786e-05,5.02054392173999e-05,2.57040482268817e-05,2.08507220219955e-05,2.20781752522695e-05,100,100
0.39,86,55,82,66,72,50,5.56195690731254e-05,2.94847682650041e-05,4.99452733752522e-05,2.44833269183204e-05,2.09207745821097e-05,2.20479546669313e-05,100,100
0.391,84,54,81,65,72,46,5.44900467716858e-05,2.82597450049169e-05,4.96827288684335e-05,2.32345444947804e-05,2.11139832850701e-05,2.20264318115547e-05,100,100
0.392,84,51,81,64,72,41,5.33351801844533e-05,2.70089051926288e-05,4.94182049296083e-05,2.1958725628625e-05,2.07915804184422e-05,2.20143650282212e-05,100,100
0.393,81,49,83,64,71,36,5.21555016363503e-05,2.57333616432014e-05,4.91522187125818e-05,2.06569542430343e-05,2.09110324751345e-05,2.19852943330666e-05,100,100
0.394,80,47,81,61,72,33,5.09514493158867e-05,2.44226282673846e-05,4.88850488869889e-05,1.93303714459891e-05,2.11811525312892e-05,2.18951246990406e-05,100,100
0.395,79,47,79,63,71,28,4.98777974491338e-05,2.30459803038809e-05,4.86167498296083e-05,1.79801731735741e-05,2.21268858011499e-05,2.20392490831446e-05,100,100
0.396,78,45,77,62,71,20,4.94321093578613e-05,2.16450854022851e-05,4.83475096388526e-05,1.66076075500438e-05,2.2171090319742e-05,2.22203546801982e-05,100,100
0.397,74,41,77,63,71,16,4.89683057234961e-05,2.02211841563099e-05,4.82953347096922e-05,1.5213971974626e-05,2.22934921133535e-05,2.21835144191792e-05,100,100
0.398,75,35,77,64,70,16,4.84863851592172e-05,1.88458636520222e-05,4.85785559161729e-05,1.38006099475522e-05,2.17361837888495e-05,2.22384698612404e-05,100,100
0.399,76,31,76,63,73,14,4.86142556477918e-05,1.77006986533726e-05,4.89603819230868e-05,1.23689076502685e-05,2.13196381790377e-05,2.22529194016125e-05,100,100
0.4,74,29,77,63,72,10,4.90158557209912e-05,1.70056158350648e-05,4.93382746283263e-05,1.09308012935481e-05,2.11666734603681e-05,2.22811644563608e-05,100,100
0.401,75,27,77,63,72,4,4.89932117051392e-05,1.63785815932089e-05,4.97105444510777e-05,9.49137744027786e-06,2.14887001727941e-05,2.2078895403136e-05,100,100
0.402,76,23,77,63,72,0,4.88995586070452e-05,1.56657437475723e-05,5.00752365409203e-05,8.0370945537479e-06,2.19115310445223e-05,2.18434559799512e-05,100,100
0.403,76,19,76,64,73,0,4.91578236071973e-05,1.49586549076839e-05,5.04080389154277e-05,6.56943470828191e-06,2.22589001908736e-05,2.17124292028484e-05,100,100
0.404,75,18,76,61,73,0,4.96438834271037e-05,1.41252495066232e-05,5.03408354259721e-05,5.12850960798957e-06,2.25027304448898e-05,2.18945823639889e-05,100,100
0.405,75,16,76,62,73,0,5.01316141006706e-05,1.34522554148095e-05,5.02875763791806e-05,4.38191666118777e-06,2.20039748094031e-05,2.19164970325138e-05,100,100
0.406,75,16,77,63,73,0,5.08557783925837e-05,1.25473725810741e-05,5.02482674426639e-05,3.49864080284407e-06,2.21550593910565e-05,2.15497844806748e-05,100,100
0.407,76,13,80,62,73,0,5.14523872698707e-05,1.22453543943999e-05,4.99776477784591e-05,3.24732087590307e-06,2.25202246533353e-05,2.14053024338604e-05,100,100
0.408,76,11,77,60,72,0,5.20173939392763e-05,1.25506586114309e-05,4.97043063674744e-05,4.24308376579795e-06,2.24774919386834e-05,2.12556264866188e-05,100,100
0.409,77,11,77,62,72,0,5.25641880674802e-05,1.29511275495326e-05,4.9429334490859e-05,5.39589187143703e-06,2.21454303984813e-05,2.11978503964947e-05,100,100
0.41,79,8,75,60,73,0,5.3091297008642e-05,1.33503959045901e-05,4.91527678737025e-05,6.88642961471045e-06,2.14347622075336e-05,2.09903522386445e-05,100,100
0.411,77,11,75,60,74,0,5.35970564100697e-05,1.35901234610315e-05,4.89853772311747e-05,8.48566288711833e-06,2.1402381568013e-05,2.11370579960238e-05,100,100
0.412,76,15,77,60,75,6,5.40798062599494e-05,1.4110202617355e-05,4.90491933688997e-05,1.00867961990381e-05,2.11252241721464e-05,2.10521557488609e-05,100,100
0.413,76,20,78,60,76,6,5.46819304809052e-05,1.49719590172403e-05,4.91115002241222e-05,1.16881962964822e-05,2.14976920076223e-05,2.11363514704135e-05,100,100
0.414,76,21,78,61,76,12,5.54206627610734e-05,1.6268182791448e-05,4.91710453796749e-05,1.32882379702534e-05,2.1294273517531e-05,2.12480032095035e-05,100,100
0.415,76,23,79,64,76,20,5.63042769061267e-05,1.72101546088883e-05,4.92267659763194e-05,1.48853083376275e-05,2.06858276851841e-05,2.11818802334998e-05,100,100
0.416,76,27,78,64,77,26,5.68828861655077e-05,1.80934713483041e-05,4.92775495761715e-05,1.64778110420909e-05,2.07105662382357e-05,2.14316067625006e-05,100,100
0.417,75,31,78,64,76,41,5.74575624213166e-05,1.91748810968352e-05,4.93223306419381e-05,1.80641703497173e-05,2.08894912900658e-05,2.1941180976507e-05,100,100
0.418,75,37,77,63,77,44,5.80280351070793e-05,2.02416863992787e-05,4.93602281863096e-05,1.96428351216786e-05,2.11171378346677e-05,2.24033667978477e-05,100,100
0.419,74,41,76,65,77,44,5.85940994622589e-05,2.09820518181601e-05,4.93903652962822e-05,2.12122826434549e-05,2.10986616376683e-05,2.23843737311146e-05,100,100
0.42,75,43,76,64,77,44,5.91552136999025e-05,2.20719257328178e-05,4.94117259489715e-05,2.27710222925332e-05,2.11751435304794e-05,2.2388981423384e-05,100,100
0.421,77,47,77,65,75,47,5.97105790734836e-05,2.31804824526823e-05,4.94233666683222e-05,2.43175990277471e-05,2.1781371643148e-05,2.25506395850969e-05,100,100
0.422,77,49,75,65,74,52,6.02592365573958e-05,2.41925473459588e-05,4.94244211745394e-05,2.58505966848962e-05,2.22421147308461e-05,2.25711355203944e-05,100,100
0.423,79,52,74,65,71,58,6.0800196842583e-05,2.54128606752186e-05,4.94141410047548e-05,2.73686410648833e-05,2.26895303159681e-05,2.24852302919243e-05,100,100
0.424,80,53,74,65,71,59,6.13328448461823e-05,2.69108069666475e-05,4.93920284555787e-05,2.88704028022935e-05,2.2769147928839e-05,2.21137714709932e-05,100,100
0.425,77,53,75,65,71,61,6.16185552292536e-05,2.83889016036992e-05,4.93576554439976e-05,3.03546000041042e-05,2.30573458066334e-05,2.18209741275032e-05,100,100
0.426,76,55,75,65,70,66,6.15352281801744e-05,2.98458015754633e-05,4.93107033870146e-05,3.18200006500274e-05,2.29772061623899e-05,2.18271518769958e-05,100,100
0.427,75,56,78,67,70,66,6.19539561340476e-05,3.12802681951539e-05,4.92509051437151e-05,3.32654247478341e-05,2.32984800006798e-05,2.20296784973972e-05,100,100
0.428,76,59,77,70,70,66,6.24487534173511e-05,3.26911113206443e-05,4.91778015468136e-05,3.4689746238871e-05,2.39418974318971e-05,2.19627141540297e-05,100,100
0.429,78,59,76,71,70,66,6.29134183108414e-05,3.40771927038176e-05,4.89633940602869e-05,3.60918946508251e-05,2.43078697891875e-05,2.14294783760562e-05,100,100
0.43,78,63,77,70,69,66,6.33480012589566e-05,3.54374317809606e-05,4.84648258312531e-05,3.74708564966185e-05,2.51182740787545e-05,2.08881597111726e-05,100,100
0.431,80,63,79,68,69,66,6.43275323133439e-05,3.67708121840522e-05,4.79366906962061e-05,3.88256764200798e-05,2.53541434151755e-05,2.04287470444227e-05,100,100
0.432,80,63,81,68,69,66,6.54018966809094e-05,3.8076438965337e-05,4.73807086867316e-05,4.01554580907498e-05,2.52830221472785e-05,1.99058430585934e-05,100,100
0.433,80,64,83,68,69,66,6.67130662787057e-05,3.93535070111405e-05,4.70400836070156e-05,4.1459364851792e-05,2.54013003171685e-05,1.97568343473476e-05,100,100
0.434,81,64,84,68,69,66,6.7980550379809e-05,4.05611256262435e-05,4.69835503631378e-05,4.2736620126508e-05,2.56657740954497e-05,1.9617255537145e-05,100,100
0.435,82,66,84,69,68,66,6.89838630419028e-05,4.17090570178612e-05,4.69076253604833e-05,4.39865075903596e-05,2.53672384512864e-05,1.94138897231701e-05,100,100
0.436,83,66,83,68,68,66,6.98769249854502e-05,4.28287553871673e-05,4.68120647710271e-05,4.5208371116694e-05,2.54405415110361e-05,1.92117162686836e-05,100,100
0.437,83,67,83,68,68,66,7.06811302491481e-05,4.39198144434507e-05,4.66964892943705e-05,4.64016145055216e-05,2.53901124970556e-05,1.9259926372067e-05,100,100
0.438,82,69,83,69,67,66,7.14480069843382e-05,4.50567111891719e-05,4.65608225950357e-05,4.75657010057173e-05,2.53033747663753e-05,1.89996860852519e-05,100,100
0.439,82,69,82,71,67,66,7.21776691208938e-05,4.62198655641972e-05,4.64050956258212e-05,4.87001526418958e-05,2.51751689987779e-05,1.86888039714782e-05,100,100
0.44,83,70,82,72,67,66,7.28702012386158e-05,4.73550397337967e-05,4.62294359892704e-05,4.98045493579483e-05,2.51398665700448e-05,1.83840778912758e-05,100,100
0.441,82,70,82,72,67,66,7.32917505447888e-05,4.84617711691181e-05,4.60339886893383e-05,5.08785279898235e-05,2.56848524179659e-05,1.80852689353962e-05,100,100
0.442,81,70,83,71,68,66,7.41228004804664e-05,4.95396124073374e-05,4.58188607602685e-05,5.19217810805902e-05,2.59976711428982e-05,1.79096827389003e-05,100,100
0.443,81,70,85,72,69,66,7.49140845912321e-05,5.05881875018755e-05,4.55915006399065e-05,5.29340555511397e-05,2.62345765587151e-05,1.77538532904797e-05,100,100
0.444,81,70,86,72,69,66,7.56648931926898e-05,5.16071664607146e-05,4.55713396126151e-05,5.39151512400749e-05,2.61668675070708e-05,1.75938759949471e-05,100,100
0.445,81,70,86,72,71,66,7.6374802290842e-05,5.25962169571903e-05,4.55290603238036e-05,5.48649193263986e-05,2.64512206651157e-05,1.73419024742997e-05,100,100
0.446,81,70,85,71,70,66,7.70436887692944e-05,5.35550650238123e-05,4.54643091332015e-05,5.5783260648566e-05,2.66516605497161e-05,1.7109134410227e-05,100,100
0.447,81,70,84,70,70,66,7.76717534012221e-05,5.44835461044654e-05,4.53767280309764e-05,5.66701239333079e-05,2.67212487355831e-05,1.70141455930818e-05,100,100
0.448,82,70,84,74,68,66,7.82591488092888e-05,5.53815433482117e-05,4.52661587759939e-05,5.75255039473809e-05,2.72435864937018e-05,1.69094056271575e-05,100,100
0.449,83,70,84,75,68,66,7.88057955784955e-05,5.62489048764029e-05,4.49665088128655e-05,5.83494395850591e-05,2.77615382651349e-05,1.67156193309179e-05,100,100
0.45,83,70,85,77,68,66,7.91635825278442e-05,5.70855006845227e-05,4.46552575120151e-05,5.91420119037641e-05,2.79928347384788e-05,1.64468526230279e-05,100,100
0.451,83,70,85,77,67,66,7.95122807325359e-05,5.78275711139031e-05,4.43353734998317e-05,5.99033421197485e-05,2.79048732754466e-05,1.6185092169279e-05,100,100
0.452,84,70,86,77,67,66,7.99298302073707e-05,5.85013574236422e-05,4.40067416090157e-05,6.06335895752047e-05,2.76628776345471e-05,1.59381967819381e-05,100,100
0.453,84,70,86,77,68,66,8.03119107288151e-05,5.9145377923908e-05,4.36695223845553e-05,6.1332949687585e-05,2.78196202347262e-05,1.58362523456374e-05,100,100
0.454,84,70,86,78,68,66,8.06593554554412e-05,5.97598152199758e-05,4.33239197954774e-05,6.20016518912932e-05,2.8157712296224e-05,1.56936075695487e-05,100,100
0.455,84,71,87,77,68,66,8.08511641510784e-05,6.03448631613034e-05,4.29701808197946e-05,6.26399575812558e-05,2.86599574305675e-05,1.54184967556466e-05,100,100
0.456,84,71,87,77,68,66,8.09928065385103e-05,6.09006806409668e-05,4.26089711033766e-05,6.32481580672075e-05,2.89862990928374e-05,1.51960702071454e-05,100,100
0.457,83,71,87,77,67,66,8.11067053442141e-05,6.14274508399383e-05,4.22408321803412e-05,6.38179217136937e-05,2.91216875925986e-05,1.50414118129619e-05,100,100
0.458,83,71,87,77,67,66,8.11941880669699e-05,6.19254312574602e-05,4.1865672118719e-05,6.43544042962766e-05,2.92405452008674e-05,1.50599831071926e-05,100,100
0.459,84,71,88,77,67,66,8.12568267982221e-05,6.23948953972729e-05,4.14833487048801e-05,6.48618669380286e-05,2.94797757992291e-05,1.49720378566693e-05,100,100
0.46,84,70,87,77,67,66,8.12962335227397e-05,6.28361070215411e-05,4.10940523636192e-05,6.53407166419892e-05,2.93864045595837e-05,1.46558556074984e-05,100,100
0.461,86,70,87,77,67,66,8.13136489577396e-05,6.32493984698834e-05,4.06981510580213e-05,6.57913795545852e-05,2.92458462815774e-05,1.44299439661558e-05,100,100
0.462,86,70,87,77,67,66,8.13100930462765e-05,6.36351648941562e-05,4.02959641523455e-05,6.62142991428274e-05,2.93842829804096e-05,1.42592850477661e-05,100,100
0.463,86,70,87,77,67,66,8.12864265546632e-05,6.39937836394587e-05,3.98876883521065e-05,6.66099344281557e-05,2.96639512670861e-05,1.40886932571957e-05,100,100
0.464,86,70,87,77,67,66,8.12432369812603e-05,6.43256158813833e-05,3.94735165830322e-05,6.6978758280181e-05,3.01198615627044e-05,1.39685689782664e-05,100,100
0.465,86,70,87,79,67,66,8.11812296446805e-05,6.46310565022956e-05,3.90537068362411e-05,6.73212557730111e-05,3.05681069583752e-05,1.38438281907137e-05,100,100
0.466,85,70,87,78,67,66,8.11014169192416e-05,6.49105298368145e-05,3.85758718943324e-05,6.76379226063161e-05,3.1008245837265e-05,1.37145209561331e-05,100,100
0.467,85,70,87,78,66,66,8.10047306842634e-05,6.51644394630923e-05,3.79885658892318e-05,6.7929263592787e-05,3.09766988100729e-05,1.35808707769166e-05,100,100
0.468,85,70,87,78,66,66,8.08919630632479e-05,6.53932206664905e-05,3.74037955148292e-05,6.81957912131779e-05,3.09258065685613e-05,1.34428553386401e-05,100,100
0.469,85,70,87,78,65,66,8.07641874839724e-05,6.55974097942914e-05,3.68215879088954e-05,6.84282224323898e-05,3.08818842852736e-05,1.33293614746534e-05,100,100
0.47,86,70,88,78,63,66,8.06226852110047e-05,6.57775623281896e-05,3.62417646767583e-05,6.86304534836256e-05,3.0787033246928e-05,1.32303796547388e-05,100,100
0.471,85,70,87,78,62,66,8.046866893921e-05,6.59342247825579e-05,3.56644157567437e-05,6.88097449136572e-05,3.06804396877658e-05,1.31423206839751e-05,100,100
0.472,86,70,87,79,61,66,8.01736144292362e-05,6.60679561313176e-05,3.5089925345141e-05,6.89666329197851e-05,3.05628113065826e-05,1.3047695097526e-05,100,100
0.473,85,70,87,79,60,66,7.97850178774873e-05,6.61793031336802e-05,3.45186473858197e-05,6.91016542255056e-05,3.03806410432055e-05,1.29442016837156e-05,100,100
0.474,85,70,86,79,59,66,7.93875134987286e-05,6.62688256763799e-05,3.39509071846401e-05,6.92153450917184e-05,3.04509322903631e-05,1.27560787960912e-05,100,100
0.475,85,69,85,79,58,66,7.89818651118754e-05,6.63370743878369e-05,3.33869276009529e-05,6.93082403933491e-05,3.06926907365292e-05,1.25083247472646e-05,100,100
0.476,85,69,85,79,58,66,7.85687168299051e-05,6.63845710652667e-05,3.28266390643575e-05,6.93808727598378e-05,3.09239870717878e-05,1.2326020532159e-05,100,100
0.477,85,69,85,78,58,66,7.81486078520803e-05,6.64118788933881e-05,3.22702573456513e-05,6.94337717777825e-05,3.08419711120826e-05,1.20201514230214e-05,100,100
0.478,85,69,86,78,58,66,7.77221024164618e-05,6.64195975478044e-05,3.17184274476894e-05,6.94674632538892e-05,3.073018609768e-05,1.17461979006454e-05,100,100
0.479,85,69,86,78,58,66,7.72898460556044e-05,6.64082968629932e-05,3.11716989667213e-05,6.9482468536267e-05,3.06148715293382e-05,1.15200709765963e-05,100,100
0.48,85,69,85,78,58,66,7.6852470111746e-05,6.6378547916973e-05,3.06304765236457e-05,6.94793038920159e-05,3.04927700655838e-05,1.12953438473049e-05,100,100
0.481,84,69,85,77,57,66,7.6410372509907e-05,6.63309483829188e-05,3.0095215283294e-05,6.94584799389816e-05,3.01679922130329e-05,1.11001255767626e-05,100,100
0.482,84,69,85,78,57,66,7.59637529491161e-05,6.62660992716394e-05,2.95665187550515e-05,6.94205011294967e-05,2.98984886104986e-05,1.09652072907195e-05,100,100
0.483,84,69,85,78,56,66,7.55127824238313e-05,6.61846249797309e-05,2.90449332145157e-05,6.9365865283894e-05,2.96497909281817e-05,1.08366884456854e-05,100,100
0.484,84,69,85,78,56,66,7.50576624783733e-05,6.61137640728246e-05,2.85308342350548e-05,6.92950631715508e-05,2.95702430265244e-05,1.06735997871438e-05,100,100
0.485,83,69,86,79,54,66,7.46331992930161e-05,6.60299088096821e-05,2.80245112545304e-05,6.92085781372207e-05,2.92386165634609e-05,1.04084000747977e-05,100,100
0.486,83,69,85,79,51,66,7.4499960757341e-05,6.59310026287158e-05,2.75262120876385e-05,6.91068857704069e-05,2.89007818070298e-05,1.01485272045615e-05,100,100
0.487,83,69,85,79,49,66,7.43536647807425e-05,6.58176102273929e-05,2.7036330199056e-05,6.89904536155532e-05,2.85651166456402e-05,9.89399541999482e-06,100,100
0.488,83,69,86,79,49,66,7.41946792422706e-05,6.56902994261543e-05,2.65553233066646e-05,6.88597409208474e-05,2.82319767227462e-05,9.72792194656632e-06,100,100
0.489,84,69,86,79,49,66,7.40237691146228e-05,6.55496378144476e-05,2.60835697714441e-05,6.87151984234704e-05,2.7901666964539e-05,9.58426173747419e-06,100,100
0.49,84,69,83,79,49,66,7.3841749968215e-05,6.53961498740221e-05,2.56214289585915e-05,6.85572681691629e-05,2.76788875061109e-05,9.44382535712076e-06,100,100
0.491,84,69,83,78,49,66,7.36492334991532e-05,6.52756882034249e-05,2.51692014942516e-05,6.83863833640282e-05,2.76526912557646e-05,9.30637177400997e-06,100,100
0.492,85,69,82,78,47,66,7.34466369646705e-05,6.515764693396e-05,2.47271659169105e-05,6.82029682565456e-05,2.76194688089378e-05,9.17179271442139e-06,100,100
0.493,83,69,82,78,45,66,7.32342557236226e-05,6.50257223253894e-05,2.42954882643592e-05,6.80074380478241e-05,2.75797017735543e-05,9.04599484007757e-06,100,100
0.494,83,69,82,78,45,66,7.30122271363574e-05,6.48803362426817e-05,2.3874220906272e-05,6.78001988281874e-05,2.75339417675499e-05,8.92552573904928e-06,100,100
0.495,83,69,82,79,45,66,7.2780561775232e-05,6.47218608779597e-05,2.34634418859803e-05,6.75816475382474e-05,2.74826639248803e-05,8.8050293055321e-06,100,100
0.496,83,68,82,79,45,66,7.2539379600912e-05,6.45506636168692e-05,2.30631860419011e-05,6.73521719526889e-05,2.74261891587272e-05,8.68448364746047e-06,100,100
0.497,83,68,82,79,45,66,7.22888957650041e-05,6.43671259341672e-05,2.26734549000543e-05,6.71121506850557e-05,2.74357775726236e-05,8.59314900389085e-06,100,100
0.498,83,68,81,79,45,66,7.2029252379369e-05,6.41716399647634e-05,2.22943161514987e-05,6.68619532119014e-05,2.74558777738499e-05,8.50370967551373e-06,100,100
0.499,83,68,81,78,44,66,7.17604916646128e-05,6.39646044056873e-05,2.19481180970292e-05,6.66019399147339e-05,2.74671816868114e-05,8.39963249193522e-06,100,100
0.5,83,68,81,77,44,66,7.14826879976802e-05,6.37464016730714e-05,2.1641865154933e-05,6.63324621382577e-05,2.74699282929923e-05,8.24188833840649e-06,100,100
0.501,83,68,81,77,43,66,7.11961743433789e-05,6.35173953339512e-05,2.13445729276343e-05,6.60538622634854e-05,2.74643868968257e-05,8.07057347608594e-06,100,100
0.502,83,68,81,77,43,66,7.09013486602318e-05,6.32779457855458e-05,2.10556060115427e-05,6.57664737943608e-05,2.74507647516853e-05,7.96506129773854e-06,100,100
0.503,83,68,81,77,42,66,7.05983791311411e-05,6.3028426024304e-05,2.07746314043523e-05,6.54706214566063e-05,2.74290511374471e-05,7.86751002879725e-06,100,100
0.504,83,68,81,77,42,66,7.0287338024764e-05,6.27692209066248e-05,2.05016844877479e-05,6.51666213075727e-05,2.7399253615998e-05,7.76380047139874e-06,100,100
0.505,83,67,80,77,42,66,6.99683645563333e-05,6.25006931631389e-05,2.02368933308916e-05,6.48547808559387e-05,2.73615340824974e-05,7.64998957762151e-06,100,100
0.506,83,67,80,77,41,66,6.96416648708777e-05,6.22231873197489e-05,1.9982633065595e-05,6.45353991901715e-05,2.73162326526343e-05,7.55445779557682e-06,100,100
0.507,83,67,80,77,41,66,6.93075061059895e-05,6.19370303976741e-05,1.97539866959404e-05,6.4208767114724e-05,2.72638823973377e-05,7.46135276582742e-06,100,100
0.508,82,67,79,77,40,66,6.89661627919768e-05,6.1642513896583e-05,1.95398104767967e-05,6.38751672930041e-05,2.72048188589889e-05,7.36316817826303e-06,100,100
0.509,80,67,79,77,39,66,6.86178156662552e-05,6.13399116950734e-05,1.93310781692743e-05,6.35348743962143e-05,2.71390036875162e-05,7.26601877462026e-06,100,100
0.51,80,67,79,77,39,66,6.82625431121103e-05,6.10294796479984e-05,1.91279309898555e-05,6.31881552572161e-05,2.70662741923152e-05,7.16985412235342e-06,100,100
0.511,80,67,79,76,38,66,6.79003386001737e-05,6.07114565479656e-05,1.89302300974286e-05,6.28352690286279e-05,2.69865510865184e-05,7.0001763155912e-06,100,100
0.512,79,67,79,75,36,66,6.7531118690634e-05,6.03860985668007e-05,1.87376075668752e-05,6.24764673444222e-05,2.68999480561418e-05,6.83225529769443e-06,100,100
0.513,79,67,79,75,36,66,6.71547791285751e-05,6.00536610549079e-05,1.85497701066736e-05,6.21119944843367e-05,2.68067226136362e-05,6.66680979395206e-06,100,100
0.514,79,67,79,75,36,66,6.67712157888024e-05,5.9745621626379e-05,1.83665941215765e-05,6.17420875404642e-05,2.67072625146361e-05,6.51044463659479e-06,100,100
0.515,78,67,78,75,35,66,6.63803764769886e-05,5.94389822366453e-05,1.818797981818e-05,6.13669765854333e-05,2.6601960209034e-05,6.39044745169068e-06,100,100
0.516,78,67,78,74,34,66,6.59824822871394e-05,5.91264372076914e-05,1.80137151595486e-05,6.09868848416369e-05,2.64909105548835e-05,6.27263309947991e-06,100,100
0.517,78,67,77,74,33,66,6.55779059274943e-05,5.88081332331236e-05,1.78434627132907e-05,6.06020288510093e-05,2.63740279678151e-05,6.15690411420243e-06,100,100
0.518,78,67,77,74,32,66,6.51669376832988e-05,5.84842257516883e-05,1.76769346252611e-05,6.02126186448911e-05,2.62513146622874e-05,6.04300271763259e-06,100,100
0.519,78,67,76,74,32,66,6.47498488913354e-05,5.81548611589367e-05,1.75140067052873e-05,5.98188579135632e-05,2.61188929750366e-05,5.93066597094386e-06,100,100
0.52,78,67,76,74,30,66,6.43267530412257e-05,5.78201620322068e-05,1.7354648648787e-05,5.94209441750648e-05,2.59686893242691e-05,5.81969279346443e-06,100,100
0.521,78,67,75,74,29,66,6.38976379484231e-05,5.74802604279545e-05,1.72016414792791e-05,5.90190689429476e-05,2.58154635342518e-05,5.71002392477828e-06,100,100
0.522,78,67,74,74,27,66,6.34626368853312e-05,5.71352972158919e-05,1.70680173197001e-05,5.8613417892649e-05,2.5659152321025e-05,5.60169839880352e-06,100,100
0.523,77,67,74,74,26,66,6.30218645434913e-05,5.67853779201737e-05,1.69397830680243e-05,5.82041710261996e-05,2.54997909392878e-05,5.52078635930717e-06,100,100
0.524,77,67,74,74,26,66,6.25754196907449e-05,5.64305940684722e-05,1.68166147018315e-05,5.77915028350099e-05,2.53185018393491e-05,5.46496476304492e-06,100,100
0.525,77,67,74,74,26,66,6.21236099731081e-05,5.60710412761832e-05,1.66980328817904e-05,5.73755824605056e-05,2.51235033605846e-05,5.409276496502e-06,100,100
0.526,77,67,74,74,26,66,6.16667109157079e-05,5.57068046954764e-05,1.65836131312521e-05,5.69565738524101e-05,2.4927597943181e-05,5.35371515009967e-06,100,100
0.527,76,67,74,73,25,66,6.1204950677643e-05,5.53379745610373e-05,1.64732359552054e-05,5.65346359244958e-05,2.47307199049482e-05,5.29816407557087e-06,100,100
0.528,75,67,74,73,24,66,6.07387404099902e-05,5.49646471698222e-05,1.63221051090309e-05,5.6109922707646e-05,2.45330208037718e-05,5.24236127471305e-06,100,100
0.529,75,67,74,73,23,66,6.02686075172231e-05,5.46165077350044e-05,1.61759098428417e-05,5.56825835000942e-05,2.43348544698437e-05,5.18609268746202e-06,100,100
0.53,75,67,74,73,23,66,5.97949394255482e-05,5.42727953279656e-05,1.60364024417593e-05,5.52527630147237e-05,2.41365089649579e-05,5.12935441399892e-06,100,100
0.531,74,67,74,73,23,66,5.93178319721229e-05,5.39231063573138e-05,1.59031966992682e-05,5.48206015233314e-05,2.39381073782029e-05,5.0720925846523e-06,100,100
0.532,74,67,74,73,23,66,5.88373543802658e-05,5.35675365375624e-05,1.57758105568855e-05,5.43862349977742e-05,2.37396915847605e-05,5.01422313686024e-06,100,100
0.533,74,67,74,73,22,66,5.83537280084656e-05,5.320379852832e-05,1.56540968346695e-05,5.39497952479335e-05,2.35412150490494e-05,4.96035582234875e-06,100,100
0.534,74,67,74,73,22,66,5.78670945200049e-05,5.27991170571855e-05,1.5538092605831e-05,5.3511410056448e-05,2.3342516183375e-05,4.9191766407656e-06,100,100
0.535,74,67,74,73,22,66,5.7377461437443e-05,5.23899514290979e-05,1.5427547347601e-05,5.30712033101779e-05,2.31434345017912e-05,4.8760580720907e-06,100,100
0.536,74,67,74,73,22,66,5.6884931272549e-05,5.19763937217138e-05,1.53221059079083e-05,5.26292951283738e-05,2.29438965389482e-05,4.83131034593073e-06,100,100
0.537,73,67,72,73,22,66,5.6389714999116e-05,5.15585603634597e-05,1.52215492845248e-05,5.21858019875411e-05,2.27440983495409e-05,4.799104468625e-06,100,100
0.538,73,67,71,73,22,66,5.58919210335986e-05,5.11365762892689e-05,1.5125731511261e-05,5.17408368429918e-05,2.25443196918288e-05,4.74222623320503e-06,100,100
0.539,73,67,71,73,22,66,5.53916979679628e-05,5.0710561698784e-05,1.50346250740852e-05,5.12945092470948e-05,2.23445634147736e-05,4.67937194053695e-06,100,100
0.54,72,67,71,73,21,66,5.48892882826569e-05,5.02806462389064e-05,1.49482812457016e-05,5.08469254642356e-05,2.21447646796163e-05,4.6829825446109e-06,100,100
0.541,72,67,71,73,21,66,5.4384767620444e-05,4.98469814833053e-05,1.48667256087428e-05,5.03981885825115e-05,2.19449895959288e-05,4.66859211076965e-06,100,100
0.542,72,67,71,73,21,66,5.38781378756981e-05,4.94097520814706e-05,1.47897650627387e-05,4.99483986221893e-05,2.1745291199284e-05,4.66440749051718e-06,100,100
0.543,72,67,71,73,21,66,5.33693831582721e-05,4.89691725309383e-05,1.4716967419466e-05,4.94976526409631e-05,2.15456612368628e-05,4.6626394556866e-06,100,100
0.544,72,67,71,73,21,66,5.28585150312145e-05,4.8525446372085e-05,1.46479643101968e-05,4.9046044836053e-05,2.13498057564357e-05,4.65975226005976e-06,100,100
0.545,72,67,71,72,20,66,5.23457263777357e-05,4.80787672314418e-05,1.4582554306941e-05,4.85936666431916e-05,2.11832837150425e-05,4.62653276316787e-06,100,100
0.546,70,67,71,72,20,66,5.18313168872667e-05,4.76293560998669e-05,1.45206316316732e-05,4.8140606832549e-05,2.10159572126211e-05,4.56434919129299e-06,100,100
0.547,70,67,71,72,20,66,5.13156049913482e-05,4.71774453078684e-05,1.44620451200874e-05,4.76869516016515e-05,2.08477995958363e-05,4.49514045285542e-06,100,100
0.548,70,67,71,71,19,66,5.07989166316874e-05,4.67232525327895e-05,1.44065859967868e-05,4.7232784665351e-05,2.06787859180684e-05,4.42883517526489e-06,100,100
0.549,70,67,70,71,19,66,5.02816492214638e-05,4.62669935765783e-05,1.43540695220684e-05,4.67781873429075e-05,2.04732328733206e-05,4.36531048540188e-06,100,100
0.55,70,67,69,71,19,66,4.97641801041689e-05,4.5796890770069e-05,1.43042411075851e-05,4.63232386422472e-05,2.02595167900283e-05,4.30464528467331e-06,100,100
0.551,70,67,69,70,19,66,4.92466324561597e-05,4.53213439636741e-05,1.42437508875087e-05,4.58680153414621e-05,2.00457965473994e-05,4.24690907431144e-06,100,100
0.552,70,67,69,69,19,66,4.87290002697893e-05,4.48456600142579e-05,1.41809411691403e-05,4.54125920676165e-05,1.98322406702927e-05,4.20914191652224e-06,100,100
0.553,69,67,68,69,19,66,4.82113452670788e-05,4.43700024855938e-05,1.4119702185797e-05,4.49570413729312e-05,1.96190160989178e-05,4.19215051467783e-06,100,100
0.554,69,67,67,69,19,66,4.76938201119204e-05,4.38945312333003e-05,1.4059852217277e-05,4.45014338084124e-05,1.93953606708502e-05,4.18812157163273e-06,100,100
0.555,69,67,67,69,19,66,4.71766421001047e-05,4.34194143757575e-05,1.40013081843074e-05,4.40458379949961e-05,1.91658388193173e-05,4.18514726064138e-06,100,100
0.556,68,67,67,69,19,66,4.66599978369846e-05,4.29448163804474e-05,1.39439978355366e-05,4.35903206922771e-05,1.89498617712215e-05,4.18330442481352e-06,100,100
0.557,68,67,67,69,19,66,4.61440282302713e-05,4.24708979068963e-05,1.38877318406434e-05,4.31349468648946e-05,1.87109746605812e-05,4.18266054933581e-06,100,100
0.558,68,67,67,68,19,66,4.56288821076202e-05,4.19912371777419e-05,1.38323045590275e-05,4.26797797466428e-05,1.84853614562898e-05,4.18336867497097e-06,100,100
0.559,68,67,67,68,19,66,4.51147644030778e-05,4.15106273353441e-05,1.37775666342474e-05,4.22248809023765e-05,1.82609094440312e-05,4.18548360744865e-06,100,100
0.56,67,67,67,68,18,66,4.46018515442621e-05,4.10302813768951e-05,1.37233904206772e-05,4.17703102877819e-05,1.80376122874375e-05,4.18897482556239e-06,100,100
0.561,67,67,67,68,16,66,4.40901975255071e-05,4.0550385850169e-05,1.36696762105123e-05,4.13161263070795e-05,1.78154362361581e-05,4.17760851734915e-06,100,100
0.562,66,67,67,68,15,66,4.357979436081e-05,4.00711285652708e-05,1.36163846438409e-05,4.08623858687285e-05,1.75944064728861e-05,4.12682412274472e-06,100,100
0.563,66,67,66,68,15,66,4.30706069904823e-05,3.96045265717997e-05,1.35635082482157e-05,4.04091444391976e-05,1.73746585192723e-05,4.10180849249128e-06,100,100
0.564,66,67,66,68,15,66,4.25626853961264e-05,3.91551893055466e-05,1.3510949445603e-05,3.99564560948684e-05,1.71562408689929e-05,4.11611221042442e-06,100,100
0.565,66,67,66,68,15,66,4.20561524556133e-05,3.87060498753781e-05,1.34585598396371e-05,3.95043735721359e-05,1.69389856506076e-05,4.129327664003e-06,100,100
0.566,66,67,66,68,15,66,4.15510725208426e-05,3.82572102447643e-05,1.34062733305126e-05,3.90529483157687e-05,1.67226875482142e-05,4.14047816396885e-06,100,100
0.567,66,67,66,68,15,66,4.10475265428849e-05,3.78087519242857e-05,1.3354079222408e-05,3.86022305255895e-05,1.65072264155747e-05,4.13155668949887e-06,100,100
0.568,66,67,66,68,15,66,4.05455763164001e-05,3.7360749469406e-05,1.33019162456701e-05,3.81522692015376e-05,1.62925875754285e-05,4.12155479978087e-06,100,100
0.569,66,67,66,68,15,66,4.00453108593017e-05,3.69133011701702e-05,1.3249650969917e-05,3.770311218717e-05,1.60787691563342e-05,4.13029076014225e-06,100,100
0.57,66,67,66,68,14,66,3.95469796298542e-05,3.64665162189104e-05,1.31503509779455e-05,3.7254806211659e-05,1.58657205499852e-05,4.11672007820706e-06,100,100
0.571,66,66,65,67,14,66,3.9050794311635e-05,3.60204838865144e-05,1.30410510717211e-05,3.6807396930341e-05,1.56534260318175e-05,4.08622371906097e-06,100,100
0.572,66,66,65,67,14,66,3.85568079548071e-05,3.55752844936848e-05,1.29329514631875e-05,3.63609289638695e-05,1.54382700431972e-05,4.07065185168881e-06,100,100
0.573,65,66,65,67,14,66,3.80650138737872e-05,3.51310077315824e-05,1.28257787304843e-05,3.59154459360253e-05,1.52242099278478e-05,4.0530473905952e-06,100,100
0.574,65,66,64,67,14,66,3.75753880529715e-05,3.46877497231108e-05,1.27193631427439e-05,3.54709905102317e-05,1.50112830898093e-05,4.02959605618858e-06,100,100
0.575,65,66,64,66,14,66,3.70879666122007e-05,3.42456112966471e-05,1.26137189376213e-05,3.50276044248258e-05,1.47993862756579e-05,3.98343092189239e-06,100,100
0.576,65,65,64,65,14,66,3.66028671458924e-05,3.38046879216898e-05,1.25089372987662e-05,3.45853285271295e-05,1.45885339484574e-05,3.93879007233024e-06,100,100
0.577,65,65,64,65,14,66,3.61201639052518e-05,3.33650699727571e-05,1.2405060366734e-05,3.41442028063667e-05,1.4378746757334e-05,3.89582745672955e-06,100,100
0.578,64,65,64,65,14,66,3.56397686687294e-05,3.29268433023069e-05,1.23020268426605e-05,3.37042664254696e-05,1.41699496735975e-05,3.87822085166267e-06,100,100
0.579,62,65,64,64,13,66,3.51615252029713e-05,3.24900903937379e-05,1.21997432178997e-05,3.32655577518141e-05,1.39620801769978e-05,3.86926428980533e-06,100,100
0.58,62,65,64,64,12,66,3.46853999539152e-05,3.20548910150456e-05,1.20981722688722e-05,3.28281143869259e-05,1.37551463057376e-05,3.86092048491641e-06,100,100
0.581,60,65,63,63,11,66,3.42114002950561e-05,3.16206818120143e-05,1.19973304001219e-05,3.2391973195193e-05,1.36191569449961e-05,3.85318063828416e-06,100,100
0.582,60,65,62,63,11,66,3.37394742960856e-05,3.11768843198004e-05,1.18973237896631e-05,3.19571703316225e-05,1.34953247077943e-05,3.8460475181529e-06,100,100
0.583,60,65,61,63,11,66,3.3269607727586e-05,3.07389942019923e-05,1.17982622684819e-05,3.15237412686753e-05,1.3363989259005e-05,3.8395373394265e-06,100,100
0.584,60,65,60,63,10,66,3.28018421816228e-05,3.0321940830039e-05,1.17001470891263e-05,3.10917208222126e-05,1.31607117255668e-05,3.83365876062356e-06,100,100
0.585,60,65,60,61,10,66,3.23362037558593e-05,2.9906785389981e-05,1.16029951924169e-05,3.0661143176584e-05,1.29708004287114e-05,3.85786504921172e-06,100,100
0.586,59,65,59,61,10,66,3.18726748794566e-05,2.9493539482172e-05,1.15068727889503e-05,3.02320419088886e-05,1.28342578774078e-05,3.86546805154131e-06,100,100
0.587,59,65,58,60,10,66,3.14112078999737e-05,2.90822061725264e-05,1.1411856498366e-05,2.98044500124376e-05,1.2636982556007e-05,3.84360203087275e-06,100,100
0.588,57,64,57,60,10,66,3.09518219858365e-05,2.86727913537604e-05,1.13180128274144e-05,2.9378399919443e-05,1.24405805395831e-05,3.80282005344728e-06,100,100
0.589,57,64,57,59,8,66,3.04946074880878e-05,2.82653134641818e-05,1.1235662349701e-05,2.89539235229614e-05,1.22450345798324e-05,3.7478098657158e-06,100,100
0.59,56,64,57,59,8,66,3.00587766627325e-05,2.78597943414365e-05,1.11628300242059e-05,2.85310521981134e-05,1.20503488292779e-05,3.6946134704241e-06,100,100
0.591,56,64,57,58,8,66,2.96920563373579e-05,2.74562504893359e-05,1.10905112149347e-05,2.81098168226044e-05,1.18565425030643e-05,3.6646562636805e-06,100,100
0.592,55,62,56,58,8,66,2.93270310935763e-05,2.70546932917248e-05,1.10187674963574e-05,2.76902477965663e-05,1.17048975161936e-05,3.64479360574088e-06,100,100
0.593,55,60,56,58,8,66,2.89636792963887e-05,2.6655136854504e-05,1.09476828607372e-05,2.72723750617409e-05,1.15728862533976e-05,3.62777017766196e-06,100,100
0.594,55,59,55,56,8,66,2.86018851293818e-05,2.62630708151207e-05,1.08773623781911e-05,2.68562281200248e-05,1.14414342739498e-05,3.61042297583191e-06,100,100
0.595,54,59,55,55,8,66,2.82416062381321e-05,2.58869521200875e-05,1.08078631760631e-05,2.64418360513922e-05,1.1288504626213e-05,3.59912413747735e-06,100,100
0.596,54,57,54,54,8,62,2.78828929833891e-05,2.55165747783428e-05,1.07392577931037e-05,2.6029227531214e-05,1.10792985028831e-05,3.61688311484365e-06,100,100
0.597,54,57,54,53,7,62,2.7525789066552e-05,2.51645427150494e-05,1.06716451754143e-05,2.56184308469872e-05,1.08709640191678e-05,3.61030208322902e-06,100,100
0.598,54,57,50,53,7,60,2.71059453592823e-05,2.4813082295954e-05,1.06050929831492e-05,2.52094739144911e-05,1.06635969122801e-05,3.59517685341069e-06,100,100
0.599,53,54,50,51,7,60,2.66495678328577e-05,2.44484205517364e-05,1.05396582485256e-05,2.48023842933825e-05,1.04572445469519e-05,3.57063749125745e-06,100,100
0.6,53,53,50,50,7,59,2.61963692989516e-05,2.40678133063085e-05,1.04785182718308e-05,2.43971892022429e-05,1.02518623752694e-05,3.53110584760973e-06,100,100
0.601,51,51,49,50,6,58,2.57464465562975e-05,2.36889287843827e-05,1.04446528459711e-05,2.39939155330909e-05,1.00473613054428e-05,3.49115263788686e-06,100,100
0.602,49,51,49,50,6,57,2.52999316734027e-05,2.33117573520171e-05,1.04113993516503e-05,2.35925898653694e-05,9.84370590500284e-06,3.4615881782525e-06,100,100
0.603,49,51,49,50,6,57,2.48569940450078e-05,2.29362905065356e-05,1.03786945069463e-05,2.31932384794177e-05,9.64096389060843e-06,3.43433863197863e-06,100,100
0.604,49,49,48,48,6,54,2.4417802353702e-05,2.25625416637128e-05,1.03465885285895e-05,2.27958873694395e-05,9.4393038129199e-06,3.40709150969531e-06,100,100
0.605,48,46,46,47,6,54,2.39824787386002e-05,2.21905294312109e-05,1.03150873431315e-05,2.24005622559741e-05,9.2388928657197e-06,3.38388496250062e-06,100,100
0.606,47,46,46,47,6,50,2.35511262992827e-05,2.18202629688029e-05,1.02841293107851e-05,2.20072885978796e-05,9.0398142648411e-06,3.36773531587976e-06,100,100
0.607,47,43,46,45,6,44,2.31578937820445e-05,2.14517428197377e-05,1.02536230403585e-05,2.16160916038352e-05,8.84210397429906e-06,3.35152336699218e-06,100,100
0.608,47,41,46,44,6,44,2.28415905068354e-05,2.10849687944317e-05,1.02234622749191e-05,2.12269962433699e-05,8.70508997458401e-06,3.3352986918067e-06,100,100
0.609,46,41,46,42,6,44,2.25283033410101e-05,2.0719947412497e-05,1.01935411317079e-05,2.08400272574228e-05,8.59674363294839e-06,3.31912375240679e-06,100,100
0.61,46,40,44,41,5,44,2.22179861652311e-05,2.035669178252e-05,1.01637612388925e-05,2.04552091684423e-05,8.48958059372771e-06,3.30303934648898e-06,100,100
0.611,43,39,44,41,5,44,2.19348528365166e-05,1.99952145588749e-05,1.01340538979946e-05,2.0072566290028e-05,8.41767668914656e-06,3.28712129485971e-06,100,100
0.612,42,39,44,40,5,42,2.16537709193562e-05,1.96355151084058e-05,1.01043610760087e-05,1.96921227361213e-05,8.40443069692513e-06,3.28161323695135e-06,100,100
0.613,42,39,43,40,5,30,2.13743599338046e-05,1.92775877037044e-05,1.00746517586452e-05,1.93139024297479e-05,8.39138112286561e-06,3.28935481163721e-06,100,100
0.614,42,35,43,38,5,28,2.10967009773712e-05,1.89214411107721e-05,1.00449913205983e-05,1.89379291113167e-05,8.3256534192373e-06,3.27621426950262e-06,100,100
0.615,42,35,42,38,5,26,2.0820806997562e-05,1.85670897729704e-05,1.0015447368946e-05,1.85642263464793e-05,8.2389532565493e-06,3.25703646173465e-06,100,100
0.616,42,34,42,38,5,25,2.05967765815135e-05,1.82145399179376e-05,9.98600632325412e-06,1.81928175335523e-05,8.07036608344147e-06,3.23845961789264e-06,100,100
0.617,41,31,42,38,4,23,2.03928977581683e-05,1.78637967709445e-05,9.95664465262145e-06,1.78237259105058e-05,7.89470746389814e-06,3.23488742957975e-06,100,100
0.618,40,31,39,38,4,21,2.01907695574497e-05,1.75148715565706e-05,9.92744743911395e-06,1.74569745615211e-05,7.65639969231867e-06,3.23484106862002e-06,100,100
0.619,39,29,37,38,4,20,1.99904092639163e-05,1.71677818138001e-05,9.89860655226784e-06,1.70925864231195e-05,7.40505334445256e-06,3.2337334021165e-06,100,100
0.62,39,27,36,36,4,18,1.97917890788338e-05,1.68225451879567e-05,9.87023822122972e-06,1.67305842898648e-05,7.159939406521e-06,3.21649532740873e-06,100,100
0.621,39,25,36,35,4,18,1.95948308539983e-05,1.64791792830865e-05,9.84236526990681e-06,1.63709908196414e-05,6.95117801858911e-06,3.19855368256134e-06,100,100
0.622,37,25,36,35,4,18,1.93994696401113e-05,1.61377074620199e-05,9.82923161686043e-06,1.60138285385095e-05,6.86932930820337e-06,3.18116616592593e-06,100,100
0.623,34,25,35,35,4,16,1.92056143940098e-05,1.58211110400626e-05,9.8228280412417e-06,1.56591198451399e-05,6.78791608041444e-06,3.16433108028688e-06,100,100
0.624,31,24,34,35,4,16,1.90130680222562e-05,1.55563880096506e-05,9.81623440916851e-06,1.53068870148285e-05,6.68886153421485e-06,3.14808587432872e-06,100,100
0.625,30,23,34,33,4,16,1.88216515493619e-05,1.52930573405895e-05,9.80935440554728e-06,1.49571522030943e-05,6.5206673563e-06,3.13240917288249e-06,100,100
0.626,30,22,32,30,4,16,1.86209185891324e-05,1.50311482001268e-05,9.80211575150029e-06,1.46099374488589e-05,6.41774690947627e-06,3.11728543129928e-06,100,100
0.627,29,21,31,30,4,16,1.83449674157082e-05,1.47174417672196e-05,9.79445853524156e-06,1.42652646772127e-05,6.3380780969586e-06,3.10436602816295e-06,100,100
0.628,28,19,30,30,4,16,1.80705735342494e-05,1.43848974630601e-05,9.78631117998332e-06,1.39231557017651e-05,6.25838847758215e-06,3.10470650058546e-06,100,100
0.629,28,19,30,26,4,16,1.77976800650097e-05,1.40541479343755e-05,9.77764979888425e-06,1.35836322265831e-05,6.09804436968703e-06,3.10530794966251e-06,100,100
0.63,28,19,29,22,4,16,1.75262544004984e-05,1.37252541692103e-05,9.76851685985829e-06,1.32467158477175e-05,6.05301095814395e-06,3.10615843608577e-06,100,100
0.631,27,17,28,21,4,16,1.72563430416286e-05,1.33982838822204e-05,9.75899485087335e-06,1.29124280543189e-05,5.96778073001194e-06,3.1072260919538e-06,100,100
0.632,27,17,26,21,4,16,1.69880109507728e-05,1.30733043151991e-05,9.74918661006853e-06,1.25807902293438e-05,5.80090997414128e-06,3.10854805406398e-06,100,100
0.633,27,16,24,19,4,16,1.67212339778772e-05,1.27503714521667e-05,9.73912492272494e-06,1.22518236498528e-05,5.62078190677088e-06,3.10821679553864e-06,100,100
0.634,25,15,24,17,4,16,1.64559883075782e-05,1.24295317498932e-05,9.72875227103069e-06,1.19255494869023e-05,5.44231321966331e-06,3.08275806274398e-06,100,100
0.635,25,13,23,15,4,14,1.61922666875859e-05,1.2110833959623e-05,9.71802640907384e-06,1.16019888050295e-05,5.26552431471379e-06,3.06111779342779e-06,100,100
0.636,25,12,23,15,4,13,1.59300643550937e-05,1.17943290097804e-05,9.7069674449565e-06,1.12811625613342e-05,5.09042827647682e-06,3.06317367138869e-06,100,100
0.637,23,11,23,15,4,10,1.56693728476335e-05,1.14800599655645e-05,9.69561092864818e-06,1.09630916041573e-05,4.91705299754409e-06,3.0592943450162e-06,100,100
0.638,22,11,23,14,4,6,1.54101220183973e-05,1.11680685123189e-05,9.68398277509108e-06,1.06477966713586e-05,4.74812823761976e-06,3.0524948380695e-06,100,100
0.639,22,10,23,12,4,6,1.5201666366081e-05,1.08584056100209e-05,9.67211199126598e-06,1.03352983881945e-05,4.59218669019095e-06,3.05155129709901e-06,100,100
0.64,21,9,22,12,4,5,1.50226863722152e-05,1.05511213394105e-05,9.66006586435274e-06,1.00256172647984e-05,4.50092222320407e-06,3.05758677881036e-06,100,100
0.641,21,8,22,12,4,4,1.48451624936834e-05,1.02648495014765e-05,9.64795625024585e-06,9.71877369326539e-06,4.50042407079274e-06,3.05603245283873e-06,100,100
0.642,20,6,21,11,4,3,1.46691949419542e-05,1.00508142151825e-05,9.63587994257549e-06,9.41478794434336e-06,4.40765386855495e-06,3.06259724604654e-06,100,100
0.643,19,2,19,11,3,0,1.4494823532809e-05,9.78218839596017e-06,9.62390269091361e-06,9.11368016373236e-06,4.31878906688043e-06,3.06917768891728e-06,100,100
0.644,17,2,18,11,3,0,1.43220355087391e-05,9.48288436634328e-06,9.61202521353013e-06,8.81547036799534e-06,4.21659375643658e-06,3.07575353477061e-06,100,100
0.645,17,2,17,9,3,0,1.41172767793407e-05,9.18640004257053e-06,9.60017462393031e-06,8.52017844008241e-06,4.09859201618527e-06,3.08229275287623e-06,100,100
0.646,16,2,16,8,3,0,1.38843030199622e-05,8.89278795019798e-06,9.58829119860936e-06,8.22782412447148e-06,4.15290254116121e-06,3.08878989088087e-06,100,100
0.647,16,2,16,8,3,0,1.3653707451195e-05,8.60209989495482e-06,9.57635607038247e-06,7.93842702192825e-06,4.21737466779143e-06,3.09527746478715e-06,100,100
0.648,14,2,14,7,3,0,1.34255569352696e-05,8.3143868775245e-06,9.56437604548954e-06,7.6520065838889e-06,4.25250327219901e-06,3.1017959075391e-06,100,100
0.649,14,2,13,6,3,0,1.31999222167911e-05,8.02969839925796e-06,9.56590257484736e-06,7.36858210646866e-06,4.24706918674573e-06,3.1064758724746e-06,100,100
0.65,14,1,13,5,3,0,1.297686402416e-05,7.74808152595387e-06,9.56934154139213e-06,7.08817272410003e-06,4.24154219689882e-06,3.11039760076026e-06,100,100
0.651,13,1,13,4,3,0,1.27564306601335e-05,7.46958032189809e-06,9.5721601669804e-06,6.81079740280456e-06,4.23587055454368e-06,3.11415639152489e-06,100,100
0.652,12,1,13,4,3,0,1.2594663815862e-05,7.23201326557502e-06,9.57425076951443e-06,6.53647493310221e-06,4.28785228729477e-06,3.1135957696015e-06,100,100
0.653,11,1,13,4,3,0,1.24352565331941e-05,6.97679914236441e-06,9.5755825551422e-06,6.26522392256274e-06,4.31575457946016e-06,3.11027108286725e-06,100,100
0.654,11,1,13,4,3,0,1.22782082865711e-05,6.78369484659675e-06,9.5761961548922e-06,5.99706278800379e-06,4.30356600051239e-06,3.10679009356874e-06,100,100
0.655,10,1,11,4,3,0,1.21235509170077e-05,6.63365222704886e-06,9.57612707685764e-06,5.73200974734055e-06,4.28042282275272e-06,3.10319568690812e-06,100,100
0.656,10,1,11,3,3,0,1.19713125754668e-05,6.48519836177955e-06,9.57537278728505e-06,5.47008281109221e-06,4.18986426344751e-06,3.09950178240565e-06,100,100
0.657,10,0,11,3,3,0,1.18215313241042e-05,6.33834359272324e-06,9.57393101234714e-06,5.21129977355075e-06,4.13302924972645e-06,3.09570068874802e-06,100,100
0.658,10,0,11,3,3,0,1.16742683961902e-05,6.19310560941374e-06,9.57179638362813e-06,4.95567820361789e-06,4.0578801739023e-06,3.09176451475512e-06,100,100
0.659,10,0,10,3,3,0,1.15295778123305e-05,6.04949767593462e-06,9.56896890443317e-06,4.70323543531623e-06,3.90626890679999e-06,3.08767284545223e-06,100,100
0.66,10,0,10,2,3,0,1.13874705295971e-05,5.90752653827039e-06,9.56551266536764e-06,4.45398855798111e-06,3.7447435286566e-06,3.08344206744209e-06,100,100
0.661,9,0,10,0,3,0,1.12719512570143e-05,5.76720893162639e-06,9.56153665837806e-06,4.20795440613994e-06,3.69392192402836e-06,3.07910294102399e-06,100,100
0.662,9,0,9,0,3,0,1.11471430425188e-05,5.62857004253071e-06,9.55562873001435e-06,3.96514954908611e-06,3.59577670322902e-06,3.07831528023888e-06,100,100
0.663,9,0,9,0,3,0,1.10242701294609e-05,5.54325847180825e-06,9.54359411005061e-06,3.72559028015493e-06,3.4674661261493e-06,3.08171473380672e-06,100,100
0.664,9,0,8,0,3,0,1.09033482220847e-05,5.46979621747886e-06,9.53182094524955e-06,3.48929260570941e-06,3.3927853936258e-06,3.08501045794082e-06,100,100
0.665,9,0,8,0,3,0,1.07571919723024e-05,5.39751324161608e-06,9.52026682110479e-06,3.27059634354666e-06,3.31897578936547e-06,3.08812670056407e-06,100,100
0.666,8,0,6,0,3,0,1.05863341708568e-05,5.27492056723031e-06,9.5089148067456e-06,3.11720487193769e-06,3.24151882954322e-06,3.09097984083629e-06,100,100
0.667,7,0,6,0,3,0,1.04610655952361e-05,5.15196121214539e-06,9.49775765165899e-06,2.99370753343957e-06,3.25033740082518e-06,3.09350118695002e-06,100,100
0.668,6,0,6,0,3,0,1.0338052278938e-05,5.03072493156093e-06,9.48680910148559e-06,2.87198273457501e-06,3.2707737768131e-06,3.08544361789283e-06,100,100
0.669,5,0,6,0,3,0,1.02172592922714e-05,4.92296557382035e-06,9.47609696845365e-06,2.75203855107141e-06,3.20732347606539e-06,3.0775176342616e-06,100,100
0.67,5,0,5,0,3,0,1.00986796132737e-05,4.85687360698266e-06,9.46561526416276e-06,2.59910737520896e-06,3.06658276145608e-06,3.06983579587043e-06,100,100
0.671,5,0,5,0,3,0,9.9822709768049e-06,4.76953575403291e-06,9.45532711295022e-06,2.43385650799737e-06,2.97834988271625e-06,3.06243153818477e-06,100,100
0.672,5,0,5,0,3,0,9.85755567477006e-06,4.77342369481787e-06,9.44834334253617e-06,2.2711945816742e-06,2.98320068973074e-06,3.05533137676383e-06,100,100
0.673,5,0,5,0,3,0,9.73116608683967e-06,4.77773444913422e-06,9.4431937333934e-06,2.1229726841711e-06,2.95402475557566e-06,3.04853565020338e-06,100,100
0.674,4,0,5,0,3,0,9.60681298206194e-06,4.78210533626244e-06,9.43832266486823e-06,2.00238356892668e-06,2.90121549688188e-06,3.04205699379178e-06,100,100
0.675,3,0,5,0,3,0,9.48454195699196e-06,4.78651317630196e-06,9.43371715214329e-06,1.79848617298607e-06,2.89215441700096e-06,3.03591216194769e-06,100,100
0.676,3,0,5,0,3,0,9.36440644742484e-06,4.79093759307003e-06,9.42937384322581e-06,1.59800039233478e-06,2.90063685944492e-06,3.03012272471562e-06,100,100
0.677,3,0,5,0,3,0,9.24641335431593e-06,4.79535474968665e-06,9.42527945782413e-06,1.40093799278454e-06,2.85640919198553e-06,3.02470858893023e-06,100,100
0.678,3,0,4,0,3,0,9.13054486807044e-06,4.79973753150186e-06,9.4214143649784e-06,1.24220442998431e-06,2.80778043082948e-06,3.01967532357782e-06,100,100
0.679,3,0,3,0,3,0,9.06048105024905e-06,4.79905592176177e-06,9.41776145006477e-06,1.27615929973301e-06,2.76059611899116e-06,3.01503250791727e-06,100,100
0.68,3,0,3,0,3,0,9.0613252957684e-06,4.79683228500408e-06,9.41432162174189e-06,1.35652022498831e-06,2.77691943739837e-06,3.01003992509061e-06,100,100
0.681,3,0,3,0,3,0,9.08590583206064e-06,4.79457062006609e-06,9.41107614906002e-06,1.43536271857097e-06,2.8293805174645e-06,3.00021833733887e-06,100,100
0.682,3,0,3,0,3,0,9.1099388044173e-06,4.79225716310143e-06,9.40797082054282e-06,1.43540297373323e-06,2.81204799952185e-06,2.99135513941234e-06,100,100
0.683,3,0,3,0,3,0,9.05537492716422e-06,4.8019189459026e-06,9.40496930183634e-06,1.49147843898e-06,2.75094397617068e-06,2.98539566221853e-06,100,100
0.684,3,0,3,1,3,0,9.09870757802734e-06,4.82454794932583e-06,9.40209476302969e-06,1.60873428647502e-06,2.77933640685185e-06,2.99233149649048e-06,100,100
0.685,3,0,4,1,3,0,9.14132969704642e-06,4.82731582893598e-06,9.39938736943717e-06,1.72356142203855e-06,2.82708633554837e-06,2.99569826951231e-06,100,100
0.686,3,0,4,1,3,0,9.18322455741111e-06,4.87191152819549e-06,9.39683253327839e-06,1.80667370490992e-06,2.81616100392351e-06,2.99383048114797e-06,100,100
0.687,4,0,4,1,3,0,9.22432741818815e-06,4.95028589694536e-06,9.39438438228039e-06,1.87633420775724e-06,2.80456327447597e-06,2.99231934145899e-06,100,100
0.688,4,0,3,1,3,0,9.26459809369906e-06,4.95722390049966e-06,9.39202366142326e-06,1.9444549309606e-06,2.83491510900178e-06,2.99115729803493e-06,100,100
0.689,4,0,3,1,3,0,9.30401997888644e-06,4.99603871907895e-06,9.38975443737251e-06,2.01103391156587e-06,2.90066207194758e-06,2.99035132154529e-06,100,100
0.69,5,0,2,1,3,0,9.36449439470231e-06,4.98190777801275e-06,9.38760010413781e-06,2.07606947631789e-06,2.96501974301807e-06,2.9899264237252e-06,100,100
0.691,5,0,2,1,3,0,9.4008505456884e-06,4.97006949864726e-06,9.385605454105e-06,2.14637990682473e-06,2.99034792251175e-06,2.98990502795934e-06,100,100
0.692,5,0,3,1,3,0,9.35567831461953e-06,5.03440385703219e-06,9.38378559704216e-06,2.27991265571832e-06,3.04612685224418e-06,2.99029108908666e-06,100,100
0.693,4,0,3,1,3,0,9.31168635993917e-06,5.09707747068608e-06,9.38210773154691e-06,2.41008286960762e-06,3.10797137656856e-06,2.99106344946541e-06,100,100
0.694,3,0,3,1,3,0,9.26887267707206e-06,5.15808312410268e-06,9.38503726926824e-06,2.53688907085708e-06,3.16842612788923e-06,2.99217640709666e-06,100,100
0.695,3,0,3,1,3,0,9.23161634903662e-06,5.26005355967502e-06,9.38859481456903e-06,2.66033046738898e-06,3.22749414879881e-06,2.99358456289316e-06,100,100
0.696,3,0,3,1,3,0,9.22618291119511e-06,5.29065888819467e-06,9.39211173353395e-06,2.7804069654822e-06,3.26329940076226e-06,2.99524645490092e-06,100,100
0.697,3,0,3,1,3,0,9.22090384586818e-06,5.31828833178828e-06,9.39556511881106e-06,2.89711918239642e-06,3.23149001406735e-06,2.99385571190894e-06,100,100
0.698,3,0,3,2,3,0,9.21575895461153e-06,5.34528050005896e-06,9.39894999773207e-06,3.01046845880244e-06,3.28152373489651e-06,2.983818877015e-06,100,100
0.699,3,0,3,2,3,0,9.21076802315615e-06,5.37162955548009e-06,9.40225870959841e-06,3.12045687099882e-06,3.31164512650208e-06,2.97400089033403e-06,100,100
0.7,3,0,3,2,3,0,9.20594341464267e-06,5.39733021701315e-06,9.40547001632984e-06,3.22708724289515e-06,3.3304235836271e-06,2.96440605641798e-06,100,100
0.701,3,0,3,2,3,0,9.20127633999073e-06,5.42237771472707e-06,9.40856635983656e-06,3.33036315774187e-06,3.34113545743783e-06,2.95505519629222e-06,100,100
0.702,3,0,3,2,3,0,9.19675237280812e-06,5.44676950552159e-06,9.41153140380557e-06,3.43028896958676e-06,3.33896029795674e-06,2.94596651127227e-06,100,100
0.703,3,0,3,2,3,0,9.19236508368545e-06,5.4705051968236e-06,9.41434036866907e-06,3.52686981443835e-06,3.37392679091385e-06,2.9371610860971e-06,100,100
0.704,3,0,3,2,3,0,9.18812381889678e-06,5.53535061084762e-06,9.41698306321299e-06,3.62011162111644e-06,3.42486783659996e-06,2.93577309320384e-06,100,100
0.705,3,0,3,2,3,0,9.18403569220974e-06,5.63025399636654e-06,9.41945943259898e-06,3.71002112177047e-06,3.48114357331603e-06,2.93647723682227e-06,100,100
0.706,3,0,3,2,3,0,9.1560437629543e-06,5.7180745629968e-06,9.42176545107028e-06,3.79660586204689e-06,3.55230812442258e-06,2.93732061348799e-06,100,100
0.707,3,0,3,2,3,0,9.1069212671935e-06,5.78118472512933e-06,9.42390204082823e-06,3.87987421088749e-06,3.59052697287159e-06,2.93830079810915e-06,100,100
0.708,3,0,3,2,3,0,9.06000262610373e-06,5.84171166805652e-06,9.4258800877861e-06,3.95983536994143e-06,3.61016470359817e-06,2.93941007382751e-06,100,100
0.709,3,0,3,3,3,0,9.0152349318858e-06,5.89967880810961e-06,9.42772555880372e-06,4.03649938257529e-06,3.6291090906711e-06,2.94064308364637e-06,100,100
0.71,3,0,3,3,3,0,9.02057713745469e-06,5.95510726687253e-06,9.4294672553075e-06,4.10987714246689e-06,3.59606609547281e-06,2.94199362825987e-06,100,100
0.711,3,0,3,3,3,0,9.03314823876744e-06,6.00801629161914e-06,9.43111788865708e-06,4.17998040177107e-06,3.55495529148775e-06,2.94344210527338e-06,100,100
0.712,3,0,3,3,3,0,9.04524939428804e-06,6.05842673769778e-06,9.43267730082774e-06,4.24682177884787e-06,3.5579079536551e-06,2.94496460286076e-06,100,100
0.713,3,0,3,3,3,0,9.05688911774497e-06,6.10636035668151e-06,9.4341420957552e-06,4.31041476554721e-06,3.57105880065059e-06,2.94654108194797e-06,100,100
0.714,3,0,3,3,3,0,9.06806115446362e-06,6.1518381819454e-06,9.4355182552007e-06,4.37077373404713e-06,3.57438423925507e-06,2.94815548662677e-06,100,100
0.715,3,0,3,3,3,0,9.08549313163993e-06,6.19488125020954e-06,9.43682270371441e-06,4.42791394324666e-06,3.57772908064742e-06,2.94979601429014e-06,100,100
0.716,3,0,3,3,3,0,9.1228752540131e-06,6.23551035592899e-06,9.43806510334097e-06,4.48185154471721e-06,3.58107745544476e-06,2.95145324370002e-06,100,100
0.717,3,0,3,3,3,0,9.15799310504369e-06,6.27374434330093e-06,9.43923888146347e-06,4.53260358821707e-06,3.58441063917918e-06,2.95311665474505e-06,100,100
0.718,3,0,3,3,3,0,9.19086522934707e-06,6.30960140243553e-06,9.44033382963421e-06,4.58018802677021e-06,3.58770337225745e-06,2.95477209169523e-06,100,100
0.719,3,0,3,3,3,0,9.22151991729104e-06,6.34309933179057e-06,9.44135305175632e-06,4.62462372129666e-06,3.59093394357662e-06,2.95639924865635e-06,100,100
0.72,3,0,3,3,3,0,9.24997917222211e-06,6.37425437631048e-06,9.44231099451666e-06,4.66593044475156e-06,3.59409107729706e-06,2.95797727091828e-06,100,100
0.721,3,0,3,3,3,0,9.27626221321302e-06,6.40308375531752e-06,9.4432211214311e-06,4.70412888566787e-06,3.61156622846266e-06,2.95949005446899e-06,100,100
0.722,3,0,3,3,3,0,9.30039049000419e-06,6.42960669284916e-06,9.44408896339849e-06,4.73924065088521e-06,3.64281914529159e-06,2.96092602446005e-06,100,100
0.723,3,0,3,3,3,0,9.32237748001658e-06,6.45384322528181e-06,9.44491200570102e-06,4.77128826705579e-06,3.66961212355712e-06,2.96227651814904e-06,100,100
0.724,3,0,3,3,3,0,9.34223624496835e-06,6.47581383292121e-06,9.44568675043254e-06,4.80029518021638e-06,3.67852923482089e-06,2.96353047967214e-06,100,100
0.725,3,0,3,3,3,0,9.35998887898813e-06,6.49553915084276e-06,9.44640774796251e-06,4.82628575228598e-06,3.68679957963976e-06,2.96467815891237e-06,100,100
0.726,3,0,3,3,3,0,9.37566001685899e-06,6.51303932659555e-06,9.44706485976023e-06,4.84928525282813e-06,3.69441903274454e-06,2.96571566326674e-06,100,100
0.727,3,0,3,3,3,0,9.38927049282989e-06,6.52833409758931e-06,9.44764970623397e-06,4.86931984396536e-06,3.70137502236295e-06,2.96664037842257e-06,100,100
0.728,3,0,3,3,3,0,9.40083880069686e-06,6.54144365577993e-06,9.44815596451922e-06,4.88641655629714e-06,3.70765171231854e-06,2.96744797246028e-06,100,100
0.729,3,0,3,3,3,0,9.41038492567778e-06,6.55238866124128e-06,9.44857667256797e-06,4.90060325454366e-06,3.71323183846742e-06,2.96813031826403e-06,100,100
0.73,3,0,3,3,3,0,9.41792859890835e-06,6.56119035347551e-06,9.44890849920098e-06,4.91190859375032e-06,3.71810028507852e-06,2.96867780956639e-06,100,100
0.731,3,0,3,3,3,0,9.42348530361645e-06,6.56787124263537e-06,9.44915030831787e-06,4.92036196991577e-06,3.72224635644515e-06,2.96908348029397e-06,100,100
0.732,3,0,3,3,3,0,9.42706462955117e-06,6.57245501635128e-06,9.4492982987615e-06,4.92599347160194e-06,3.72566352812174e-06,2.96934180707227e-06,100,100
0.733,3,0,3,3,3,0,9.42867243059314e-06,6.57496615241535e-06,9.44934810230325e-06,4.92883383986971e-06,3.72835086340586e-06,2.96944637818621e-06,100,100
0.734,3,0,3,3,3,0,9.42831465720778e-06,6.5754301988567e-06,9.44929580138842e-06,4.92891444208203e-06,3.7276782504871e-06,2.96938837733519e-06,100,100
0.735,3,0,3,3,3,0,9.42599661435719e-06,6.57387396259635e-06,9.44913869376238e-06,4.92626726160828e-06,3.72833308808302e-06,2.96915879877445e-06,100,100
0.736,3,0,3,3,3,0,9.42172230409955e-06,6.57032540642518e-06,9.44887776264407e-06,4.92092490199179e-06,3.72747464614036e-06,2.96875173132874e-06,100,100
0.737,3,0,3,3,3,0,9.41549611693759e-06,6.56481390526718e-06,9.44851693029691e-06,4.91292060200234e-06,3.72559465497217e-06,2.96816471467238e-06,100,100
0.738,3,0,3,3,3,0,9.40732240983646e-06,6.5573703043241e-06,9.44805950053889e-06,4.90228825742113e-06,3.72295819511673e-06,2.9673982839189e-06,100,100
0.739,3,0,3,3,3,0,9.39720621922007e-06,6.54802669421655e-06,9.44750991502841e-06,4.88906244589042e-06,3.71956958198633e-06,2.96645621443387e-06,100,100
0.74,3,0,3,3,3,0,9.38515582639056e-06,6.53681638806994e-06,9.44687726507369e-06,4.87327845206531e-06,3.71543756874153e-06,2.96534520880162e-06,100,100
0.741,3,0,3,3,3,0,9.37118229057595e-06,6.52377410875708e-06,9.44617243795134e-06,4.85497229120535e-06,3.71057236231696e-06,2.96407402538034e-06,100,100
0.742,3,0,3,3,3,0,9.35529886751648e-06,6.50893644983134e-06,9.44540690392111e-06,4.83418073006031e-06,3.70498226619244e-06,2.96265352645114e-06,100,100
0.743,3,0,3,3,3,0,9.33752357517339e-06,6.49234184685449e-06,9.44459185948697e-06,4.81094130441084e-06,3.69867572243455e-06,2.96109867864221e-06,100,100
0.744,3,0,3,3,3,0,9.31788075238528e-06,6.47403034481045e-06,9.44373559163185e-06,4.78529233296025e-06,3.69166452809119e-06,2.9594287206666e-06,100,100
0.745,3,0,3,3,3,0,9.2964034309763e-06,6.45404348310814e-06,9.44284586638338e-06,4.75727292748425e-06,3.68396158056194e-06,2.95766100580426e-06,100,100
0.746,3,0,3,3,3,0,9.27313402588502e-06,6.4324245551292e-06,9.44193579268526e-06,4.72692299927511e-06,3.66736097575391e-06,2.95580789914678e-06,100,100
0.747,3,0,3,3,3,0,9.2481155099667e-06,6.40921908874489e-06,9.44102287102182e-06,4.6942832619931e-06,3.64012605529486e-06,2.95388102402157e-06,100,100
0.748,3,0,3,3,3,0,9.22139042888364e-06,6.38484161393768e-06,9.44012326030224e-06,4.65939523108098e-06,3.61089613046767e-06,2.9518917517746e-06,100,100
0.749,3,0,3,3,3,0,9.19300532384978e-06,6.36013874818606e-06,9.43924784716853e-06,4.62230121992009e-06,3.59432912638758e-06,2.94985490795722e-06,100,100
0.75,3,0,3,3,3,0,9.16300846897423e-06,6.3340069711901e-06,9.43840492573378e-06,4.58304433291609e-06,3.59077515558832e-06,2.94778808521136e-06,100,100
0.751,3,0,3,3,3,0,9.1314437268133e-06,6.30649516182587e-06,9.43760233010172e-06,4.54166845570398e-06,3.58709676711237e-06,2.94570106089833e-06,100,100
0.752,3,0,3,3,3,0,9.09834649058169e-06,6.27765182782355e-06,9.43685260365833e-06,4.49821824265884e-06,3.58333328607471e-06,2.9436020439829e-06,100,100
0.753,3,0,3,3,3,0,9.07131838003205e-06,6.24752485954631e-06,9.4361747127992e-06,4.45273910189254e-06,3.57951272302586e-06,2.94150531364998e-06,100,100
0.754,3,0,3,3,3,0,9.06173340972133e-06,6.21616119973932e-06,9.43557846561209e-06,4.40527717790893e-06,3.57565075401592e-06,2.93942603028312e-06,100,100
0.755,3,0,3,3,3,0,9.05187928296872e-06,6.18360652203668e-06,9.43506229609289e-06,4.35587933208126e-06,3.5717670804684e-06,2.93738095399637e-06,100,100
0.756,3,0,3,3,3,0,9.04174236266955e-06,6.14990587491734e-06,9.43462536039832e-06,4.30459312110699e-06,3.56789083570174e-06,2.93538719400989e-06,100,100
0.757,3,0,3,3,3,0,9.03128946155021e-06,6.11510464217702e-06,9.43427317844272e-06,4.25146677358584e-06,3.55372124048372e-06,2.93345326771814e-06,100,100
0.758,3,0,3,3,3,0,9.02047504834694e-06,6.07924669197602e-06,9.43400965723456e-06,4.19654916485894e-06,3.52019936764595e-06,2.93156945072051e-06,100,100
0.759,3,0,3,3,3,0,9.00924753069301e-06,6.04237203350069e-06,9.43382997734953e-06,4.13988979023847e-06,3.50531847790439e-06,2.92972272964097e-06,100,100
0.76,3,0,3,3,3,0,8.99849368598141e-06,6.00451834053938e-06,9.4337156853212e-06,4.08153873674972e-06,3.51472526809293e-06,2.92791472124858e-06,100,100
0.761,3,0,3,3,3,0,9.03352627211858e-06,5.96572294311826e-06,9.43363505389054e-06,4.02154665350064e-06,3.54896647902875e-06,2.92614428066344e-06,100,100
0.762,3,0,3,3,3,0,9.06940106985795e-06,5.92602189168237e-06,9.43355571761048e-06,3.95996472078753e-06,3.59407681944665e-06,2.92439509815588e-06,100,100
0.763,3,0,3,2,3,0,9.10601462579945e-06,5.88544884549168e-06,9.43343525816602e-06,3.89684461803953e-06,3.60962088753598e-06,2.9226477568561e-06,100,100
0.764,3,0,3,2,3,0,9.14326715754215e-06,5.83457438760486e-06,9.43321393901945e-06,3.8322384906996e-06,3.60054750796461e-06,2.92088698711341e-06,100,100
0.765,3,0,3,2,3,0,9.18105900181172e-06,5.76661509977729e-06,9.43282629761281e-06,3.76623877629381e-06,3.59066309829338e-06,2.91909362119587e-06,100,100
0.766,3,0,3,2,3,0,9.2192827712299e-06,5.69721583548286e-06,9.4322087987411e-06,3.69953902910069e-06,3.53410358720754e-06,2.91724470606762e-06,100,100
0.767,3,0,3,2,3,0,9.23323073301053e-06,5.62643435698749e-06,9.4313026148032e-06,3.63148632341087e-06,3.47628202517202e-06,2.91532367633311e-06,100,100
0.768,3,0,3,2,3,0,9.23995921281501e-06,5.55433036682063e-06,9.43004122339957e-06,3.56213414339131e-06,3.41725148174724e-06,2.91331924949605e-06,100,100
0.769,3,0,3,2,3,0,9.24703414252684e-06,5.50485949743451e-06,9.42834826752251e-06,3.49153627889165e-06,3.35705198758004e-06,2.91120497771344e-06,100,100
0.77,3,0,3,2,3,0,9.25443192740271e-06,5.46837649672358e-06,9.42614901520717e-06,3.41974678805994e-06,3.34477281719456e-06,2.90894060905301e-06,100,100
0.771,3,0,3,2,3,0,9.26211497582651e-06,5.43122246530513e-06,9.42336719795697e-06,3.34681995943633e-06,3.33561511329128e-06,2.90648875301904e-06,100,100
0.772,3,0,3,2,3,0,9.2700439029175e-06,5.41072235575744e-06,9.41992944572034e-06,3.27281027359802e-06,3.30801947464172e-06,2.90381935058833e-06,100,100
0.773,3,0,3,2,3,0,9.27818651817623e-06,5.39123748856904e-06,9.41577187161137e-06,3.19777236442677e-06,3.24957324974551e-06,2.90090306668677e-06,100,100
0.774,3,0,3,2,3,0,9.28651442682979e-06,5.37166279973098e-06,9.41082791493338e-06,3.12176098006867e-06,3.19634872516519e-06,2.90697611733934e-06,100,100
0.775,3,0,3,2,3,0,9.29500261371576e-06,5.35201619481146e-06,9.40503151521227e-06,3.04483094365469e-06,3.18558449920398e-06,2.92975367560592e-06,100,100
0.776,3,0,3,2,3,0,9.30362045298115e-06,5.33231550244085e-06,9.39832298370145e-06,2.96703711384882e-06,3.18532069320944e-06,2.95389521668645e-06,100,100
0.777,3,0,3,1,3,0,9.31232022263715e-06,5.31257866715797e-06,9.39065142523537e-06,2.88843434528988e-06,3.24069625626031e-06,2.95577136789841e-06,100,100
0.778,3,0,3,1,3,0,9.32105337879423e-06,5.29282566447883e-06,9.3852774722576e-06,2.80907744899162e-06,3.24518649018706e-06,2.94851694391545e-06,100,100
0.779,3,0,3,1,3,0,9.32978178021958e-06,5.27307684929874e-06,9.39190490169854e-06,2.72902115276507e-06,3.19286916468931e-06,2.93298516020811e-06,100,100
0.78,3,0,3,1,3,0,9.33846420434088e-06,5.25335113032985e-06,9.39809316521553e-06,2.64832006172579e-06,3.14123067545877e-06,2.93801355314029e-06,100,100
0.781,3,0,3,1,3,0,9.33671486721584e-06,5.23366582760955e-06,9.40376581608281e-06,2.56702861894796e-06,3.09027435263023e-06,2.94310716163342e-06,100,100
0.782,3,0,3,1,3,0,9.32353285897433e-06,5.21403844439903e-06,9.40886249025183e-06,2.48520106632633e-06,3.03996278569398e-06,2.93287678220829e-06,100,100
0.783,3,0,3,1,3,0,9.3078240835385e-06,5.15568849022352e-06,9.41335171761932e-06,2.40289140570583e-06,3.03964995203531e-06,2.91035319081556e-06,100,100
0.784,3,0,3,1,3,0,9.28951018958762e-06,5.07351292993055e-06,9.41722513657642e-06,2.32015336033792e-06,3.0419169268304e-06,2.88740206763072e-06,100,100
0.785,3,0,3,1,3,0,9.2801376699457e-06,5.04015344883108e-06,9.42048009161021e-06,2.23881808005432e-06,2.9973661908191e-06,2.86410120625354e-06,100,100
0.786,4,0,3,1,2,0,9.2996387289876e-06,5.02098327047548e-06,9.42309105807614e-06,2.19314007453589e-06,2.94070674951994e-06,2.84055347604696e-06,100,100
0.787,4,0,3,1,2,0,9.31695163741503e-06,4.99954951643726e-06,9.42501179103629e-06,2.15501668595183e-06,2.88115334440516e-06,2.81686596084777e-06,100,100
0.788,4,0,3,1,2,0,9.33205302424017e-06,4.91618764637252e-06,9.42619243881582e-06,2.11682105161302e-06,2.82051747170482e-06,2.80422936490022e-06,100,100
0.789,4,0,2,0,2,0,9.34495195492839e-06,4.85051786893148e-06,9.42657996712051e-06,2.07857840247919e-06,2.75885008660002e-06,2.7997172520643e-06,100,100
0.79,4,0,2,0,2,0,9.35565641227323e-06,4.82994214729665e-06,9.42612507638121e-06,2.04031370024219e-06,2.69621179352341e-06,2.79738163008777e-06,100,100
0.791,4,0,2,0,2,0,9.36415613358622e-06,4.8300387291876e-06,9.42479217011166e-06,2.00205161654835e-06,2.6657203217957e-06,2.79404393448585e-06,100,100
0.792,4,0,3,0,2,0,9.37046174433667e-06,4.829837431971e-06,9.38249661913725e-06,1.96381651137519e-06,2.64138673079113e-06,2.78111558105515e-06,100,100
0.793,4,0,2,0,2,0,9.37462062701391e-06,4.82934351834222e-06,9.33708914203362e-06,1.92563241327798e-06,2.61755853160893e-06,2.74673265756012e-06,100,100
0.794,4,0,2,0,2,0,9.37669980808203e-06,4.82856828035395e-06,9.28961873713168e-06,1.88752299952823e-06,2.59428804678799e-06,2.71855172220435e-06,100,100
0.795,4,0,2,0,2,0,9.37677696445393e-06,4.8275200340655e-06,9.2401926333203e-06,1.83404042338195e-06,2.57160037774826e-06,2.72268057069578e-06,100,100
0.796,3,0,2,1,2,0,9.37494754535886e-06,4.7916230865808e-06,9.18893559772685e-06,1.78100176165591e-06,2.54952338937809e-06,2.72739008460453e-06,100,100
0.797,2,0,2,2,2,0,9.37132806724236e-06,4.74476557215501e-06,9.13599309842106e-06,1.72042647911059e-06,2.54328876210252e-06,2.73327292564119e-06,100,100
0.798,2,0,2,2,2,0,9.36604834224278e-06,4.69796817252867e-06,9.08152356582678e-06,1.66008419628229e-06,2.55355290221795e-06,2.75247167421619e-06,100,100
0.799,2,0,1,2,2,0,9.35925555055259e-06,4.65127046744424e-06,9.02570242771414e-06,1.60000833558773e-06,2.57335004532651e-06,2.76362569784988e-06,100,100
0.8,2,0,1,2,2,0,9.35109504622977e-06,4.6376017518129e-06,9.00344298149117e-06,1.54023167691927e-06,2.59529401367353e-06,2.78973079769416e-06,100,100
0.801,2,0,1,3,2,0,9.34169223800577e-06,4.63085629925479e-06,8.98879680926382e-06,1.48078633735456e-06,2.63213370789714e-06,2.82686853800823e-06,100,100
0.802,2,0,1,3,2,0,9.33117847251337e-06,4.62395585348748e-06,8.97389608570246e-06,1.42170375185641e-06,2.69855287979481e-06,2.8400461856317e-06,100,100
0.803,2,0,1,3,2,0,9.31970471276519e-06,4.61691107904677e-06,8.95878450796161e-06,1.41221212344114e-06,2.70202692636878e-06,2.84839360310922e-06,100,100
0.804,2,0,1,3,2,0,9.29815498476405e-06,4.60973253296857e-06,8.94348128911592e-06,1.41752052644246e-06,2.70937382547367e-06,2.85500324009185e-06,100,100
0.805,2,0,2,3,2,0,9.24077193970537e-06,4.60243043893651e-06,8.92799936101137e-06,1.42287424938622e-06,2.69011452329451e-06,2.86620078241091e-06,100,100
0.806,2,0,2,3,2,0,9.18437543360424e-06,4.59501446731441e-06,8.91234280118731e-06,1.42827177550979e-06,2.68487456436446e-06,2.91195645773924e-06,100,100
0.807,2,0,2,3,2,0,9.12913511234115e-06,4.5874963405399e-06,8.89652088940878e-06,1.40892067343887e-06,2.71165038924576e-06,2.95795365139791e-06,100,100
0.808,2,0,2,3,2,0,9.07252187277978e-06,4.57989253928777e-06,8.88056827500091e-06,1.37410494187946e-06,2.75023276155206e-06,3.03192267480401e-06,100,100
0.809,1,0,2,3,1,0,8.99998789805104e-06,4.57222169286871e-06,8.86453157280885e-06,1.33966555678089e-06,2.7529289091578e-06,3.08616076923912e-06,100,100
0.81,1,0,2,3,1,0,8.92822668665923e-06,4.56449940289846e-06,8.84844715078701e-06,1.30561846358746e-06,2.77622015969463e-06,3.08575402704113e-06,100,100
0.811,1,0,2,3,1,0,8.85727442792352e-06,4.55673562798585e-06,8.83639913760683e-06,1.27197903370428e-06,2.79860114003857e-06,3.03226830096733e-06,100,100
0.812,1,0,2,3,1,0,8.78719509083503e-06,4.548939782054e-06,8.84299194537098e-06,1.23876205908445e-06,2.81920645562426e-06,3.03314973591517e-06,100,100
0.813,1,0,2,3,1,0,8.71932254751459e-06,4.54112557711533e-06,8.84950909407873e-06,1.24788207093114e-06,2.87911474435178e-06,3.09120801038185e-06,100,100
0.814,1,0,2,3,1,0,8.68422486782672e-06,4.53330760218109e-06,8.85589957401978e-06,1.27356164508369e-06,2.89271997335952e-06,3.15085825183497e-06,100,100
0.815,1,0,2,3,1,0,8.64862025315549e-06,4.52550085398268e-06,8.86210513832033e-06,1.29902811984998e-06,2.91431044968436e-06,3.21056657108634e-06,100,100
0.816,1,0,2,3,1,0,8.67616506945677e-06,4.51772318110934e-06,8.86805167260156e-06,1.32427065047067e-06,2.94727714796723e-06,3.21755573193395e-06,100,100
0.817,1,0,2,3,1,0,8.74545933531761e-06,4.50999217417531e-06,8.8736652511076e-06,1.37026943755143e-06,2.96274705038152e-06,3.20094218015432e-06,100,100
0.818,1,0,2,3,1,0,8.85584724925256e-06,4.50232235605458e-06,8.89350440453953e-06,1.4282813612745e-06,2.99691379521774e-06,3.21033968383578e-06,100,100
0.819,1,0,2,4,1,0,8.90034639051262e-06,4.49472838856377e-06,8.91499869182983e-06,1.48555608242678e-06,3.04755560562891e-06,3.22442270730807e-06,100,100
0.82,1,0,2,4,1,0,8.92800185934123e-06,4.48722557830562e-06,8.93635980586556e-06,1.54207137446187e-06,3.08296244476659e-06,3.23830295167131e-06,100,100
0.821,1,0,2,4,1,0,8.95756907075459e-06,4.47982466447662e-06,8.93164249796664e-06,1.60592281253479e-06,3.1175293638761e-06,3.20328226909787e-06,100,100
0.822,1,0,2,4,1,0,8.98760271414133e-06,4.47253508734683e-06,8.9112964229864e-06,1.67739418839156e-06,3.15234939201747e-06,3.18443112392594e-06,100,100
0.823,1,0,3,5,1,0,8.9608256133878e-06,4.46536797732883e-06,8.89157895541629e-06,1.74780632182291e-06,3.25213469050888e-06,3.20243508385937e-06,100,100
0.824,1,0,3,5,1,0,8.93752941055055e-06,4.45833036370806e-06,8.87261282163488e-06,1.81713368664297e-06,3.30754352899233e-06,3.19897424188641e-06,100,100
0.825,2,0,3,5,1,0,8.91787863871376e-06,4.45142824181126e-06,8.85451421266003e-06,1.88535163643811e-06,3.28180011618265e-06,3.2269373702656e-06,100,100
0.826,2,0,3,6,1,0,8.90200962095057e-06,4.4446723982589e-06,8.85109881267653e-06,1.95243641022344e-06,3.2931618090958e-06,3.19552178307208e-06,100,100
0.827,2,0,3,6,1,0,8.89004479313594e-06,4.43807236150662e-06,8.9088869548361e-06,2.01836513793069e-06,3.32848214802602e-06,3.20018447407599e-06,100,100
0.828,2,0,3,6,1,0,8.88210544023504e-06,4.4304516675613e-06,8.96587606660705e-06,2.08311584470893e-06,3.39014504109808e-06,3.22957851082008e-06,100,100
0.829,2,0,3,6,1,0,8.87829339390941e-06,4.42378582600456e-06,9.02202159432991e-06,2.1447484919288e-06,3.45506027889591e-06,3.26011569949032e-06,100,100
0.83,2,0,3,6,1,0,8.89820838425617e-06,4.41926902995053e-06,9.07725956426458e-06,2.20651492551128e-06,3.51797921088562e-06,3.29172992767894e-06,100,100
0.831,2,0,3,6,1,0,8.89776209167058e-06,4.41336090144582e-06,9.13150042953002e-06,2.26703342098047e-06,3.57885092683933e-06,3.32435264008407e-06,100,100
0.832,2,0,3,6,1,0,8.88855456366762e-06,4.41032481598832e-06,9.16228486796601e-06,2.32628606419752e-06,3.57747581580539e-06,3.35793351674643e-06,100,100
0.833,2,0,3,6,1,0,8.87941157059679e-06,4.43564069100085e-06,9.17766067192064e-06,2.3842558530105e-06,3.57557547657122e-06,3.39958041002304e-06,100,100
0.834,2,0,3,6,1,0,8.87039213513183e-06,4.46081632327022e-06,9.19249630287164e-06,2.44092669841301e-06,3.60908916117817e-06,3.42667846938785e-06,100,100
0.835,2,0,3,6,1,0,8.8615656685912e-06,4.48583142192878e-06,9.20681377409344e-06,2.49628342512531e-06,3.60657630969994e-06,3.40699805361522e-06,100,100
0.836,2,0,3,6,2,0,8.85299329983675e-06,4.51066392971825e-06,9.22059984632255e-06,2.55031177159078e-06,3.65178025894174e-06,3.38558037180619e-06,100,100
0.837,2,0,3,6,2,0,8.84475787613914e-06,4.53528999852058e-06,9.23384860087999e-06,2.60299838938045e-06,3.70364376252376e-06,3.40872014225882e-06,100,100
0.838,2,0,3,6,2,0,8.83695653262691e-06,4.55968419339838e-06,9.24662054625505e-06,2.65315212955522e-06,3.75476546217777e-06,3.43776198848326e-06,100,100
0.839,2,0,3,7,2,0,8.82968026578172e-06,4.5838260548301e-06,9.2589863399471e-06,2.68807988741344e-06,3.8007593485869e-06,3.46396268345871e-06,100,100
0.84,2,0,3,7,2,0,8.8230216754155e-06,4.6077003050022e-06,9.27097628305107e-06,2.71612683672702e-06,3.82002015162271e-06,3.46994221983634e-06,100,100
0.841,3,0,3,7,2,0,8.83089259488745e-06,4.62037378906307e-06,9.28262442847881e-06,2.74342024947269e-06,3.81531767673251e-06,3.4759934094012e-06,100,100
0.842,3,0,3,6,3,0,8.86490398394891e-06,4.6438212769153e-06,9.27899604389906e-06,2.76995315327569e-06,3.83668476525491e-06,3.5045714542657e-06,100,100
0.843,3,0,4,6,3,0,8.89892102180546e-06,4.67650486620429e-06,9.2676808579661e-06,2.7957190628417e-06,3.85190434720216e-06,3.5310534922769e-06,100,100
0.844,3,0,4,6,3,0,8.93286302078086e-06,4.70760576954071e-06,9.25111298318939e-06,2.82071198173408e-06,3.8454620690605e-06,3.55380183430168e-06,100,100
0.845,3,0,4,6,3,0,8.96665897876071e-06,4.73706763656223e-06,9.23387964220869e-06,2.84492640373111e-06,3.83788662020384e-06,3.57283212528121e-06,100,100
0.846,3,0,4,6,3,0,9.00024619355919e-06,4.76483801302137e-06,9.21598990955019e-06,2.86835731375016e-06,3.82916415813917e-06,3.58817006221084e-06,100,100
0.847,3,0,4,6,3,0,9.03354847061017e-06,4.79086314417555e-06,9.19743444162102e-06,2.89100018832705e-06,3.81923302524329e-06,3.59986690801203e-06,100,100
0.848,3,0,4,6,3,0,9.06646993908317e-06,4.81509216415366e-06,9.17819411051146e-06,2.9128509956402e-06,3.80805401127061e-06,3.60798258446266e-06,100,100
0.849,3,0,4,6,3,0,9.09890913707838e-06,4.83748129132863e-06,9.15828082487917e-06,2.93390619507033e-06,3.79562163742697e-06,3.61259119128039e-06,100,100
0.85,3,0,4,6,3,0,9.13076568744323e-06,4.85799789685281e-06,9.13771502775436e-06,2.95416273628816e-06,3.78195559373879e-06,3.59978253844349e-06,100,100
0.851,4,0,4,6,3,0,9.16194366290358e-06,4.87661779539758e-06,9.11654215629461e-06,2.97361805786377e-06,3.75420303728191e-06,3.59541931366543e-06,100,100
0.852,4,0,4,6,3,0,9.19235756360143e-06,4.8933194978734e-06,9.09486293436e-06,2.99227008539297e-06,3.71144613918979e-06,3.59930307296725e-06,100,100
0.853,4,0,4,6,3,0,9.22192345105225e-06,4.90808523092806e-06,9.12083271480323e-06,3.01011722913742e-06,3.66750356850828e-06,3.60163029128952e-06,100,100
0.854,4,0,4,6,3,0,9.25058266398936e-06,4.92090179210005e-06,9.16822320147158e-06,3.02715838117692e-06,3.62251004348431e-06,3.60242445520527e-06,100,100
0.855,4,0,5,6,3,0,9.2783139139494e-06,4.93176709923538e-06,9.21541969265707e-06,3.04339291207373e-06,3.57661017091236e-06,3.60171675815702e-06,100,100
0.856,4,0,5,6,3,0,9.30504006727594e-06,4.94068965515564e-06,9.26227126883683e-06,3.06124309233442e-06,3.52993740543311e-06,3.5807207571084e-06,100,100
0.857,4,0,5,6,3,0,9.33062589192863e-06,4.94768175862898e-06,9.30857648486692e-06,3.07997583684976e-06,3.50652570628555e-06,3.57550425599836e-06,100,100
0.858,4,0,5,6,3,0,9.35497627105596e-06,4.95275968207855e-06,9.35413008606994e-06,3.09759991397209e-06,3.54911196004741e-06,3.56758108260783e-06,100,100
0.859,4,0,5,5,3,0,9.37803646464379e-06,4.95594414796298e-06,9.39879218392888e-06,3.11411909391625e-06,3.56684659872761e-06,3.55710388795175e-06,100,100
0.86,4,0,5,5,3,0,9.39973990643728e-06,4.95726390130456e-06,9.44248537577515e-06,3.12953773062385e-06,3.55886068753782e-06,3.54421301712401e-06,100,100
0.861,4,0,5,6,3,0,9.41999297124633e-06,4.95675272566989e-06,9.4565915485641e-06,3.14386075100886e-06,3.60158202473216e-06,3.52900488523148e-06,100,100
0.862,4,0,5,6,2,0,9.43869112070273e-06,4.9544435852567e-06,9.46313441116376e-06,3.15709364377911e-06,3.60394220122879e-06,3.51158444249132e-06,100,100
0.863,4,0,5,6,2,0,9.45572928953955e-06,4.95037233674098e-06,9.46954213424088e-06,3.16924244785064e-06,3.60053043698156e-06,3.49211142442585e-06,100,100
0.864,4,0,5,6,3,0,9.47103590713062e-06,4.94458088142221e-06,9.47574870272931e-06,3.18031374037286e-06,3.59675809264062e-06,3.48740569649626e-06,100,100
0.865,4,0,5,6,3,0,9.48461544856206e-06,4.93711063558524e-06,9.48168126431344e-06,3.19031462438338e-06,3.58961531894102e-06,3.51382162056052e-06,100,100
0.866,4,0,5,5,3,0,9.49648483411736e-06,4.92799958153067e-06,9.48730163438434e-06,3.19925271611224e-06,3.56997717037744e-06,3.53840982895107e-06,100,100
0.867,4,0,5,5,3,0,9.50662907005629e-06,4.91729207109527e-06,9.49259916793504e-06,3.20713613195594e-06,3.56421179191017e-06,3.54728932770398e-06,100,100
0.868,4,0,5,5,3,0,9.51504967118483e-06,4.90504481845999e-06,9.49754488059638e-06,3.21397347514259e-06,3.56738321110213e-06,3.52895981571196e-06,100,100
0.869,4,0,5,5,3,0,9.52174709521415e-06,4.89132293784629e-06,9.5009003072946e-06,3.21977382210998e-06,3.60267403765491e-06,3.51065546899836e-06,100,100
0.87,4,0,5,5,3,0,9.52670168985588e-06,4.87619313457284e-06,9.48575544355075e-06,3.22454670861873e-06,3.64052724641181e-06,3.51906916434651e-06,100,100
0.871,4,0,5,5,3,0,9.52990573114869e-06,4.85972077168832e-06,9.47040678228046e-06,3.22830211562356e-06,3.65436457202397e-06,3.53888124268077e-06,100,100
0.872,4,0,5,5,3,0,9.53135183656123e-06,4.84196725547906e-06,9.45488396262723e-06,3.23105045492567e-06,3.63879746652088e-06,3.55835914473247e-06,100,100
0.873,4,0,5,6,3,0,9.53102139882511e-06,4.82299054801363e-06,9.43919776625982e-06,3.23280255462972e-06,3.62297258310942e-06,3.57743865770407e-06,100,100
0.874,3,0,5,6,3,0,9.52888433205678e-06,4.80285167506968e-06,9.42335961438453e-06,3.23356964442901e-06,3.60730926575098e-06,3.59609208629024e-06,100,100
0.875,3,0,5,6,3,0,9.52492241743164e-06,4.78161456909834e-06,9.40742305873516e-06,3.23336334074269e-06,3.60914213045034e-06,3.61431211254289e-06,100,100
0.876,3,0,5,6,3,0,9.51913005334833e-06,4.77131549810609e-06,9.39144866414221e-06,3.23219563172863e-06,3.62622166250515e-06,3.63204026182953e-06,100,100
0.877,3,0,5,6,4,0,9.51147445340745e-06,4.76675082694229e-06,9.3755039951349e-06,3.23007886219581e-06,3.64290531110377e-06,3.63034008578381e-06,100,100
0.878,3,0,5,6,4,0,9.50191832524756e-06,4.76140995698734e-06,9.35965961336402e-06,3.22702571843968e-06,3.65837239830051e-06,3.62386887210807e-06,100,100
0.879,3,0,4,6,4,0,9.50595533146143e-06,4.75530260580528e-06,9.34393468073455e-06,3.22304921302408e-06,3.64204464827102e-06,3.61728888747372e-06,100,100
0.88,3,0,4,6,4,0,9.51133103992114e-06,4.748432936461e-06,9.33367383292855e-06,3.21816266953261e-06,3.65228008454292e-06,3.61063030867743e-06,100,100
0.881,3,0,4,6,4,0,9.51552908235431e-06,4.74080597627397e-06,9.33510652863389e-06,3.21237970731234e-06,3.66190939020241e-06,3.60393776998307e-06,100,100
0.882,3,0,4,6,4,0,9.51861388465317e-06,4.73147835270565e-06,9.33628134080177e-06,3.20571422623218e-06,3.65065150469341e-06,3.59726236665485e-06,100,100
0.883,3,0,4,6,4,0,9.52064150388516e-06,4.70710148075278e-06,9.33713572139607e-06,3.19818039147787e-06,3.63259911196563e-06,3.59067780439452e-06,100,100
0.884,3,0,4,6,4,0,9.52165095758107e-06,4.69783476489897e-06,9.33763879569156e-06,3.18979261840472e-06,3.61498876094536e-06,3.58428673586865e-06,100,100
0.885,3,0,4,6,4,0,9.52163073571405e-06,4.68986332852573e-06,9.33778415387418e-06,3.18056555746911e-06,3.59789174110154e-06,3.57817113068052e-06,100,100
0.886,3,0,4,6,4,0,9.52056494471778e-06,4.68161083225828e-06,9.3375609526114e-06,3.17051407925866e-06,3.58133460784686e-06,3.57236604521834e-06,100,100
0.887,3,0,4,6,4,0,9.51768260127935e-06,4.67309668663301e-06,9.33696351297513e-06,3.15965325964065e-06,3.57730190633935e-06,3.56689961072369e-06,100,100
0.888,3,0,4,6,4,0,9.50262791989384e-06,4.66434367411942e-06,9.33598994153691e-06,3.1479983650473e-06,3.58304765045569e-06,3.5617958622044e-06,100,100
0.889,3,0,4,6,4,0,9.48685238261195e-06,4.65537448482269e-06,9.33466053278245e-06,3.13940571536484e-06,3.58928489537712e-06,3.55706469462473e-06,100,100
0.89,3,0,4,6,4,0,9.47039554564784e-06,4.64621161488866e-06,9.33302592181152e-06,3.13023429130656e-06,3.59119374313017e-06,3.55272719254121e-06,100,100
0.891,3,0,4,6,4,0,9.45330885803883e-06,4.63687736026156e-06,9.3311297296471e-06,3.12049013309617e-06,3.58346270627854e-06,3.54881326889046e-06,100,100
0.892,3,0,4,6,4,0,9.44337708237865e-06,4.627390940537e-06,9.32900274918264e-06,3.11018449095749e-06,3.57590255238744e-06,3.54532643419307e-06,100,100
0.893,3,0,4,6,4,0,9.43793361016807e-06,4.61776884982465e-06,9.32663869780801e-06,3.09932872845965e-06,3.56848902727873e-06,3.54225712971273e-06,100,100
0.894,3,0,4,6,4,0,9.43193249204663e-06,4.60802492771116e-06,9.32398753678799e-06,3.0879343115508e-06,3.56121520995105e-06,3.53647480647364e-06,100,100
0.895,3,0,4,6,4,0,9.42532355516825e-06,4.59817332822557e-06,9.32101272622219e-06,3.07601279777108e-06,3.55257935649805e-06,3.52307067443129e-06,100,100
0.896,3,0,4,6,3,0,9.41811903436364e-06,4.588231447914e-06,9.31771928232797e-06,3.06357582565776e-06,3.53968679048746e-06,3.50547661356493e-06,100,100
0.897,3,0,4,6,3,0,9.41038440991781e-06,4.57821387312499e-06,9.3141540460084e-06,3.05063510435466e-06,3.52852700583927e-06,3.48785804365494e-06,100,100
0.898,3,0,4,6,3,0,9.40218090440997e-06,4.56812986752642e-06,9.31039688663058e-06,3.03720240343675e-06,3.5259623434939e-06,3.47016313249561e-06,100,100
0.899,3,0,4,6,3,0,9.3935054647893e-06,4.55798702391941e-06,9.30647465956381e-06,3.02328954296032e-06,3.5237877246081e-06,3.45238298840039e-06,100,100
0.9,3,0,4,6,2,0,9.38430864620956e-06,4.54778884813707e-06,9.30234146804577e-06,3.00890838374786e-06,3.52018535972469e-06,3.43455727622728e-06,100,100
0.901,3,0,4,6,2,0,9.37457210948419e-06,4.53753577109086e-06,9.29798031064102e-06,2.9940708179162e-06,3.51400632766258e-06,3.41671276560527e-06,100,100
0.902,3,0,4,6,2,0,9.36430516136067e-06,4.52722904074392e-06,9.29341097711323e-06,2.97878875965524e-06,3.50033455653108e-06,3.39887841731628e-06,100,100
0.903,3,0,4,5,2,0,9.35353152257598e-06,4.51687096969692e-06,9.28865068372782e-06,2.96307413626405e-06,3.47652771579704e-06,3.38108980865465e-06,100,100
0.904,3,0,4,5,2,0,9.34227381077022e-06,4.50646172864711e-06,9.28368642550488e-06,2.94693887945007e-06,3.45371201902783e-06,3.37211280843848e-06,100,100
0.905,3,0,4,5,2,0,9.33054852390342e-06,4.49599918660153e-06,9.27848772554571e-06,2.93039491689622e-06,3.43187918781633e-06,3.37546718441349e-06,100,100
0.906,3,0,4,4,2,0,9.31839987721987e-06,4.48548489212464e-06,9.27307061984203e-06,2.91345416410017e-06,3.41172276408898e-06,3.37798882916926e-06,100,100
0.907,3,0,4,4,2,0,9.30587594174822e-06,4.47492124041242e-06,9.26745915964411e-06,2.89612851648887e-06,3.41288661224198e-06,3.37971856515118e-06,100,100
0.908,3,0,4,4,2,0,9.29299965446454e-06,4.45725482422994e-06,9.26163049047264e-06,2.87842984181095e-06,3.41485452105483e-06,3.38070897139578e-06,100,100
0.909,3,0,4,4,2,0,9.27979017048569e-06,4.43603324427229e-06,9.25555328261086e-06,2.86036997280861e-06,3.41758700792193e-06,3.38098970021718e-06,100,100
0.91,3,0,4,4,2,0,9.26629618344423e-06,4.414438527888e-06,9.24921785548957e-06,2.84196070016998e-06,3.42101400594099e-06,3.38030447540859e-06,100,100
0.911,3,0,4,4,2,0,9.25259566879018e-06,4.39248950311371e-06,9.24264342941547e-06,2.82321376576232e-06,3.42508665426691e-06,3.37646875172153e-06,100,100
0.912,3,0,4,4,2,0,9.2387491840504e-06,4.37020265241149e-06,9.23584574925006e-06,2.80414085614541e-06,3.42978909721804e-06,3.38129621676988e-06,100,100
0.913,3,0,4,4,2,0,9.22481618046757e-06,4.34759503099652e-06,9.22883568250077e-06,2.78475359636425e-06,3.43509725438491e-06,3.38608967640832e-06,100,100
0.914,3,0,3,4,2,0,9.21088437354879e-06,4.32468427555873e-06,9.22163583804265e-06,2.76316965308112e-06,3.44100523854396e-06,3.39081703709241e-06,100,100
0.915,3,0,3,4,2,0,9.19699211376119e-06,4.30148863964495e-06,9.21423210610627e-06,2.73625038623778e-06,3.44708072968046e-06,3.39547269242257e-06,100,100
0.916,3,0,3,4,2,0,9.17936150848923e-06,4.2780268893483e-06,9.20658360913907e-06,2.70898238941866e-06,3.44272405955031e-06,3.39820735285494e-06,100,100
0.917,3,0,3,4,2,0,9.15539726641845e-06,4.25431822808111e-06,9.18882814155137e-06,2.68138122262868e-06,3.44528426900473e-06,3.39380252904936e-06,100,100
0.918,3,0,3,4,2,0,9.14185987998754e-06,4.23038516069793e-06,9.16719956875484e-06,2.65346231845112e-06,3.45808603842687e-06,3.38895881670881e-06,100,100
0.919,3,0,3,4,2,0,9.12764776016527e-06,4.20625318986941e-06,9.14572803508425e-06,2.62524097609286e-06,3.47116110937243e-06,3.3836218135793e-06,100,100
0.92,3,0,3,4,2,0,9.11281040644632e-06,4.18194468466098e-06,9.12443618684648e-06,2.59673235573644e-06,3.47253037403547e-06,3.37773745677314e-06,100,100
0.921,3,0,3,4,2,0,9.0974278494904e-06,4.15747873753316e-06,9.10332437497981e-06,2.56409110747476e-06,3.46033802095953e-06,3.37129159302773e-06,100,100
0.922,3,0,3,4,2,0,9.08160797687792e-06,4.13287393278565e-06,9.08236452093678e-06,2.52785433388653e-06,3.43142324185907e-06,3.36429561923885e-06,100,100
0.923,3,0,3,4,2,0,9.06545879163689e-06,4.10814558105562e-06,9.06151768968724e-06,2.4913257808033e-06,3.38870986765565e-06,3.35676350239137e-06,100,100
0.924,3,0,3,4,2,0,9.04904639655677e-06,4.08330871828072e-06,9.04074954620194e-06,2.45452403676194e-06,3.36485124560386e-06,3.34870206123898e-06,100,100
0.925,3,0,3,4,2,0,9.0324257221014e-06,4.05838344252587e-06,9.02003234037174e-06,2.41746748258468e-06,3.34057030586948e-06,3.34016544207602e-06,100,100
0.926,3,0,3,4,2,0,9.01565475297058e-06,4.0333889931045e-06,8.99934945561916e-06,2.38017428626909e-06,3.31561691327811e-06,3.33124968325007e-06,100,100
0.927,3,0,3,4,2,0,8.99879433596694e-06,4.00834400235967e-06,8.97869258074354e-06,2.34266239819107e-06,3.30012541484752e-06,3.3220102575017e-06,100,100
0.928,3,0,3,4,2,0,8.981897621773e-06,3.98326929321794e-06,8.95807270837506e-06,2.30494954661298e-06,3.28364573006955e-06,3.31245200673073e-06,100,100
0.929,3,0,3,4,2,0,8.96497493784033e-06,3.97115955751801e-06,8.93751929712229e-06,2.26705323348875e-06,3.27471752575121e-06,3.3056792584084e-06,100,100
0.93,3,0,3,4,2,0,8.94802078291891e-06,3.96277501925524e-06,8.91704526312146e-06,2.22899073055753e-06,3.2600657317675e-06,3.30524109948311e-06,100,100
0.931,3,0,3,4,2,0,8.93106159728677e-06,3.95425966884689e-06,8.8966583607218e-06,2.19077907571766e-06,3.23602530479198e-06,3.30474541031778e-06,100,100
0.932,3,0,3,4,2,0,8.91413652344542e-06,3.94560619956796e-06,8.87637521373998e-06,2.152435069672e-06,3.19937653237112e-06,3.30064534347276e-06,100,100
0.933,3,0,3,4,2,0,8.90788337218143e-06,3.93680824478702e-06,8.85621840341281e-06,2.12437041911857e-06,3.1797575352326e-06,3.29592525072001e-06,100,100
0.934,3,0,3,4,2,0,8.90888110316976e-06,3.92786303022767e-06,8.83622097415424e-06,2.10105025136715e-06,3.16163385257026e-06,3.29131318378116e-06,100,100
0.935,3,0,3,4,2,0,8.9101940440158e-06,3.91877089834997e-06,8.81640343176767e-06,2.07764486915036e-06,3.14285588955532e-06,3.28684278825524e-06,100,100
0.936,3,0,3,4,2,0,8.91181392589227e-06,3.90953225636177e-06,8.80671990368603e-06,2.04706025292588e-06,3.12346457820684e-06,3.28252838329043e-06,100,100
0.937,3,0,3,4,2,0,8.91373321780658e-06,3.90014748037798e-06,8.79945093559439e-06,2.00830683677573e-06,3.10349013428591e-06,3.27838176455251e-06,100,100
0.938,3,0,3,4,2,0,8.9159469318283e-06,3.8906168176272e-06,8.79282932839863e-06,1.96950934014955e-06,3.08295207852493e-06,3.27440831714373e-06,100,100
0.939,3,0,3,4,2,0,8.91846118973482e-06,3.8809403677717e-06,8.78683958588048e-06,1.93068295269548e-06,3.07236988464335e-06,3.27060228797261e-06,100,100
0.94,3,0,3,4,2,0,8.9212687923599e-06,3.87111825488584e-06,8.78146490341482e-06,1.89184260947668e-06,3.06527116385686e-06,3.26697227075347e-06,100,100
0.941,3,0,3,4,2,0,8.92433063104476e-06,3.86115084159822e-06,8.77668267488893e-06,1.8530029895687e-06,3.05788130091837e-06,3.2635293006093e-06,100,100
0.942,2,0,3,4,2,0,8.92760257673795e-06,3.85104134158913e-06,8.77248168920014e-06,1.81417851484399e-06,3.05023836036472e-06,3.26028476278947e-06,100,100
0.943,2,0,3,4,2,0,8.9310532091826e-06,3.85999554770687e-06,8.76884472277741e-06,1.77538334893508e-06,3.04236560775607e-06,3.25725795849171e-06,100,100
0.944,2,0,3,4,2,0,8.93466541878985e-06,3.87475769241792e-06,8.76574377778959e-06,1.73663139636803e-06,3.03426930555468e-06,3.25445193687723e-06,100,100
0.945,2,0,3,4,2,0,8.93844555893541e-06,3.88943547054969e-06,8.76316666134248e-06,1.69793630185793e-06,3.02594889965675e-06,3.25188229167789e-06,100,100
0.946,2,0,3,4,2,0,8.94239556707725e-06,3.90401909276915e-06,8.76106174225862e-06,1.65931144975855e-06,3.01446018497946e-06,3.24957629744582e-06,100,100
0.947,2,0,3,4,1,0,8.9464911811813e-06,3.91849881950489e-06,8.75119254292999e-06,1.6207699636585e-06,2.9976369549877e-06,3.24753938749096e-06,100,100
0.948,2,0,3,4,1,0,8.95070345749442e-06,3.93286717317162e-06,8.74187992306475e-06,1.58232470611667e-06,2.98071572105806e-06,3.24576694614459e-06,100,100
0.949,2,0,3,4,1,0,8.95501605794557e-06,3.94711630833317e-06,8.73310011012883e-06,1.54398827852978e-06,2.96372476596797e-06,3.24426460817103e-06,100,100
0.95,2,0,3,4,1,0,8.95941492995253e-06,3.96123825787963e-06,8.72482555032773e-06,1.50577302112583e-06,2.9466914343841e-06,3.24305497569851e-06,100,100
0.951,2,0,3,4,1,0,8.96385575644887e-06,3.97522514482353e-06,8.71702355192176e-06,1.46769101307712e-06,2.92967050475889e-06,3.24214143943244e-06,100,100
0.952,2,0,3,4,1,0,8.96828761530619e-06,3.97778501876487e-06,8.70969762580401e-06,1.42975407272733e-06,2.91271590807217e-06,3.24149082585857e-06,100,100
0.953,2,0,3,4,1,0,8.97267985259045e-06,3.97010433301239e-06,8.70290268820859e-06,1.39197375792758e-06,2.89582649154661e-06,3.24107790312088e-06,100,100
0.954,2,0,3,4,1,0,8.97699935224575e-06,3.96233385202478e-06,8.69668444828604e-06,1.35436136647696e-06,2.87966642486625e-06,3.24089393006777e-06,100,100
0.955,2,0,3,4,1,0,8.98121406967651e-06,3.95447457517481e-06,8.6910490234948e-06,1.31692793666344e-06,2.87181163061059e-06,3.24092643157324e-06,100,100
0.956,2,0,3,4,1,0,8.98526941248807e-06,3.946532693916e-06,8.68596508403466e-06,1.2851860618071e-06,2.86443566307918e-06,3.24115463173559e-06,100,100
0.957,2,0,3,3,1,0,8.98908756911535e-06,3.9385150591468e-06,8.68139008777817e-06,1.25519733771451e-06,2.85700873901527e-06,3.24152454218148e-06,100,100
0.958,2,0,3,3,1,0,8.99260606474256e-06,3.93042949402786e-06,8.67729014184406e-06,1.22536123105736e-06,2.84947649287072e-06,3.24196422546844e-06,100,100
0.959,2,0,2,3,1,0,8.98852308590972e-06,3.92228707682524e-06,8.67364669479792e-06,1.19568558080624e-06,2.84180100268597e-06,3.24239370545108e-06,100,100
0.96,2,0,2,3,1,0,8.9746124776036e-06,3.91409932580716e-06,8.67045939988351e-06,1.16617802780135e-06,2.83395286957572e-06,3.24271723067186e-06,100,100
0.961,2,0,2,3,1,0,8.96129285951005e-06,3.90587799702822e-06,8.6677094330008e-06,1.14690375305845e-06,2.82590552470564e-06,3.24286607763734e-06,100,100
0.962,2,0,2,3,1,0,8.94849866806268e-06,3.89763497762803e-06,8.66535545948344e-06,1.13434400079571e-06,2.81761361500609e-06,3.24278772693492e-06,100,100
0.963,2,0,2,3,1,0,8.93616320161165e-06,3.88937990054288e-06,8.66336250345659e-06,1.12820387662475e-06,2.80903406677987e-06,3.24241225298499e-06,100,100
0.964,2,0,2,2,1,0,8.92422335523587e-06,3.89405871871281e-06,8.6616969679113e-06,1.13393347202711e-06,2.80012300441893e-06,3.2416682869545e-06,100,100
0.965,2,0,2,2,1,0,8.91264795240541e-06,3.90830238262803e-06,8.66034846125394e-06,1.14364301704768e-06,2.79082237645781e-06,3.24050447384113e-06,100,100
0.966,2,0,2,2,1,0,8.90143616667983e-06,3.9225643683725e-06,8.65933269512482e-06,1.15320143813524e-06,2.78110432757714e-06,3.23890428541708e-06,100,100
0.967,2,0,2,3,1,0,8.89054853399903e-06,3.93682321395433e-06,8.65862154368979e-06,1.16260601555065e-06,2.77325118723911e-06,3.23092104456908e-06,100,100
0.968,2,0,2,3,1,0,8.87989172828898e-06,3.95105599595098e-06,8.65812320863937e-06,1.17185411574529e-06,2.78153355625506e-06,3.22173736342923e-06,100,100
0.969,2,0,2,3,1,0,8.86935727388518e-06,3.96524101466845e-06,8.65772958398845e-06,1.18094318940883e-06,2.78899460883682e-06,3.21175339852511e-06,100,100
0.97,2,0,2,3,1,0,8.85884837098597e-06,3.97304727177692e-06,8.65735431734229e-06,1.18987076947628e-06,2.79559841405157e-06,3.20095260664824e-06,100,100
0.971,2,0,1,3,1,0,8.84828197613713e-06,3.97993610930651e-06,8.65694573300708e-06,1.19863446910317e-06,2.80131416360135e-06,3.18931624662588e-06,100,100
0.972,2,0,1,3,1,0,8.83759189084461e-06,3.98676071492424e-06,8.65646671550287e-06,1.20723197961764e-06,2.80539356958265e-06,3.17681666995091e-06,100,100
0.973,2,0,1,3,1,0,8.82671355870152e-06,3.99351515473978e-06,8.65589184231415e-06,1.21566106845791e-06,2.79511887381052e-06,3.16344598111213e-06,100,100
0.974,2,0,1,3,1,0,8.81557265686798e-06,4.00019396225301e-06,8.65521172293547e-06,1.22391957710343e-06,2.78465914809998e-06,3.14920414998091e-06,100,100
0.975,2,0,1,3,1,0,8.80411737546625e-06,4.00678783226033e-06,8.65441576219749e-06,1.23200541900751e-06,2.77401356256193e-06,3.13408266521879e-06,100,100
0.976,2,0,1,3,1,0,8.79230563768749e-06,4.01328624096323e-06,8.65349598018346e-06,1.2399165775388e-06,2.76316754945503e-06,3.11809812750482e-06,100,100
0.977,2,0,1,3,1,0,8.7800713850333e-06,4.01968210772861e-06,8.65244942461814e-06,1.24765110393861e-06,2.76440931037317e-06,3.1043651968891e-06,100,100
0.978,2,0,1,3,1,0,8.76735816517957e-06,4.02596948663094e-06,8.65127319871227e-06,1.25520711530021e-06,2.7974131227814e-06,3.10345599096979e-06,100,100
0.979,2,0,1,3,1,0,8.75413798803697e-06,4.03214322471396e-06,8.64994490688669e-06,1.26258279257611e-06,2.84242904044283e-06,3.10192249482458e-06,100,100
0.98,2,0,1,2,1,0,8.74037243888033e-06,4.03819840879415e-06,8.64841927656731e-06,1.26977637861819e-06,2.88733749760444e-06,3.1079339760233e-06,100,100
0.981,2,0,1,2,1,0,8.72599861708881e-06,4.04412795329804e-06,8.64666158938896e-06,1.26705195615774e-06,2.91193021768286e-06,3.12410262851799e-06,100,100
0.982,2,0,1,2,1,0,8.7109477025089e-06,4.04992498619608e-06,8.64463672241337e-06,1.26062888583909e-06,2.91705753693113e-06,3.14048009819679e-06,100,100
0.983,2,0,1,2,1,0,8.69515524900538e-06,4.05558311915761e-06,8.64228959656958e-06,1.26247898857298e-06,2.91482212258246e-06,3.15705111214005e-06,100,100
0.984,2,0,1,2,1,0,8.67857943444562e-06,4.06109466046024e-06,8.63956850152186e-06,1.26942833035178e-06,2.91254369837791e-06,3.17383026766923e-06,100,100
0.985,2,0,1,2,1,0,8.66120554340761e-06,4.06645311308484e-06,8.63641678384196e-06,1.27628153968771e-06,2.91030831327628e-06,3.19082980308562e-06,100,100
0.986,2,0,1,2,1,0,8.64301479810813e-06,4.07165325406972e-06,8.63275960422314e-06,1.28303767330516e-06,2.90820901284055e-06,3.20802791399153e-06,100,100
0.987,2,0,1,2,1,0,8.62397669985794e-06,4.07668905495457e-06,8.6285304842148e-06,1.28969582875002e-06,2.90634251053821e-06,3.22224731223682e-06,100,100
0.988,2,0,1,2,1,0,8.60407692751663e-06,4.07657791768802e-06,8.62369211808689e-06,1.29625514342065e-06,2.90309658263735e-06,3.22601499843016e-06,100,100
0.989,2,0,1,2,1,0,8.58333846856913e-06,4.07410410678811e-06,8.61821082880689e-06,1.30271479359591e-06,2.89172931092697e-06,3.22931666687433e-06,100,100
0.99,2,0,1,2,1,0,8.5618092233692e-06,4.07126890307652e-06,8.61204165557165e-06,1.30907399346145e-06,2.88072691303766e-06,3.2321132155197e-06,100,100
0.991,2,0,1,2,1,0,8.53953440417142e-06,4.06806908121791e-06,8.60516524815139e-06,1.31533199413527e-06,2.87018478770559e-06,3.23437339414138e-06,100,100
0.992,2,0,1,2,1,0,8.51657312307643e-06,4.06450588166078e-06,8.59758139969646e-06,1.3214880826937e-06,2.86670884351794e-06,3.22793768514152e-06,100,100
0.993,2,0,1,2,1,0,8.49301580908267e-06,4.06058443312595e-06,8.58928303310998e-06,1.3275415811987e-06,2.86823629729848e-06,3.21851276168718e-06,100,100
0.994,2,0,1,2,1,0,8.46895047517264e-06,4.0563113119514e-06,8.58026907565248e-06,1.33349184572749e-06,2.86950770958012e-06,3.20829228785444e-06,100,100
0.995,2,0,1,2,1,0,8.4444692279484e-06,4.05169435743578e-06,8.57055968053918e-06,1.3393382654055e-06,2.87059027285372e-06,3.19722049286507e-06,100,100
0.996,2,0,1,2,1,0,8.41967855381965e-06,4.0467424052733e-06,8.56018106481073e-06,1.3450802614434e-06,2.87154938193467e-06,3.18524119347576e-06,100,100
0.997,2,0,1,2,1,0,8.39466979666093e-06,4.04146295307156e-06,8.54914309690437e-06,1.35071728617926e-06,2.88481238344303e-06,3.17230252951625e-06,100,100
0.998,1,0,1,2,1,0,8.3695062978656e-06,4.0358599452226e-06,8.53744637441413e-06,1.35624882212649e-06,2.91475240895715e-06,3.15837415465785e-06,100,100
0.999,1,0,1,2,1,0,8.3442328793209e-06,4.02993576233919e-06,8.52509758532344e-06,1.36167438102851e-06,2.93466190133953e-06,3.14342740576105e-06,100,100
1,1,0,1,2,1,0,8.31889875289274e-06,4.02369530173678e-06,8.51211317995469e-06,1.36699350292091e-06,2.93998286588212e-06,3.13831481537964e-06,100,100
1.001,1,0,1,2,1,0,8.29353704252979e-06,4.0171480206544e-06,8.49850229822638e-06,1.37220575520181e-06,2.93500439721934e-06,3.16612621222552e-06,100,100
1.002,1,0,1,2,1,0,8.27119733696169e-06,4.01030181070667e-06,8.48426138019379e-06,1.37731073171123e-06,2.91458250404033e-06,3.19443159890669e-06,100,100
1.003,1,0,1,2,1,0,8.25937283643331e-06,4.00316097224312e-06,8.46938168915615e-06,1.38171430433415e-06,2.89844644835103e-06,3.184242815303e-06,100,100
1.004,1,0,1,2,1,0,8.24678308583225e-06,3.99573220931064e-06,8.45384589091953e-06,1.3841415698359e-06,2.88297366726705e-06,3.15826479614332e-06,100,100
1.005,1,0,1,2,1,0,8.23339528204644e-06,3.98802471332036e-06,8.43762136993158e-06,1.38635814227689e-06,2.91315749125325e-06,3.13818095191122e-06,100,100
1.006,1,0,1,2,1,0,8.2191952878909e-06,3.98005050457106e-06,8.42069413643555e-06,1.38836333728251e-06,2.95000383681157e-06,3.12620836393613e-06,100,100
1.007,1,0,1,2,1,0,8.2042296369133e-06,3.97182254450444e-06,8.40311083500872e-06,1.39015649617891e-06,2.98811093989163e-06,3.11367299831204e-06,100,100
1.008,1,0,1,2,2,0,8.1885656850081e-06,3.96335261806864e-06,8.38493891244037e-06,1.39173698589312e-06,3.03785057731277e-06,3.10051493174331e-06,100,100
1.009,1,0,1,2,2,0,8.17225780641801e-06,3.9546530288494e-06,8.36623281902411e-06,1.3931041976844e-06,3.06268661395773e-06,3.08667477897128e-06,100,100
1.01,1,0,1,2,2,0,8.15535623552376e-06,3.94573428723476e-06,8.36067663135337e-06,1.39425754649529e-06,3.07167619826032e-06,3.07971132455167e-06,100,100
1.011,1,0,1,2,2,0,8.1385661460518e-06,3.93660507790258e-06,8.36957772789689e-06,1.39519647020611e-06,3.08050208643866e-06,3.09678397134429e-06,100,100
1.012,1,0,1,2,2,0,8.12349872174143e-06,3.92727428641656e-06,8.37865506581122e-06,1.3959204289119e-06,3.11530900220654e-06,3.11313752865252e-06,100,100
1.013,1,0,1,2,2,0,8.10789594799255e-06,3.91775301312002e-06,8.38790303164133e-06,1.39642890422172e-06,3.14342092538063e-06,3.12879120441826e-06,100,100
1.014,1,0,1,2,2,0,8.09181304367586e-06,3.90805469364755e-06,8.39731547729261e-06,1.39672139858026e-06,3.17182176489933e-06,3.14517565893544e-06,100,100
1.015,1,0,1,2,2,0,8.07528628718579e-06,3.89819132220638e-06,8.40687010398666e-06,1.39679743461198e-06,3.20802396898388e-06,3.1851481039964e-06,100,100
1.016,1,0,1,2,2,0,8.05833594653421e-06,3.88817348094694e-06,8.41654850637038e-06,1.39665655448802e-06,3.2449727877015e-06,3.23986386037014e-06,100,100
1.017,1,0,1,2,2,0,8.04098605672058e-06,3.87801408126168e-06,8.42635714591314e-06,1.3962983193162e-06,3.28244476034741e-06,3.29551774309811e-06,100,100
1.018,1,0,1,2,2,0,8.0232701359175e-06,3.86772818047788e-06,8.43631495464593e-06,1.39572230855475e-06,3.29751484269638e-06,3.33787600260668e-06,100,100
1.019,1,0,1,2,2,0,8.00522771254293e-06,3.85732890990881e-06,8.44645317947535e-06,1.39492811945034e-06,3.31447177699286e-06,3.35986894571577e-06,100,100
1.02,1,0,1,2,2,0,7.98688467271774e-06,3.84682713805245e-06,8.45681068438918e-06,1.39391536650103e-06,3.32041057066941e-06,3.37964885780837e-06,100,100
1.021,1,0,1,2,2,0,7.96823816183306e-06,3.83623312110661e-06,8.46740264555393e-06,1.39268368094506e-06,3.3259089100643e-06,3.40410268897967e-06,100,100
1.022,1,0,1,2,2,0,7.94928184572892e-06,3.82555661305125e-06,8.47824754191533e-06,1.3912327102763e-06,3.33089154992175e-06,3.42938025047436e-06,100,100
1.023,1,0,1,2,2,0,7.93002484927238e-06,3.81480531787575e-06,8.4893876322087e-06,1.3895621177873e-06,3.32745495992839e-06,3.4555001029497e-06,100,100
1.024,1,0,1,2,2,0,7.92695114717786e-06,3.80398524552097e-06,8.50085670174553e-06,1.38767158214089e-06,3.31648040705901e-06,3.4824615509455e-06,100,100
1.025,1,0,1,2,2,0,7.93539910333007e-06,3.79310475224558e-06,8.51266302923998e-06,1.38556079697151e-06,3.33271833172538e-06,3.51025903772533e-06,100,100
1.026,1,0,1,2,2,0,7.94337277958208e-06,3.78217465340545e-06,8.52479014348591e-06,1.38322947051723e-06,3.34379416730655e-06,3.53888976713011e-06,100,100
1.027,1,0,1,2,2,0,7.95080907853516e-06,3.77120830347745e-06,8.53723905579156e-06,1.38067732528366e-06,3.34509182103105e-06,3.54522634111839e-06,100,100
1.028,1,0,1,2,2,0,7.95767986019146e-06,3.76022144907122e-06,8.55004361617414e-06,1.3779040977408e-06,3.35895391973412e-06,3.53200900192056e-06,100,100
1.029,1,0,1,2,2,0,7.96395506967919e-06,3.75423618187762e-06,8.56322764873576e-06,1.37490953805416e-06,3.37169576209315e-06,3.51883220597277e-06,100,100
1.03,1,0,0,2,2,0,7.96959129553719e-06,3.74863637625712e-06,8.5767970257977e-06,1.37169340985114e-06,3.38327403638945e-06,3.50572708727601e-06,100,100
1.031,1,0,0,2,2,0,7.97455078780689e-06,3.74240999587635e-06,8.59074167100417e-06,1.36825549002394e-06,3.35561519683575e-06,3.4927458960764e-06,100,100
1.032,1,0,0,2,2,0,7.97881265368823e-06,3.73555661321485e-06,8.61673214552842e-06,1.36459556857017e-06,3.33468342399203e-06,3.47994850556718e-06,100,100
1.033,1,0,0,2,2,0,7.98235693823922e-06,3.7280757076853e-06,8.6552368953112e-06,1.36071344847225e-06,3.32949723543481e-06,3.46736455928531e-06,100,100
1.034,1,0,0,2,2,0,7.98514885562729e-06,3.71996868985255e-06,8.68778432044302e-06,1.35816765060457e-06,3.32329145026544e-06,3.47824247145438e-06,100,100
1.035,1,0,0,2,2,0,7.97002639867755e-06,3.71123902376459e-06,8.69325077040863e-06,1.3565960407705e-06,3.31609194477846e-06,3.47833617410922e-06,100,100
1.036,1,0,0,2,2,0,7.94776172004095e-06,3.7018924481347e-06,8.69765380702487e-06,1.35469061918596e-06,3.30789739384205e-06,3.47800071734696e-06,100,100
1.037,1,0,0,2,2,0,7.9246677463967e-06,3.69193709529398e-06,8.70103774922658e-06,1.35245131812713e-06,3.29870976799256e-06,3.47721092427916e-06,100,100
1.038,1,0,0,2,2,0,7.90071307830487e-06,3.68138533325e-06,8.70344484556452e-06,1.3498780875217e-06,3.28854924968745e-06,3.47594145738233e-06,100,100
1.039,1,0,0,2,2,0,7.87587188182094e-06,3.67025193087463e-06,8.70489592304278e-06,1.34742283802677e-06,3.28077948689499e-06,3.47209763785708e-06,100,100
1.04,1,0,0,2,2,0,7.85014638795806e-06,3.65854856252599e-06,8.70541624728839e-06,1.34963950591081e-06,3.29948630225709e-06,3.42270903867178e-06,100,100
1.041,1,0,0,2,2,0,7.82355769826953e-06,3.64628732095343e-06,8.70505541591153e-06,1.35152663639194e-06,3.31998301625314e-06,3.37293011601388e-06,100,100
1.042,1,0,0,2,2,0,7.79613299321285e-06,3.63348397396936e-06,8.70386861377021e-06,1.35308454825364e-06,3.33863527221586e-06,3.33379844950839e-06,100,100
1.043,1,0,0,2,2,0,7.76791418069954e-06,3.62310692993626e-06,8.70191539355842e-06,1.35431357224425e-06,3.32339976857917e-06,3.31324124258005e-06,100,100
1.044,1,0,0,2,2,0,7.73894277236439e-06,3.61308358602257e-06,8.69924389000832e-06,1.35887856420127e-06,3.33494265269977e-06,3.32501619589624e-06,100,100
1.045,1,0,0,2,2,0,7.73954722619489e-06,3.6027375847081e-06,8.69589159301551e-06,1.36328534188735e-06,3.34772028171362e-06,3.34668795994487e-06,100,100
1.046,1,0,0,2,2,0,7.75846580952162e-06,3.59206553948905e-06,8.69191063886812e-06,1.36748030309303e-06,3.31405888375637e-06,3.34583121178862e-06,100,100
1.047,1,0,0,2,2,0,7.77804914437063e-06,3.5810659033946e-06,8.6873607157892e-06,1.37146397727358e-06,3.30143544782149e-06,3.33473487084827e-06,100,100
1.048,1,0,0,2,2,0,7.7982639002975e-06,3.56974105801076e-06,8.68228126731472e-06,1.37523689578709e-06,3.34096910968145e-06,3.35578868812193e-06,100,100
1.049,1,0,0,2,2,0,7.81908305364649e-06,3.55809576490352e-06,8.67670583352343e-06,1.37789509117609e-06,3.38162582924986e-06,3.38256176403753e-06,100,100
1.05,1,0,0,2,2,0,7.84048004402412e-06,3.54613370544404e-06,8.67069110661822e-06,1.37659770813832e-06,3.40873139861588e-06,3.3923400985724e-06,100,100
1.051,1,0,0,2,2,0,7.87698331897007e-06,3.53780802357855e-06,8.66429567170358e-06,1.37497457229101e-06,3.410016281161e-06,3.40221524684611e-06,100,100
1.052,1,0,0,2,2,0,7.91705665044331e-06,3.53427638913254e-06,8.6575756018489e-06,1.37661200759933e-06,3.4191660750309e-06,3.40301493665889e-06,100,100
1.053,1,0,0,2,2,0,7.92447012108117e-06,3.53071586927759e-06,8.6505961660008e-06,1.37941100750524e-06,3.47015554763639e-06,3.39588774674198e-06,100,100
1.054,1,0,0,2,2,0,7.92646721587744e-06,3.52711820062014e-06,8.64340901381094e-06,1.38209825770849e-06,3.48151296079271e-06,3.38862102333695e-06,100,100
1.055,1,0,0,2,2,0,7.92684280607091e-06,3.52347326310704e-06,8.63605557538762e-06,1.38467385990505e-06,3.4719074606787e-06,3.3989406272938e-06,100,100
1.056,1,0,0,2,2,0,7.92559603162601e-06,3.51976746881229e-06,8.62859019186872e-06,1.38713791871201e-06,3.42233110245196e-06,3.43208371904526e-06,100,100
1.057,1,0,0,2,2,0,7.92272243083024e-06,3.51598754856687e-06,8.6210769825012e-06,1.38949054184303e-06,3.37349267369164e-06,3.46456600395314e-06,100,100
1.058,1,0,0,2,2,0,7.91823385926259e-06,3.51212425304081e-06,8.61358305410701e-06,1.39173184031334e-06,3.33795755652976e-06,3.49636943421169e-06,100,100
1.059,1,0,0,2,2,0,7.91216913881343e-06,3.50817059947707e-06,8.60567050966641e-06,1.39386192867408e-06,3.31704197946839e-06,3.52747949629993e-06,100,100
1.06,1,0,0,2,2,0,7.90456057611914e-06,3.50481052662776e-06,8.595906013582e-06,1.39588092527535e-06,3.29753215955773e-06,3.55608572481288e-06,100,100
1.061,1,0,0,2,3,0,7.91348282757559e-06,3.50647017420812e-06,8.58657739429785e-06,1.39778895255791e-06,3.2794179902479e-06,3.53613471183392e-06,100,100
1.062,1,0,0,2,3,0,7.94247763890146e-06,3.50826743188738e-06,8.59883154374923e-06,1.3995861373728e-06,3.26755337807669e-06,3.51663916061761e-06,100,100
1.063,1,0,0,2,3,0,7.9715420399792e-06,3.51019890284164e-06,8.63073989342065e-06,1.40127261132859e-06,3.26883974420059e-06,3.49766389791794e-06,100,100
1.064,1,0,0,2,3,0,8.00062394099566e-06,3.51226210863646e-06,8.6632908180984e-06,1.40284851116574e-06,3.28854848692375e-06,3.49182264966224e-06,100,100
1.065,1,0,0,2,3,0,8.02964387223904e-06,3.5144500881127e-06,8.6816140760486e-06,1.40431397915745e-06,3.30755534860832e-06,3.50445611461017e-06,100,100
1.066,1,0,0,3,3,0,8.05852748500531e-06,3.5167533907744e-06,8.69437312792178e-06,1.40401934760273e-06,3.30045154028949e-06,3.5163693470561e-06,100,100
1.067,1,0,0,3,3,0,8.08723292890294e-06,3.51916387377896e-06,8.70872830316301e-06,1.39109234236131e-06,3.28662737657649e-06,3.52756642385962e-06,100,100
1.068,1,0,0,4,3,0,8.11573014360272e-06,3.52167483599112e-06,8.72457963117307e-06,1.37731855719591e-06,3.27257312085744e-06,3.53804914785301e-06,100,100
1.069,1,0,0,4,3,0,8.14400989216161e-06,3.52428124078392e-06,8.74178541298115e-06,1.36311430888164e-06,3.24987423767959e-06,3.53073352025464e-06,100,100
1.07,1,0,0,4,3,0,8.17206879721431e-06,3.52697985431704e-06,8.76017534122348e-06,1.34848076578675e-06,3.22886312202669e-06,3.52257863293506e-06,100,100
1.071,1,0,0,4,3,0,8.19987667562222e-06,3.52976921079392e-06,8.77956865995166e-06,1.33341916496636e-06,3.20685929138009e-06,3.52352149897562e-06,100,100
1.072,0,0,0,4,3,0,8.22739126243184e-06,3.53264939767976e-06,8.79976752859492e-06,1.31793081519808e-06,3.18388658429119e-06,3.52925933456706e-06,100,100
1.073,0,0,1,4,3,0,8.25454709505076e-06,3.53562172292763e-06,8.82057369377694e-06,1.30201710008714e-06,3.15997963365746e-06,3.54356294395829e-06,100,100
1.074,0,0,1,3,3,0,8.28126063888536e-06,3.53868832276261e-06,8.84179614439845e-06,1.28567948123746e-06,3.13516717960533e-06,3.55701480988414e-06,100,100
1.075,0,0,1,3,3,0,8.30746515263334e-06,3.54184991620027e-06,8.86324016315713e-06,1.26891950148511e-06,3.10946500425188e-06,3.58793459671916e-06,100,100
1.076,0,0,1,3,3,0,8.33309645609919e-06,3.54510369483032e-06,8.88470286471643e-06,1.25173878819036e-06,3.0828956564012e-06,3.61757256641355e-06,100,100
1.077,0,0,1,3,3,0,8.35806211941019e-06,3.54844507327947e-06,8.90598884783076e-06,1.2341390565844e-06,3.05548863644836e-06,3.65059246596515e-06,100,100
1.078,0,0,1,3,3,0,8.39738693116406e-06,3.55187131147231e-06,8.92691654238427e-06,1.21612211316688e-06,3.01685164966982e-06,3.6811180789965e-06,100,100
1.079,0,0,1,3,3,0,8.47226075514242e-06,3.55538130473656e-06,8.94730242868844e-06,1.20312757509266e-06,2.95311868235242e-06,3.70911484389033e-06,100,100
1.08,0,0,1,3,3,0,8.54687938492357e-06,3.55897158287436e-06,8.96697188657743e-06,1.20564177758203e-06,2.92322236350337e-06,3.73457225546646e-06,100,100
1.081,0,0,1,3,3,0,8.61069043718688e-06,3.56263815776313e-06,8.99616704272145e-06,1.20812882735713e-06,2.92139452378075e-06,3.75749517641724e-06,100,100
1.082,0,0,1,3,3,0,8.66578373627463e-06,3.56637847263159e-06,9.03246778796659e-06,1.21058834106117e-06,2.919813759751e-06,3.7534921411289e-06,100,100
1.083,0,0,1,3,3,0,8.72055596518977e-06,3.57018770387198e-06,9.06715992293401e-06,1.21301993457344e-06,2.91847736629219e-06,3.74321745963341e-06,100,100
1.084,0,0,1,3,3,0,8.77488397336618e-06,3.57406079020307e-06,9.10008259536407e-06,1.21542322314843e-06,2.91928374570768e-06,3.73143400273506e-06,100,100
1.085,0,0,1,3,2,0,8.82864132454158e-06,3.57799423085869e-06,9.13108084715347e-06,1.21779782157445e-06,2.913691592716e-06,3.73616225655232e-06,100,100
1.086,0,0,1,3,2,0,8.88171033377392e-06,3.58198212563521e-06,9.15999330591717e-06,1.2201433443519e-06,2.90609100556591e-06,3.74438241576151e-06,100,100
1.087,0,0,1,3,2,0,8.93398770382204e-06,3.58601424554144e-06,9.18712522487483e-06,1.22245940589129e-06,2.89823643938354e-06,3.75039233012596e-06,100,100
1.088,0,0,1,2,2,0,8.98539216684957e-06,3.59007594520762e-06,9.21726945253217e-06,1.224745620731e-06,2.89010720639152e-06,3.75415702707775e-06,100,100
1.089,0,0,1,2,2,0,9.03584812747006e-06,3.59415199254696e-06,9.24564750430832e-06,1.22700160377484e-06,2.8817093441012e-06,3.73752755196181e-06,100,100
1.09,0,0,1,2,2,0,9.07168140231243e-06,3.59823248849326e-06,9.27220399786762e-06,1.22922697054931e-06,2.87304963004926e-06,3.69427782311978e-06,100,100
1.091,0,0,1,2,2,0,9.05282144362008e-06,3.6023130452747e-06,9.29688461164082e-06,1.23142133748056e-06,2.86411956765363e-06,3.6691682550988e-06,100,100
1.092,0,0,1,2,2,0,9.00450634128431e-06,3.60638715635667e-06,9.31965495540988e-06,1.23358432219069e-06,2.87107772721977e-06,3.68911246461091e-06,100,100
1.093,0,0,1,3,1,0,8.95510064957886e-06,3.61044246275648e-06,9.32535320499462e-06,1.23571554381351e-06,2.89318804774753e-06,3.69965606188119e-06,100,100
1.094,0,0,1,3,1,0,8.90465675824118e-06,3.61446664638346e-06,9.3237943716305e-06,1.2378146233291e-06,2.91672876143296e-06,3.68429661124189e-06,100,100
1.095,0,0,1,3,1,0,8.85322732011697e-06,3.61844705546734e-06,9.32016976226346e-06,1.23988118391726e-06,2.94173259140865e-06,3.66777399923689e-06,100,100
1.096,0,0,1,3,1,0,8.8009065920267e-06,3.62236641156655e-06,9.31452169091011e-06,1.24191485132915e-06,2.96819854832533e-06,3.65018004130962e-06,100,100
1.097,0,0,1,3,1,0,8.74781012181913e-06,3.62620471688383e-06,9.3069130498545e-06,1.24391525427679e-06,2.95714509694458e-06,3.63158545366271e-06,100,100
1.098,0,0,1,3,1,0,8.69404652619085e-06,3.62994337498599e-06,9.29740074273364e-06,1.24588202484001e-06,2.91289324659601e-06,3.61205139712823e-06,100,100
1.099,0,0,1,3,1,0,8.6397148972992e-06,3.63356556474087e-06,9.28603428874404e-06,1.24781479889013e-06,2.90007943797079e-06,3.59165166795802e-06,100,100
1.1,0,0,1,3,1,0,8.58489707127631e-06,3.63705285230607e-06,9.27287089808593e-06,1.2497132165298e-06,2.9141178144114e-06,3.57047200168744e-06,100,100
1.101,0,0,1,3,1,0,8.52967615333239e-06,3.64038591559308e-06,9.24729410707404e-06,1.25157692254824e-06,2.92754486744447e-06,3.54395005918584e-06,100,100
1.102,0,0,0,3,0,0,8.51083992718422e-06,3.64354904516731e-06,9.20220538814725e-06,1.25340556689129e-06,2.95224071661387e-06,3.50112499561493e-06,100,100
1.103,1,0,0,3,0,0,8.51718790573083e-06,3.64653029477718e-06,9.15633384111459e-06,1.25519880514504e-06,2.9833445408608e-06,3.45831656535548e-06,100,100
1.104,1,0,0,3,0,0,8.52310674790594e-06,3.64931749856964e-06,9.1097708727031e-06,1.25695629903258e-06,3.01250862920245e-06,3.41566648548429e-06,100,100
1.105,1,0,0,3,0,0,8.52858701410816e-06,3.65189837988916e-06,9.09020636272429e-06,1.25867771692247e-06,3.03959526294019e-06,3.43374458635558e-06,100,100
1.106,1,0,0,3,0,0,8.53363384096388e-06,3.64725337821278e-06,9.10527320118314e-06,1.25842605202943e-06,3.0348929308189e-06,3.46149799722403e-06,100,100
1.107,1,0,0,3,0,0,8.53827399083274e-06,3.64179670886066e-06,9.11819629759259e-06,1.25561306039168e-06,3.00707551896579e-06,3.47337019383741e-06,100,100
1.108,1,0,0,3,0,0,8.5425357819193e-06,3.63335682464005e-06,9.11242205947865e-06,1.25270869269663e-06,2.99895471543665e-06,3.44548193877759e-06,100,100
1.109,1,0,0,3,0,0,8.51251382245038e-06,3.62115186427309e-06,9.08688466701607e-06,1.25483316835004e-06,3.00527141750875e-06,3.41659089482665e-06,100,100
1.11,1,0,0,4,0,0,8.46753100149162e-06,3.60882868317989e-06,9.06042423756564e-06,1.26463703560776e-06,3.00463510448281e-06,3.38672005484462e-06,100,100
1.111,1,0,0,4,0,0,8.42232803172967e-06,3.59638964301387e-06,9.03312713559698e-06,1.26823102703646e-06,2.98307761211826e-06,3.35589852010804e-06,100,100
1.112,1,0,0,4,0,0,8.37702630288032e-06,3.58555702177934e-06,9.00509924906691e-06,1.26969129671561e-06,2.95427435468272e-06,3.34680439956661e-06,100,100
1.113,1,0,0,4,0,0,8.33175749338313e-06,3.57858961733641e-06,8.96889698554842e-06,1.2711131406102e-06,2.92380272374268e-06,3.35117581817302e-06,100,100
1.114,1,0,0,4,0,0,8.28665266480125e-06,3.57161022070846e-06,8.92883979837934e-06,1.27249631115274e-06,2.9154217206088e-06,3.38661899648193e-06,100,100
1.115,1,0,0,4,0,0,8.2418110918884e-06,3.56462140904321e-06,8.88901448165765e-06,1.27384057288722e-06,2.90324368191387e-06,3.43243527517993e-06,100,100
1.116,1,0,1,4,0,0,8.19730753823505e-06,3.5576266966768e-06,8.84949533632105e-06,1.27514570302113e-06,2.88396907386442e-06,3.47688284877158e-06,100,100
1.117,1,0,1,4,0,0,8.1532400085746e-06,3.55063020078721e-06,8.81037997360037e-06,1.27641149197183e-06,2.87541947568302e-06,3.50642569089148e-06,100,100
1.118,1,0,1,4,0,0,8.10973173548839e-06,3.54363824954913e-06,8.77179128819063e-06,1.27763774390504e-06,2.89409723777927e-06,3.49013957204566e-06,100,100
1.119,1,0,1,4,0,0,8.06689176596403e-06,3.53665679642275e-06,8.73383790323132e-06,1.2788242772638e-06,2.90100993507005e-06,3.48515562318884e-06,100,100
1.12,1,0,1,4,0,0,8.05478535685218e-06,3.52968914039004e-06,8.6966077330965e-06,1.27997092528564e-06,2.93606111549685e-06,3.48093674605629e-06,100,100
1.121,1,0,1,4,0,0,8.06119177624762e-06,3.52273599648433e-06,8.66017458745895e-06,1.28107753650613e-06,2.97682338251242e-06,3.47913350820201e-06,100,100
1.122,1,0,1,4,0,0,8.06718432742906e-06,3.52171519148684e-06,8.62460918634839e-06,1.28214397524654e-06,3.00551740138443e-06,3.49643645114578e-06,100,100
1.123,1,0,1,4,0,0,8.07271074901961e-06,3.52357893192267e-06,8.58998067131283e-06,1.28317012208369e-06,3.01739658212278e-06,3.51238137839804e-06,100,100
1.124,1,0,1,4,0,0,8.0777233840903e-06,3.52547183249511e-06,8.55634988929633e-06,1.28415587429975e-06,3.02619537411312e-06,3.5270172806777e-06,100,100
1.125,1,0,1,4,0,0,8.08220323887531e-06,3.52739976130626e-06,8.52377409660211e-06,1.28510114630991e-06,3.06749950859671e-06,3.54042302021676e-06,100,100
1.126,1,0,1,4,0,0,8.08614985392291e-06,3.52936830499787e-06,8.49231451348426e-06,1.28600587006579e-06,3.10049573555752e-06,3.55267690660605e-06,100,100
1.127,1,0,0,4,0,0,8.08958568491327e-06,3.53138303002934e-06,8.46913190016361e-06,1.28686999543241e-06,3.08858107757022e-06,3.56384341269413e-06,100,100
1.128,1,0,0,4,0,0,8.09255167266096e-06,3.53344981737189e-06,8.46406028979329e-06,1.28769349053668e-06,3.11280801311524e-06,3.59056475093302e-06,100,100
1.129,1,0,0,4,0,0,8.09509055646808e-06,3.53557506431394e-06,8.45937206081921e-06,1.28847634208534e-06,3.12833660190267e-06,3.62577045105394e-06,100,100
1.13,1,0,0,4,0,0,8.09723801940878e-06,3.53776567840268e-06,8.45508825190519e-06,1.28921855565017e-06,3.16306948193559e-06,3.64840076227642e-06,100,100
1.131,1,0,0,4,0,0,8.0990025622327e-06,3.54002892119364e-06,8.45122277904361e-06,1.28992015591867e-06,3.15066164431613e-06,3.66486482334022e-06,100,100
1.132,1,0,0,4,0,0,8.10040563694435e-06,3.54027056403549e-06,8.447797132836e-06,1.2905811869081e-06,3.13788782328633e-06,3.68242553944956e-06,100,100
1.133,1,0,0,4,0,0,8.10149979249821e-06,3.53794904909519e-06,8.44484876425326e-06,1.29638092892627e-06,3.12464946046459e-06,3.67239423846516e-06,100,100
1.134,1,0,0,4,0,0,8.10231848419188e-06,3.53577747309499e-06,8.43594407569878e-06,1.31681154953423e-06,3.13731744313148e-06,3.63426174374753e-06,100,100
1.135,1,0,0,3,0,0,8.10288989672138e-06,3.53375782866999e-06,8.42359448168214e-06,1.33724980226828e-06,3.1693723902427e-06,3.63647530014261e-06,100,100
1.136,1,0,0,3,0,0,8.09478527913806e-06,3.53189454566296e-06,8.40988656243737e-06,1.35768895508534e-06,3.18716480259918e-06,3.63869741934644e-06,100,100
1.137,1,0,0,3,0,0,8.06810264642248e-06,3.5301924217164e-06,8.39488553058081e-06,1.378122169259e-06,3.18436673997599e-06,3.64091744773844e-06,100,100
1.138,1,0,0,3,0,0,8.04167237849528e-06,3.52887106089707e-06,8.37863913711408e-06,1.39854250135846e-06,3.18447869570325e-06,3.64309698868871e-06,100,100
1.139,1,0,0,3,0,0,8.01550804663876e-06,3.53088555462786e-06,8.37617122980666e-06,1.41894290537739e-06,3.18324838579003e-06,3.67555456696233e-06,100,100
1.14,1,0,0,3,0,0,7.99171525905365e-06,3.54900425497053e-06,8.40278187609309e-06,1.43931623501338e-06,3.1785472633206e-06,3.71170303634593e-06,100,100
1.141,1,0,0,3,0,0,7.98428848594789e-06,3.5682803260007e-06,8.42907617656285e-06,1.45965524609811e-06,3.15562316061109e-06,3.74628653884827e-06,100,100
1.142,1,0,0,3,0,0,7.97605379817405e-06,3.58786389574956e-06,8.45510500586852e-06,1.47995259917839e-06,3.12792560550218e-06,3.77923733310997e-06,100,100
1.143,1,0,0,3,0,0,7.96700412838941e-06,3.60773509112533e-06,8.48090119805649e-06,1.50020086224763e-06,3.11617659650136e-06,3.78618524740141e-06,100,100
1.144,1,0,0,3,0,0,7.95712895373019e-06,3.62786737534936e-06,8.46761014039113e-06,1.52039251262582e-06,3.12374370555213e-06,3.77309342225767e-06,100,100
1.145,1,0,0,3,0,0,7.94641050578612e-06,3.64823458889938e-06,8.44323419561347e-06,1.54051994399372e-06,3.12335332106591e-06,3.72562020865688e-06,100,100
1.146,1,0,0,3,0,0,7.93484955656274e-06,3.66881276896589e-06,8.418138728301e-06,1.5605754635674e-06,3.12215173488818e-06,3.67737410517364e-06,100,100
1.147,1,0,0,2,0,0,7.92246159836049e-06,3.68957951507361e-06,8.41744577130834e-06,1.58055129942319e-06,3.12024159782846e-06,3.62845694416193e-06,100,100
1.148,1,0,0,2,0,0,7.9092610587832e-06,3.71051364169216e-06,8.43066803124623e-06,1.60043960296628e-06,3.11767108156279e-06,3.57899105324905e-06,100,100
1.149,1,0,1,2,0,0,7.89526522371268e-06,3.73159070125535e-06,8.44237958877699e-06,1.62023245355089e-06,3.10640587654093e-06,3.52911552800329e-06,100,100
1.15,1,0,1,2,0,0,7.88765804358617e-06,3.75278124891631e-06,8.45258865205082e-06,1.63992185819307e-06,3.0997213575828e-06,3.47895646037538e-06,100,100
1.151,1,0,1,2,0,0,7.90215358647414e-06,3.76525391018506e-06,8.46131509738004e-06,1.65949976151013e-06,3.0841339782643e-06,3.42862425590869e-06,100,100
1.152,1,0,1,2,0,0,7.91672017136814e-06,3.76589806001344e-06,8.46859045811871e-06,1.67895804570696e-06,3.06896395348359e-06,3.37823307266086e-06,100,100
1.153,1,0,1,2,0,0,7.93131819128172e-06,3.76662708869694e-06,8.47443259253357e-06,1.69828853573347e-06,3.048504508348e-06,3.33483086362986e-06,100,100
1.154,1,0,1,2,0,0,7.94591170915071e-06,3.76744283441534e-06,8.47884608042684e-06,1.71748300356015e-06,3.0066546869797e-06,3.31039024184114e-06,100,100
1.155,1,0,1,2,0,0,7.96046096101034e-06,3.76834627244423e-06,8.48184068350078e-06,1.73653317257519e-06,2.96409974513647e-06,3.28704917139074e-06,100,100
1.156,1,0,1,2,0,0,7.97494556909793e-06,3.76933701570488e-06,8.48341428279145e-06,1.75543072209882e-06,2.92091721529408e-06,3.26485227778977e-06,100,100
1.157,1,0,1,2,0,0,7.98935165939821e-06,3.77041548121044e-06,8.48358469436089e-06,1.77416729200992e-06,2.87737569017948e-06,3.24383376936347e-06,100,100
1.158,1,0,1,2,0,0,8.00364083018594e-06,3.77158276106118e-06,8.4824285196661e-06,1.79273448747995e-06,2.85933927987123e-06,3.22401127528221e-06,100,100
1.159,1,0,1,2,0,0,8.01775988894413e-06,3.7728405533338e-06,8.48001821540603e-06,1.81112388380856e-06,2.8453709803458e-06,3.20538547762078e-06,100,100
1.16,1,0,1,2,0,0,8.03164521913574e-06,3.77418869261851e-06,8.47639271433088e-06,1.82932703135545e-06,2.85525466796367e-06,3.18794388367263e-06,100,100
1.161,1,0,1,2,0,0,8.04523948445976e-06,3.77562731521376e-06,8.47157694455312e-06,1.84733546056242e-06,2.86520385229096e-06,3.17167873129187e-06,100,100
1.162,1,0,1,2,0,0,8.05851488738303e-06,3.77716097758709e-06,8.46559951552412e-06,1.86514068705952e-06,2.8752106321297e-06,3.15659259098526e-06,100,100
1.163,1,0,1,2,0,0,8.07146729907008e-06,3.77879305285147e-06,8.45849688932225e-06,1.88590761672598e-06,2.88527729425179e-06,3.14268340626374e-06,100,100
1.164,1,0,1,2,0,0,8.08411478286153e-06,3.78052297266472e-06,8.45030220013345e-06,1.91576328876139e-06,2.89672563139033e-06,3.13867019054189e-06,100,100
1.165,1,0,1,2,0,0,8.11005739983451e-06,3.78235306201592e-06,8.44106849182295e-06,1.94527001711835e-06,2.89437391422019e-06,3.14389147560118e-06,100,100
1.166,1,0,1,2,0,0,8.14556350966056e-06,3.78429001505747e-06,8.43087059588723e-06,1.97441247712691e-06,2.89208635769422e-06,3.15016043690802e-06,100,100
1.167,1,0,1,2,0,0,8.17300019253241e-06,3.78633924679786e-06,8.41977977699454e-06,2.00317533490286e-06,2.88998856847038e-06,3.15744490241567e-06,100,100
1.168,1,0,1,2,0,0,8.1969294560441e-06,3.7885000710773e-06,8.40786769083438e-06,2.0315432562894e-06,2.88817997442599e-06,3.1516708558819e-06,100,100
1.169,1,0,1,2,0,0,8.22099868996751e-06,3.79076631867449e-06,8.39520998623166e-06,2.05950091589716e-06,2.88672392111308e-06,3.14446069707823e-06,100,100
1.17,1,0,1,2,0,0,8.2451398350292e-06,3.7931338682293e-06,8.38752163551775e-06,2.08703300623271e-06,2.88568430421248e-06,3.13809365173571e-06,100,100
1.171,1,0,1,2,0,0,8.24610004957074e-06,3.79560226828826e-06,8.40849272933931e-06,2.11412424690564e-06,2.90330047462623e-06,3.13256460731895e-06,100,100
1.172,1,0,1,2,1,0,8.23950695184258e-06,3.79817109838143e-06,8.42898175409395e-06,2.14075939390457e-06,2.93256895021713e-06,3.12785958296542e-06,100,100
1.173,1,0,1,2,1,0,8.23250527736273e-06,3.80084152227697e-06,8.44892215060709e-06,2.16692324893167e-06,2.96232974592166e-06,3.12398404092253e-06,100,100
1.174,1,0,1,2,1,0,8.22510343875933e-06,3.8036155752023e-06,8.46824215714107e-06,2.19260066878608e-06,2.99256759988757e-06,3.12092180629582e-06,100,100
1.175,1,0,1,2,1,0,8.2172865692347e-06,3.8064908157664e-06,8.48690464160426e-06,2.217776574786e-06,3.02327295262317e-06,3.11813444849962e-06,100,100
1.176,1,0,1,2,1,0,8.20903802061892e-06,3.80946032934087e-06,8.50487880729174e-06,2.24243596221944e-06,3.03094275580589e-06,3.11266112407834e-06,100,100
1.177,1,0,1,2,1,0,8.21306069621984e-06,3.81251769394151e-06,8.52213220661568e-06,2.2665639098139e-06,2.99941933299772e-06,3.10805291296013e-06,100,100
1.178,1,0,1,2,1,0,8.219577165925e-06,3.81565916077873e-06,8.53866225299862e-06,2.29014558921496e-06,2.93682991840458e-06,3.12845704474605e-06,100,100
1.179,1,0,1,2,1,0,8.22550411392068e-06,3.81888311341722e-06,8.53673737606548e-06,2.31316627446409e-06,2.89491562063942e-06,3.1507651264435e-06,100,100
1.18,1,0,1,2,1,0,8.23082137498628e-06,3.82218451877164e-06,8.53230242127424e-06,2.33561135146629e-06,2.89108726405658e-06,3.17280117758234e-06,100,100
1.181,1,0,1,3,1,0,8.2355151579593e-06,3.82554976529636e-06,8.52814551057762e-06,2.35746632743781e-06,2.8864808432469e-06,3.19453060268337e-06,100,100
1.182,1,0,1,3,1,0,8.23956643657226e-06,3.8289617980913e-06,8.52423830378711e-06,2.37871684032511e-06,2.86831157080351e-06,3.2159117834251e-06,100,100
1.183,1,0,1,3,1,0,8.24294113599943e-06,3.83240486490707e-06,8.52053599021765e-06,2.39934866818569e-06,2.84996617586793e-06,3.2369051346817e-06,100,100
1.184,1,0,1,2,1,0,8.24558901881515e-06,3.83586371889294e-06,8.51701849844233e-06,2.41934773852239e-06,2.8469517750466e-06,3.25749918595411e-06,100,100
1.185,1,0,1,2,1,0,8.2474839913858e-06,3.83932520751463e-06,8.5257562068839e-06,2.43870013756225e-06,2.85453259591636e-06,3.26496773145944e-06,100,100
1.186,1,0,1,2,1,0,8.24863536509127e-06,3.84278004790099e-06,8.53552906780338e-06,2.4573921194721e-06,2.86948159098612e-06,3.25577980039423e-06,100,100
1.187,1,0,1,2,1,0,8.24906020945102e-06,3.84621986519548e-06,8.54537002093345e-06,2.47541011550254e-06,2.85844633989549e-06,3.24634168764678e-06,100,100
1.188,1,0,1,2,1,0,8.24879817856449e-06,3.84963443416986e-06,8.55524922645214e-06,2.49274074305304e-06,2.87909299920572e-06,3.23667339416746e-06,100,100
1.189,1,0,1,2,1,0,8.24789987214987e-06,3.85301147108634e-06,8.5651236693666e-06,2.50937081465049e-06,2.89809859438076e-06,3.22678302067148e-06,100,100
1.19,1,0,1,2,1,0,8.2463950946082e-06,3.85633650479368e-06,8.57493648038331e-06,2.52528734683455e-06,2.90125883390885e-06,3.23705873155883e-06,100,100
1.191,1,0,1,2,1,0,8.2442977403738e-06,3.85959538129147e-06,8.58463815983912e-06,2.54047756894288e-06,2.89337551641649e-06,3.25461051252888e-06,100,100
1.192,1,0,1,2,1,0,8.24163586008587e-06,3.86277423653517e-06,8.59418677690131e-06,2.55492893179013e-06,2.90166563466572e-06,3.23353351220628e-06,100,100
1.193,1,0,1,2,1,0,8.23846224104313e-06,3.8658545793552e-06,8.60355829730703e-06,2.56862911623475e-06,2.9091523775316e-06,3.20410150193532e-06,100,100
1.194,1,0,1,2,1,0,8.23482036791467e-06,3.86881845973891e-06,8.61274479955971e-06,2.58156604162791e-06,2.91583488279786e-06,3.16377160576042e-06,100,100
1.195,1,0,1,2,1,0,8.23072503646203e-06,3.87165306885378e-06,8.62171700857639e-06,2.5937278741396e-06,2.92170955883294e-06,3.11685527150951e-06,100,100
1.196,1,0,1,2,1,0,8.22710887714875e-06,3.8743426311773e-06,8.63042504341499e-06,2.60510303495674e-06,2.93772194540903e-06,3.11583981776754e-06,100,100
1.197,1,0,1,2,1,0,8.23024624600791e-06,3.87686575174502e-06,8.63883018197111e-06,2.61568020834921e-06,2.95723461935983e-06,3.12843870247958e-06,100,100
1.198,1,0,1,2,1,0,8.2326549869443e-06,3.8792001308717e-06,8.64691205886195e-06,2.62190576193404e-06,2.97389956691854e-06,3.14096034895871e-06,100,100
1.199,1,0,1,2,1,0,8.23438369872492e-06,3.88132929117888e-06,8.65465842936778e-06,2.62684426878868e-06,2.97742775356126e-06,3.15338174193564e-06,100,100
1.2,1,0,1,2,1,0,8.23547885481558e-06,3.88324654072563e-06,8.66205192314662e-06,2.63130616604592e-06,2.96543471408522e-06,3.16566668180181e-06,100,100
1.201,1,0,1,2,1,0,8.2359631465508e-06,3.8849491155106e-06,8.66906735569735e-06,2.63528637946206e-06,2.95390484216485e-06,3.1778019738947e-06,100,100
1.202,1,0,1,2,1,0,8.23583748770231e-06,3.88643050221786e-06,8.67566391469342e-06,2.63878001417581e-06,2.94290189223215e-06,3.18977776472903e-06,100,100
1.203,1,0,1,2,1,0,8.2351067920326e-06,3.88767825928299e-06,8.68178617237291e-06,2.64178235814081e-06,2.93246206241088e-06,3.17689610324595e-06,100,100
1.204,1,0,1,2,1,0,8.23378984123671e-06,3.88867933995307e-06,8.68739682265648e-06,2.64428888544769e-06,2.93572045497223e-06,3.16273425680946e-06,100,100
1.205,1,0,1,2,1,0,8.23191373478743e-06,3.88942513602816e-06,8.69249368401281e-06,2.64629525953656e-06,2.94523396838729e-06,3.14945787842268e-06,100,100
1.206,1,0,1,2,1,0,8.22953802696649e-06,3.88990643935327e-06,8.69708865628303e-06,2.64779733630054e-06,2.95450864748245e-06,3.13707572130509e-06,100,100
1.207,1,0,1,2,1,0,8.23355473249164e-06,3.89011112001758e-06,8.70118233724748e-06,2.64879116708152e-06,2.96357977129483e-06,3.12561495823092e-06,100,100
1.208,1,0,1,2,1,0,8.24199875334255e-06,3.89002917683411e-06,8.70476375954971e-06,2.64927300155938e-06,2.97244723868967e-06,3.115253683888e-06,100,100
1.209,1,0,1,2,1,0,8.24979951888208e-06,3.88965495739823e-06,8.70782237890053e-06,2.64923929053615e-06,2.98108599262313e-06,3.12011961067382e-06,100,100
1.21,1,0,1,2,1,0,8.25694154481615e-06,3.88898677092435e-06,8.7103414120587e-06,2.64868668861685e-06,2.9894879633612e-06,3.11726060229053e-06,100,100
1.211,1,0,1,2,1,0,8.26340280415119e-06,3.88802399857085e-06,8.71229575711493e-06,2.64761205678874e-06,2.99763428625831e-06,3.11086294156858e-06,100,100
1.212,1,0,1,2,1,0,8.26913841645166e-06,3.88676434678736e-06,8.71366407666253e-06,2.64601246490106e-06,3.00549860549528e-06,3.09950477109372e-06,100,100
1.213,1,0,1,2,1,0,8.2741069631417e-06,3.88520620831449e-06,8.71109356068045e-06,2.64388519404749e-06,3.01304356072638e-06,3.0884159270376e-06,100,100
1.214,1,0,1,2,1,0,8.27829213064603e-06,3.88335328182453e-06,8.69879851766628e-06,2.64122773885339e-06,3.020241635906e-06,3.07112616308279e-06,100,100
1.215,1,0,1,1,1,0,8.28170629131852e-06,3.88121383391973e-06,8.68628853888413e-06,2.63803780967042e-06,3.02710670632289e-06,3.0556152919263e-06,100,100
1.216,1,0,1,1,1,0,8.28437076015133e-06,3.87879255679054e-06,8.67359828968998e-06,2.63431333468099e-06,3.03366778295757e-06,3.04557599817571e-06,100,100
1.217,1,0,1,1,1,0,8.28628467650262e-06,3.87609024975546e-06,8.66076820318169e-06,2.63005246191502e-06,3.03994998717069e-06,3.03625108260667e-06,100,100
1.218,1,0,1,1,1,0,8.28741639897181e-06,3.87310847931555e-06,8.64781142754793e-06,2.6252535611818e-06,3.04597048649252e-06,3.02764525306274e-06,100,100
1.219,1,0,1,1,1,0,8.28772842718136e-06,3.86984940327926e-06,8.63472911302915e-06,2.61991522591964e-06,3.05170462453964e-06,3.01975968182388e-06,100,100
1.22,1,0,1,1,1,0,8.28720952633303e-06,3.866318310865e-06,8.62153355126199e-06,2.61403627496606e-06,3.04841208414873e-06,3.01260083457237e-06,100,100
1.221,1,0,1,1,1,0,8.28587207469471e-06,3.86252348223141e-06,8.60823644309996e-06,2.6060559451581e-06,3.04277808742268e-06,3.00618292368254e-06,100,100
1.222,1,0,1,1,1,0,8.28373428937746e-06,3.85847342190266e-06,8.59663150619189e-06,2.59392305078987e-06,3.0340959487961e-06,3.00050823753737e-06,100,100
1.223,1,0,1,1,1,0,8.28080069944105e-06,3.8541790243068e-06,8.59201694559757e-06,2.58081320230807e-06,3.02614167309255e-06,3.00079099906311e-06,100,100
1.224,1,0,1,1,1,0,8.27707809175427e-06,3.84965329965455e-06,8.58686386111512e-06,2.56672468779072e-06,3.01937280774863e-06,3.00354610452279e-06,100,100
1.225,1,0,1,1,1,0,8.27257771943667e-06,3.84490881290635e-06,8.58120164783058e-06,2.55165622267535e-06,3.02669734169935e-06,3.00970175488327e-06,100,100
1.226,1,0,1,1,1,0,8.26728994130097e-06,3.83995994394067e-06,8.57507742984334e-06,2.53560695343188e-06,3.03458687606277e-06,3.01742269411618e-06,100,100
1.227,1,0,1,1,1,0,8.26120181616471e-06,3.83482237188083e-06,8.56849778608677e-06,2.51857646109793e-06,3.04306152486665e-06,3.02510432621272e-06,100,100
1.228,1,0,1,1,1,0,8.25429730707154e-06,3.82951018811888e-06,8.56146574953637e-06,2.50056476467877e-06,3.04200591441499e-06,3.03272756383166e-06,100,100
1.229,1,0,1,1,1,0,8.24654685360994e-06,3.82403576167752e-06,8.55400469836798e-06,2.48157232441394e-06,3.03433296049585e-06,3.04029947677964e-06,100,100
1.23,1,0,1,1,1,0,8.23791610130687e-06,3.81841215735932e-06,8.54614608678732e-06,2.46160004491299e-06,3.02675359521002e-06,3.04783240971951e-06,100,100
1.231,1,0,1,1,1,0,8.22837767715331e-06,3.81265542006386e-06,8.53793226259403e-06,2.44064927816219e-06,3.01927981227013e-06,3.05533835376602e-06,100,100
1.232,1,0,1,1,1,0,8.21793292721694e-06,3.80678429354364e-06,8.52938634417808e-06,2.41872182640478e-06,3.01196371516735e-06,3.06281449637855e-06,100,100
1.233,1,0,1,1,1,0,8.20659747344669e-06,3.80222922391251e-06,8.52050271573532e-06,2.39581994489675e-06,3.00490121805774e-06,3.07026005144084e-06,100,100
1.234,1,0,1,1,1,0,8.19439301413385e-06,3.79962450611444e-06,8.5112956108855e-06,2.37194634454048e-06,2.99818356522246e-06,3.07769558319092e-06,100,100
1.235,1,0,1,1,1,0,8.18135751886738e-06,3.79682236887356e-06,8.50179450033899e-06,2.34710419439831e-06,2.99813372035015e-06,3.08512306787004e-06,100,100
1.236,1,0,1,1,1,0,8.16751454335663e-06,3.79384065689227e-06,8.49201527409369e-06,2.3212971240884e-06,3.00219493169037e-06,3.09252718099111e-06,100,100
1.237,1,0,1,1,1,0,8.15286936795635e-06,3.79069901447377e-06,8.48195971711149e-06,2.29452922606469e-06,3.00464292840385e-06,3.0999009491469e-06,100,100
1.238,1,0,1,1,1,0,8.13742689282056e-06,3.77244971606783e-06,8.47161770736941e-06,2.26680505778325e-06,3.00248881749129e-06,3.10720326051222e-06,100,100
1.239,1,0,1,1,1,0,8.12118378454925e-06,3.76389039917777e-06,8.46099347086537e-06,2.23812964375679e-06,3.00480472879792e-06,3.11436694890509e-06,100,100
1.24,1,0,1,1,1,0,8.10413886062687e-06,3.75767055791712e-06,8.45012645718764e-06,2.20850847749913e-06,3.01307913058892e-06,3.12137370566255e-06,100,100
1.241,1,0,1,1,1,0,8.08629823829041e-06,3.75146512787742e-06,8.43905472521875e-06,2.17794752336132e-06,3.02131163414345e-06,3.1282552762229e-06,100,100
1.242,1,0,1,1,1,0,8.06767395853931e-06,3.7452827752753e-06,8.42777308452421e-06,2.14645321826077e-06,3.02951033003752e-06,3.13505031381493e-06,100,100
1.243,1,0,1,1,1,0,8.04828468845484e-06,3.73912866325321e-06,8.41626051403609e-06,2.11403247330444e-06,3.03767538562198e-06,3.14178555075098e-06,100,100
1.244,1,0,1,1,1,0,8.02813785835759e-06,3.73300648674019e-06,8.40452332365537e-06,2.08069267530711e-06,3.04603141971196e-06,3.14847949758339e-06,100,100
1.245,1,0,1,1,1,0,8.00725085549508e-06,3.72692264321675e-06,8.39258653498543e-06,2.04644168820479e-06,3.05470505257929e-06,3.15516931660051e-06,100,100
1.246,1,0,1,1,1,0,7.98566715259907e-06,3.72088103115238e-06,8.38047678133716e-06,2.01128785436344e-06,3.0532705484568e-06,3.16189716112882e-06,100,100
1.247,1,0,1,1,1,0,7.96343272015113e-06,3.71487805642636e-06,8.3682099553735e-06,1.97523999578198e-06,3.02660701506363e-06,3.16868398710634e-06,100,100
1.248,1,0,1,1,1,0,7.9405884739184e-06,3.70890463003898e-06,8.35579213208149e-06,1.93830741518815e-06,3.01034650272174e-06,3.16179941360897e-06,100,100
1.249,1,0,1,1,1,0,7.91714625204327e-06,3.70295062973259e-06,8.34324364671029e-06,1.90049989702485e-06,2.99722106441677e-06,3.15112095628365e-06,100,100
1.25,1,0,1,1,1,0,7.89310525196664e-06,3.6966790687169e-06,8.33058317593027e-06,1.86182770832333e-06,2.98391879436521e-06,3.14036316055513e-06,100,100
1.251,1,0,1,1,1,0,7.86851106589065e-06,3.68077772318853e-06,8.31779560492202e-06,1.82851138018846e-06,2.99926255754021e-06,3.1295219812503e-06,100,100
1.252,1,0,1,1,1,0,7.84342687184132e-06,3.66460953506407e-06,8.30485055971575e-06,1.80574419113076e-06,3.02224766491175e-06,3.11857746289531e-06,100,100
1.253,1,0,1,1,1,0,7.8374898043371e-06,3.64816563538702e-06,8.29172839351244e-06,1.78253497592854e-06,3.03347669558305e-06,3.10752547956914e-06,100,100
1.254,1,0,1,1,1,0,7.83758533978977e-06,3.631438876995e-06,8.27841852438269e-06,1.75889109983332e-06,3.03527400102749e-06,3.09640209053174e-06,100,100
1.255,1,0,1,1,1,0,7.837856440266e-06,3.61441981851747e-06,8.26490661222527e-06,1.7348201857571e-06,3.01356760628899e-06,3.08525297973309e-06,100,100
1.256,1,0,1,1,1,0,7.83830574908784e-06,3.59709916254375e-06,8.25116657468329e-06,1.7103301143859e-06,2.99142702617591e-06,3.07410257964316e-06,100,100
1.257,1,0,1,1,1,0,7.83894971225627e-06,3.57946571797502e-06,8.23716553643154e-06,1.68542902416915e-06,2.96885766096639e-06,3.0629834480912e-06,100,100
1.258,1,0,1,1,1,0,7.83983399983785e-06,3.56150455196663e-06,8.22287972115432e-06,1.6601253111616e-06,2.94588221406717e-06,3.05195577106587e-06,100,100
1.259,1,0,1,1,1,0,7.8410065156809e-06,3.54320355710726e-06,8.20831946911305e-06,1.63442762770832e-06,2.93221756665623e-06,3.04106559974579e-06,100,100
1.26,1,0,1,1,1,0,7.84250720917159e-06,3.5245572528373e-06,8.19350491644992e-06,1.60834488584138e-06,2.93688161926879e-06,3.03032198108413e-06,100,100
1.261,1,0,1,1,1,0,7.84435891131693e-06,3.50556413091508e-06,8.17844450839292e-06,1.58188625061416e-06,2.91478296196944e-06,3.01972814172562e-06,100,100
1.262,1,0,1,1,1,0,7.84654629425685e-06,3.48622020773269e-06,8.16315571930262e-06,1.55506114299247e-06,2.90768848228163e-06,3.00929393520783e-06,100,100
1.263,1,0,1,1,1,0,7.82056535330819e-06,3.46651703358976e-06,8.14764276574502e-06,1.52787923752923e-06,2.89122429009662e-06,3.00617521976541e-06,100,100
1.264,1,0,1,0,1,0,7.79445302495773e-06,3.44644776009185e-06,8.13191361948923e-06,1.50035046068063e-06,2.86825357733124e-06,3.00476963647434e-06,100,100
1.265,1,0,1,0,1,0,7.76853889266488e-06,3.42600876423345e-06,8.11600561969054e-06,1.4724849887459e-06,2.84439330136302e-06,3.00327177324571e-06,100,100
1.266,1,0,1,0,1,0,7.74286334485977e-06,3.40519750278305e-06,8.09996607394875e-06,1.44429324539702e-06,2.84354627895088e-06,3.00162872636909e-06,100,100
1.267,1,0,1,0,1,0,7.71744094336505e-06,3.38658756592092e-06,8.08386807324856e-06,1.4157858987682e-06,2.82355581107443e-06,2.99981161225519e-06,100,100
1.268,1,0,1,0,1,0,7.69227725938253e-06,3.38047682688426e-06,8.06780287210553e-06,1.38697385808093e-06,2.79645383452888e-06,2.99860843668705e-06,100,100
1.269,1,0,1,0,1,0,7.66741024011964e-06,3.37380068818703e-06,8.05185397767993e-06,1.35786826978725e-06,2.78250545221821e-06,3.00192487662746e-06,100,100
1.27,1,0,1,0,1,0,7.6428633533391e-06,3.36654923760143e-06,8.03611706585672e-06,1.32848051421373e-06,2.78269627764071e-06,3.00491843507228e-06,100,100
1.271,1,0,1,0,1,0,7.61864766707715e-06,3.35871672285389e-06,8.02069899044349e-06,1.29882219676992e-06,2.80413845576903e-06,3.00756133902027e-06,100,100
1.272,1,0,1,0,1,0,7.59481720462992e-06,3.3503000812802e-06,8.00568285528912e-06,1.26890514858603e-06,2.81224018967534e-06,3.00983345058075e-06,100,100
1.273,1,0,1,0,1,0,7.57141859691318e-06,3.34130129986281e-06,7.99112405886678e-06,1.24457126391399e-06,2.81266507031688e-06,3.01172988363306e-06,100,100
1.274,1,0,1,0,1,0,7.54845474389274e-06,3.33172943720171e-06,7.9770688420617e-06,1.268105554163e-06,2.78229139473181e-06,3.01324848907648e-06,100,100
1.275,1,0,1,0,1,0,7.52592100600383e-06,3.32159488388799e-06,7.96357540116948e-06,1.29186548114588e-06,2.74081918469829e-06,3.01438935333665e-06,100,100
1.276,1,0,1,0,1,0,7.50382264719131e-06,3.31090755556299e-06,7.95070278620885e-06,1.31584232298181e-06,2.69947415505179e-06,3.0151639786882e-06,100,100
1.277,1,0,1,0,1,0,7.48217001242983e-06,3.29968038858167e-06,7.9384935618297e-06,1.33710934618066e-06,2.65829720380447e-06,3.01559325538178e-06,100,100
1.278,1,0,1,0,1,0,7.47006761897662e-06,3.28793062818856e-06,7.92696602274667e-06,1.34808051270427e-06,2.65735548136e-06,3.01568616816611e-06,100,100
1.279,1,0,1,0,1,0,7.46807530303344e-06,3.27567752545729e-06,7.9161057594946e-06,1.35914192181199e-06,2.66419568669806e-06,3.01543699476966e-06,100,100
1.28,1,0,1,0,1,0,7.46688741838773e-06,3.26294035087371e-06,7.9058971785967e-06,1.37028895332561e-06,2.67095462241561e-06,3.01229902472301e-06,100,100
1.281,1,0,1,0,1,0,7.46649150659596e-06,3.24973838161974e-06,7.89633196832737e-06,1.3765868118149e-06,2.67756639042031e-06,3.00906575327924e-06,100,100
1.282,1,0,1,0,1,0,7.46686193591117e-06,3.23609086028897e-06,7.88738928562135e-06,1.3595733094669e-06,2.68395761544468e-06,3.00641527164035e-06,100,100
1.283,1,0,1,0,1,0,7.46795449443151e-06,3.23496056529206e-06,7.87904024473167e-06,1.34249359390744e-06,2.69005546877643e-06,3.00438818064382e-06,100,100
1.284,1,0,1,0,1,0,7.46970935406319e-06,3.25151753355874e-06,7.87127027989233e-06,1.325354870639e-06,2.69539600958142e-06,3.00302565139203e-06,100,100
1.285,1,0,1,0,1,0,7.47205198036377e-06,3.26773522210173e-06,7.86407527915565e-06,1.30189289162474e-06,2.69143933638355e-06,2.98991763816679e-06,100,100
1.286,1,0,1,0,1,0,7.47488876437869e-06,3.29806891856108e-06,7.85743114548217e-06,1.26992287541923e-06,2.68445844732499e-06,2.97586109737673e-06,100,100
1.287,1,0,1,0,1,0,7.47812909818619e-06,3.33883400802831e-06,7.85129635205682e-06,1.23788381756825e-06,2.66803928370399e-06,2.96145213817837e-06,100,100
1.288,1,0,1,0,1,0,7.48169465147928e-06,3.37960351020088e-06,7.84562009753932e-06,1.22859297078439e-06,2.67130771803728e-06,2.94668841061496e-06,100,100
1.289,1,0,1,0,1,0,7.48549355030429e-06,3.39107052811051e-06,7.84035811653118e-06,1.25435669612248e-06,2.68046973078447e-06,2.93157977094303e-06,100,100
1.29,1,0,1,0,1,0,7.48942179532794e-06,3.40050827013964e-06,7.83549298223154e-06,1.28018753978478e-06,2.70317199298038e-06,2.91614759823338e-06,100,100
1.291,1,0,1,0,1,0,7.4933844320967e-06,3.41002634764208e-06,7.8233552054605e-06,1.30273034217521e-06,2.71515771105609e-06,2.90041669350822e-06,100,100
1.292,1,0,1,0,1,0,7.49728704263966e-06,3.41962389355467e-06,7.8109291722895e-06,1.3144373897957e-06,2.70386410180334e-06,2.88439252598336e-06,100,100
1.293,1,0,1,0,1,0,7.50102921123463e-06,3.42929751978218e-06,7.79911371787421e-06,1.33116256038786e-06,2.6748198314036e-06,2.86807187672412e-06,100,100
1.294,1,0,1,0,1,0,7.50452072942931e-06,3.4390445615606e-06,7.78794805804337e-06,1.35712746824662e-06,2.65218310521807e-06,2.85345515575786e-06,100,100
1.295,1,0,1,0,1,0,7.50769218101679e-06,3.44886338421771e-06,7.77747169982264e-06,1.39109461173999e-06,2.66116513371573e-06,2.84686338175081e-06,100,100
1.296,1,0,1,0,1,0,7.51049654482921e-06,3.45874918189471e-06,7.76772491833453e-06,1.43255407744577e-06,2.68319277669208e-06,2.84030257088222e-06,100,100
1.297,1,0,1,0,1,0,7.51289208547078e-06,3.46869750612121e-06,7.75872900384923e-06,1.46182447444981e-06,2.66278806528964e-06,2.83373964019109e-06,100,100
1.298,1,0,1,0,1,0,7.51483337526287e-06,3.4973692802772e-06,7.75048435498232e-06,1.48773232370853e-06,2.64207809983448e-06,2.82678864261219e-06,100,100
1.299,1,0,1,0,1,0,7.51628256988098e-06,3.53682757318672e-06,7.74300153217697e-06,1.51358920459244e-06,2.66287654876929e-06,2.81540910374336e-06,100,100
1.3,1,0,1,0,1,0,7.51719724826969e-06,3.57352865030531e-06,7.7362910312132e-06,1.53938101812357e-06,2.68787310931406e-06,2.80438074857597e-06,100,100
1.301,1,0,1,0,1,0,7.51751759366572e-06,3.58315363993139e-06,7.73033396693342e-06,1.56509349366062e-06,2.67888055600387e-06,2.79370960609985e-06,100,100
1.302,1,0,1,0,1,0,7.51675411889692e-06,3.59275206220752e-06,7.71911919206352e-06,1.60510674407492e-06,2.69300322602555e-06,2.78340870604091e-06,100,100
1.303,1,0,1,0,1,0,7.50623469024795e-06,3.60232440593378e-06,7.71610556973129e-06,1.65512693751485e-06,2.73282884259278e-06,2.77350166255754e-06,100,100
1.304,1,0,1,0,1,0,7.49592888314231e-06,3.61187075284903e-06,7.71265213335691e-06,1.71140413615188e-06,2.76472046774635e-06,2.76401463573653e-06,100,100
1.305,1,0,1,0,1,0,7.48580026836213e-06,3.63544927120384e-06,7.70875516476896e-06,1.76731363913338e-06,2.7786488138992e-06,2.75497011239181e-06,100,100
1.306,1,0,1,0,1,0,7.4758048915238e-06,3.67583038704528e-06,7.70440641681544e-06,1.82282412124543e-06,2.76952892054593e-06,2.74686191508593e-06,100,100
1.307,1,0,1,0,1,0,7.4658942882249e-06,3.71601158143507e-06,7.69962489925867e-06,1.87790405021182e-06,2.76047905888423e-06,2.74267618225755e-06,100,100
1.308,1,0,1,0,1,0,7.45602185465011e-06,3.75597431337065e-06,7.69445034591524e-06,1.93252169641528e-06,2.76086600963253e-06,2.73916492714097e-06,100,100
1.309,1,0,1,0,1,0,7.4461458864461e-06,3.79569813421207e-06,7.68890934909343e-06,1.98664514287824e-06,2.7743627934576e-06,2.73631852622294e-06,100,100
1.31,1,0,1,0,1,0,7.43623063404062e-06,3.83516023045766e-06,7.68301836204369e-06,2.0402422955069e-06,2.78698782098454e-06,2.73410816008791e-06,100,100
1.311,1,0,1,0,1,0,7.44611203778436e-06,3.87433888850536e-06,7.67680927242145e-06,2.0932808936026e-06,2.80988577130138e-06,2.72516849394232e-06,100,100
1.312,1,0,1,0,1,0,7.4731039689992e-06,3.91321368773869e-06,7.67033137717844e-06,2.1457285206437e-06,2.86476454984833e-06,2.71431719348778e-06,100,100
1.313,1,0,1,0,1,0,7.50018232577934e-06,3.9517635563408e-06,7.66364218185467e-06,2.19755261534128e-06,2.91894595694506e-06,2.69458825900473e-06,100,100
1.314,1,0,1,0,1,0,7.52730508691308e-06,3.98996687158421e-06,7.65679965196232e-06,2.24062802348624e-06,2.96472154513908e-06,2.68157496947801e-06,100,100
1.315,1,0,1,0,1,0,7.53309644537999e-06,4.03290537926984e-06,7.64985367275271e-06,2.29209309151343e-06,2.97308495031124e-06,2.66787570609716e-06,100,100
1.316,1,0,1,0,1,0,7.52491767860945e-06,4.08444471663233e-06,7.64284906951942e-06,2.32501099404956e-06,2.9772901527575e-06,2.65350714971129e-06,100,100
1.317,1,0,1,0,1,0,7.51678573572343e-06,4.13534805448266e-06,7.63582895380253e-06,2.34767531249246e-06,2.97097557622399e-06,2.6474104517785e-06,100,100
1.318,1,0,1,0,1,0,7.51071391873985e-06,4.18557662221444e-06,7.62882286442334e-06,2.37000470359153e-06,2.96728451956872e-06,2.64757576491098e-06,100,100
1.319,1,0,1,0,1,0,7.53550269522067e-06,4.23509285081824e-06,7.62184131836055e-06,2.39198313258939e-06,2.97081974626662e-06,2.64740998883625e-06,100,100
1.32,1,0,1,0,1,0,7.5593715994475e-06,4.28385954134554e-06,7.61489836060763e-06,2.41359453353175e-06,2.97377646488573e-06,2.64694114784307e-06,100,100
1.321,1,0,1,0,1,0,7.58235012015143e-06,4.33183892906548e-06,7.60802678743564e-06,2.43482281720668e-06,2.97615344854892e-06,2.64619676628562e-06,100,100
1.322,1,0,1,0,1,0,7.6044671214267e-06,4.3789916405307e-06,7.60126753382144e-06,2.46488930657098e-06,2.96350683475951e-06,2.64519682624057e-06,100,100
1.323,1,0,1,0,1,0,7.62574275247269e-06,4.42527749639695e-06,7.59465392052564e-06,2.49719378621337e-06,2.96655795850667e-06,2.64396101928967e-06,100,100
1.324,1,0,1,1,1,0,7.64618873230051e-06,4.45045294586113e-06,7.5882052903734e-06,2.52877571273787e-06,2.96985068447032e-06,2.64251174785681e-06,100,100
1.325,1,0,1,1,1,0,7.66582112082796e-06,4.46100440792782e-06,7.58194574393376e-06,2.56054602735036e-06,2.98665120601738e-06,2.64087227907915e-06,100,100
1.326,1,0,1,1,1,0,7.68466495924871e-06,4.47138398764332e-06,7.5759107154843e-06,2.60213244085987e-06,3.01222284710652e-06,2.63708501852144e-06,100,100
1.327,1,0,1,1,1,0,7.7264868202959e-06,4.48158316624628e-06,7.57013102787763e-06,2.64262222220765e-06,3.03723242212865e-06,2.63019657184786e-06,100,100
1.328,1,0,1,1,1,0,7.77245911684859e-06,4.49159257763984e-06,7.56462233965603e-06,2.6819821841405e-06,3.05849703497228e-06,2.62373843106878e-06,100,100
1.329,1,0,1,1,1,0,7.8171462134333e-06,4.50140193225875e-06,7.55938811047025e-06,2.72017918280823e-06,3.07703919259927e-06,2.62745484901051e-06,100,100
1.33,1,0,1,1,1,0,7.8604952192818e-06,4.51100145705731e-06,7.55443366117074e-06,2.75718013275217e-06,3.09084849857006e-06,2.63137572756788e-06,100,100
1.331,2,0,1,1,1,0,7.90245620898786e-06,4.52038121851067e-06,7.54976809103593e-06,2.79295202225029e-06,3.10167622253911e-06,2.63546814640886e-06,100,100
1.332,2,0,1,1,1,0,7.94298949543325e-06,4.52812576405602e-06,7.54540023744482e-06,2.82746192901247e-06,3.11214562060992e-06,2.6396927460966e-06,100,100
1.333,2,0,1,1,1,0,7.98205278103147e-06,4.51854488691408e-06,7.54133872395017e-06,2.86067703621931e-06,3.12224096099314e-06,2.64401073279247e-06,100,100
1.334,2,0,1,1,1,0,8.0195986435916e-06,4.50939637414429e-06,7.53759332908555e-06,2.89256464889696e-06,3.13195102233178e-06,2.64838161971948e-06,100,100
1.335,2,0,1,1,1,0,8.05558689311337e-06,4.50068679398266e-06,7.53417549461103e-06,2.92309221062045e-06,3.14126619864993e-06,2.65276171528576e-06,100,100
1.336,2,0,1,1,1,0,8.08998263278917e-06,4.49242336372398e-06,7.53109081771168e-06,2.95222732053725e-06,3.15017599392171e-06,2.65710966671133e-06,100,100
1.337,2,0,1,1,1,0,8.12274850574718e-06,4.50188861673595e-06,7.52833985887826e-06,2.97993775070229e-06,3.15866714679631e-06,2.66139051693358e-06,100,100
1.338,2,0,1,1,1,0,8.15384696043898e-06,4.5133936248176e-06,7.52592273429592e-06,3.00619146371533e-06,3.17311467711561e-06,2.66557823386024e-06,100,100
1.339,2,0,1,1,1,0,8.1832461528662e-06,4.52428053811784e-06,7.52383360759443e-06,3.03095663065091e-06,3.18949660894229e-06,2.66964854185954e-06,100,100
1.34,2,0,1,1,1,0,8.21091291425109e-06,4.53453174760964e-06,7.52206162542753e-06,3.05420164927068e-06,3.20468413362543e-06,2.67357945658761e-06,100,100
1.341,2,0,1,1,1,0,8.23680902021347e-06,4.54412872681652e-06,7.52059365490313e-06,3.07589516250726e-06,3.21866378250683e-06,2.67735395372001e-06,100,100
1.342,2,0,1,1,1,0,8.25870289967187e-06,4.55305267971391e-06,7.51941179859744e-06,3.09600607720846e-06,3.23142777691749e-06,2.68094909539848e-06,100,100
1.343,2,0,1,1,1,0,8.27089420535816e-06,4.56128509027586e-06,7.51849276412318e-06,3.11450358312975e-06,3.24367010986526e-06,2.68433362243005e-06,100,100
1.344,2,0,1,1,1,0,8.28220099126657e-06,4.56880814116269e-06,7.51780834221541e-06,3.13135717216285e-06,3.26463159034268e-06,2.68747774059208e-06,100,100
1.345,2,0,1,1,1,0,8.29258612486836e-06,4.57560442157722e-06,7.51732776866979e-06,3.14653665778719e-06,3.28319386342502e-06,2.69035515650356e-06,100,100
1.346,2,0,1,1,1,0,8.30201571315295e-06,4.5816569114773e-06,7.51701858322755e-06,3.16001219473084e-06,3.29594633633788e-06,2.69294141553044e-06,100,100
1.347,2,0,1,1,1,0,8.31045786593349e-06,4.58694907512754e-06,7.5168475083189e-06,3.17175429882676e-06,3.30530557005652e-06,2.69521196148442e-06,100,100
1.348,2,0,1,1,1,0,8.31787826148984e-06,4.59146426870014e-06,7.51678118352524e-06,3.18173386704966e-06,3.31112511108811e-06,2.69714122117523e-06,100,100
1.349,2,0,1,1,1,0,8.32424071603025e-06,4.59518542141379e-06,7.51678529955071e-06,3.18992219771825e-06,3.31466398454051e-06,2.69870482676768e-06,100,100
1.35,2,0,1,1,1,0,8.32950838355947e-06,4.59809535461441e-06,7.51682441599006e-06,3.19629101084716e-06,3.31721823300083e-06,2.69987879726507e-06,100,100
1.351,2,0,1,1,1,0,8.33364240079027e-06,4.6001770385944e-06,7.51686054243034e-06,3.20081246863207e-06,3.31877556709448e-06,2.70063914026848e-06,100,100
1.352,2,0,1,1,1,0,8.33660155306608e-06,4.60141371455842e-06,7.51685345184228e-06,3.2034591960514e-06,3.31932286440571e-06,2.70096304850154e-06,100,100
1.353,2,0,1,1,1,0,8.33834449605843e-06,4.60178904003361e-06,7.51676241546147e-06,3.20420430156714e-06,3.31884803454453e-06,2.70082888290599e-06,100,100
1.354,2,0,1,1,1,0,8.33882903290426e-06,4.60128710133117e-06,7.51654613606973e-06,3.20302139790699e-06,3.31733965620391e-06,2.70021532142468e-06,100,100
1.355,2,0,1,1,1,0,8.3380106250875e-06,4.5998924729565e-06,7.51616259271412e-06,3.19988462290978e-06,3.31478734055149e-06,2.69910078461713e-06,100,100
1.356,2,0,1,1,1,0,8.33584226139729e-06,4.59759024919241e-06,7.51556792545689e-06,3.19476866041535e-06,3.31118377747867e-06,2.69746394451582e-06,100,100
1.357,2,0,1,1,1,0,8.33227417315008e-06,4.59436600394771e-06,7.5147168854389e-06,3.18764876118012e-06,3.30652539705348e-06,2.69528406790639e-06,100,100
1.358,2,0,1,1,1,0,8.32725557115248e-06,4.5902060163907e-06,7.51356807208418e-06,3.17850076379909e-06,3.30081313716689e-06,2.69254294942956e-06,100,100
1.359,2,0,1,1,1,0,8.32073602889029e-06,4.58509745889323e-06,7.51208538920727e-06,3.16730111561485e-06,3.29141048304012e-06,2.68922578692596e-06,100,100
1.36,2,0,1,1,1,0,8.31266364593409e-06,4.5790283915729e-06,7.51023380603157e-06,3.15402689359405e-06,3.28012067411193e-06,2.68532235400959e-06,100,100
1.361,2,0,1,1,1,0,8.30298575229899e-06,4.57198784408252e-06,7.50798058073237e-06,3.1386558251518e-06,3.26736982263823e-06,2.68082885976657e-06,100,100
1.362,2,0,1,1,1,0,8.29165035681191e-06,4.56396561763546e-06,7.50529486572419e-06,3.12116630890442e-06,3.25714557505367e-06,2.67574545740263e-06,100,100
1.363,2,0,1,1,1,0,8.27860381441511e-06,4.55495221803582e-06,7.50214191018515e-06,3.10153743533129e-06,3.25044781952131e-06,2.67007394504557e-06,100,100
1.364,2,0,1,1,1,0,8.26379384329458e-06,4.54493873728959e-06,7.5031227449342e-06,3.0797490073267e-06,3.24238850893374e-06,2.66381825211393e-06,100,100
1.365,2,0,1,1,1,0,8.24638349665877e-06,4.53391629005635e-06,7.50488313005809e-06,3.05578156062326e-06,3.23391330610296e-06,2.65698472436321e-06,100,100
1.366,2,0,1,1,1,0,8.216012940035e-06,4.52187646058978e-06,7.50686687988246e-06,3.02961638406885e-06,3.22509218875228e-06,2.65594607080835e-06,100,100
1.367,2,0,1,1,1,0,8.18254950199098e-06,4.50881208308862e-06,7.50907695614107e-06,3.00123553974014e-06,3.21599997568359e-06,2.6551028320367e-06,100,100
1.368,2,0,1,1,1,0,8.14590366610533e-06,4.49471699804686e-06,7.51150838851577e-06,2.97062188287644e-06,3.20671153254031e-06,2.65443150992981e-06,100,100
1.369,2,0,1,1,1,0,8.10598235357017e-06,4.49423873032526e-06,7.51415610078194e-06,2.93775908161919e-06,3.19729827742388e-06,2.6539647950235e-06,100,100
1.37,2,0,1,1,1,0,8.06269400437941e-06,4.50294599296339e-06,7.51701367001824e-06,2.90263163654342e-06,3.18782738276139e-06,2.65373513875412e-06,100,100
1.371,2,0,1,1,1,0,8.01595906780891e-06,4.51219095268869e-06,7.52006815906642e-06,2.86522489996985e-06,3.17836436485735e-06,2.65377441471647e-06,100,100
1.372,2,0,1,1,1,0,7.96570808272256e-06,4.52197899093495e-06,7.52330955750226e-06,2.82552509504745e-06,3.16897343683373e-06,2.65411960884556e-06,100,100
1.373,2,0,1,1,1,0,7.91186608930611e-06,4.53231553304422e-06,7.52673461115031e-06,2.78351933459932e-06,3.15971143338337e-06,2.64769639208399e-06,100,100
1.374,2,0,1,1,1,0,7.85435726790598e-06,4.52551307345602e-06,7.53033989219762e-06,2.73919563972667e-06,3.14946090425561e-06,2.6367986265045e-06,100,100
1.375,2,0,1,1,1,0,7.79312059105032e-06,4.5116526515882e-06,7.53411945194564e-06,2.69254295816859e-06,3.12584882706845e-06,2.6289673861855e-06,100,100
1.376,2,0,1,1,1,0,7.72811062222675e-06,4.49704222941097e-06,7.53805995870314e-06,2.64355118241872e-06,3.09244732863056e-06,2.62436088522195e-06,100,100
1.377,2,0,1,1,1,0,7.65929667364606e-06,4.48168955650514e-06,7.54214043298816e-06,2.5922111676025e-06,3.05769395772029e-06,2.62064999427234e-06,100,100
1.378,2,0,1,1,1,0,7.59675194944452e-06,4.46560410006062e-06,7.54634132367087e-06,2.53851474912292e-06,3.04219066911906e-06,2.62133394305068e-06,100,100
1.379,2,0,1,1,1,0,7.56696925898213e-06,4.44879700283883e-06,7.55064409825371e-06,2.50420105387938e-06,3.03846026353637e-06,2.62206288962851e-06,100,100
1.38,2,0,1,1,1,0,7.53538710531268e-06,4.42760289489073e-06,7.55502806264518e-06,2.47847812581806e-06,3.01247659735642e-06,2.62287272305212e-06,100,100
1.381,2,0,1,1,1,0,7.50199613713889e-06,4.3641913327219e-06,7.55948087364081e-06,2.45171197814102e-06,2.98576541564293e-06,2.62379570204242e-06,100,100
1.382,1,0,1,1,1,0,7.46679027617372e-06,4.29832310208493e-06,7.5640028495744e-06,2.42390332591218e-06,2.95845590092493e-06,2.62487448292503e-06,100,100
1.383,1,0,1,0,1,0,7.42977065559261e-06,4.23000964849477e-06,7.56860096577385e-06,2.39247994081498e-06,2.95006831277313e-06,2.62616372463547e-06,100,100
1.384,1,0,1,0,1,0,7.39094111407811e-06,4.15926099209221e-06,7.57329236195809e-06,2.34351628379804e-06,2.91114136137666e-06,2.62771864463403e-06,100,100
1.385,1,0,1,0,1,0,7.35030573411276e-06,4.08608798442101e-06,7.57809774499173e-06,2.27399660537324e-06,2.90142343517318e-06,2.62503072815908e-06,100,100
1.386,1,0,1,0,1,0,7.30788052347953e-06,4.02553628029673e-06,7.5830326456959e-06,2.21062519183677e-06,2.8907997813477e-06,2.61871094173845e-06,100,100
1.387,1,0,1,0,1,0,7.26370455089048e-06,3.96948492190478e-06,7.58812027931393e-06,2.14489231093084e-06,2.87919644337282e-06,2.62008669134485e-06,100,100
1.388,1,0,1,0,1,0,7.2178336667681e-06,3.9116210290392e-06,7.59339227019937e-06,2.06726417619891e-06,2.84493244832156e-06,2.62163735074659e-06,100,100
1.389,1,0,1,0,1,0,7.1703251502117e-06,3.8519433859184e-06,7.59889057431003e-06,1.98725582795113e-06,2.81852185556507e-06,2.6233763846758e-06,100,100
1.39,1,0,1,0,1,0,7.13689282213547e-06,3.79045093558019e-06,7.60468533569425e-06,1.90487218364368e-06,2.82743352032253e-06,2.62531269245491e-06,100,100
1.391,1,0,1,0,1,0,7.13864634883481e-06,3.72714645001088e-06,7.61085360468444e-06,1.82011936559749e-06,2.79929016811003e-06,2.62743434243732e-06,100,100
1.392,1,0,1,0,1,0,7.14118115984963e-06,3.66203311140946e-06,7.61745197378655e-06,1.73300471849775e-06,2.77115495961909e-06,2.62972637417013e-06,100,100
1.393,1,0,1,0,0,0,7.14455988981322e-06,3.59511089175255e-06,7.61146988788888e-06,1.64353682710438e-06,2.73970312084978e-06,2.63217911374688e-06,100,100
1.394,1,0,1,0,0,0,7.148846037319e-06,3.52638180966716e-06,7.60536505142222e-06,1.59061652246635e-06,2.72906247309712e-06,2.6598263979523e-06,100,100
1.395,1,0,1,0,0,0,7.15409893384826e-06,3.48121324680784e-06,7.59960166483111e-06,1.54976901180576e-06,2.7390542488962e-06,2.69197146249507e-06,100,100
1.396,1,0,1,0,0,0,7.16036647252716e-06,3.45950642539628e-06,7.5942330829563e-06,1.50795966280819e-06,2.74883315654113e-06,2.72512705426771e-06,100,100
1.397,1,0,1,0,0,0,7.16769579953999e-06,3.43725386674506e-06,7.58932412237717e-06,1.46519849962359e-06,2.75834254687027e-06,2.7247962141078e-06,100,100
1.398,1,0,1,0,0,0,7.18426965796328e-06,3.41446814985206e-06,7.58494043991423e-06,1.41306412161904e-06,2.76751903494293e-06,2.71322349830446e-06,100,100
1.399,1,0,1,0,0,0,7.21062493379127e-06,3.36800621518628e-06,7.58113253745394e-06,1.36795389795988e-06,2.74266243422753e-06,2.67855331671099e-06,100,100
1.4,1,0,1,0,0,0,7.23722626364174e-06,3.30063296568366e-06,7.5779381252696e-06,1.32193096562072e-06,2.71325114848087e-06,2.66313248882304e-06,100,100
1.401,1,0,1,0,0,0,7.2639848087214e-06,3.26993750879913e-06,7.57539187503943e-06,1.27500787313091e-06,2.6637451234029e-06,2.62381726820982e-06,100,100
1.402,1,0,1,0,0,0,7.26735639712553e-06,3.23926966008804e-06,7.5735222593845e-06,1.23750651836168e-06,2.61663269150066e-06,2.57213758548239e-06,100,100
1.403,1,0,1,0,0,0,7.26805557282802e-06,3.20796336353837e-06,7.57082153467755e-06,1.20726642131979e-06,2.65585875745062e-06,2.5896843763443e-06,100,100
1.404,1,0,1,0,0,0,7.2681358969357e-06,3.20447361699719e-06,7.56828013080107e-06,1.26749101414478e-06,2.72761776381494e-06,2.56307909714862e-06,100,100
1.405,1,0,1,0,0,0,7.26893666413585e-06,3.2016969409376e-06,7.59615710232964e-06,1.30021486221962e-06,2.7164279436286e-06,2.56653368940939e-06,100,100
1.406,1,0,1,0,0,0,7.28706209956027e-06,3.15817124759865e-06,7.62412131560588e-06,1.33229508225143e-06,2.65631825048171e-06,2.59763433180429e-06,100,100
1.407,1,0,1,0,0,0,7.30634270673066e-06,3.17863300877201e-06,7.65208697278985e-06,1.33968740147226e-06,2.67961372943645e-06,2.63002356336398e-06,100,100
1.408,1,0,1,0,0,0,7.32676050264302e-06,3.19239000347168e-06,7.67997761582557e-06,1.31411311056867e-06,2.66110224067068e-06,2.66361386686793e-06,100,100
1.409,1,0,1,0,0,0,7.34828196754964e-06,3.18896136784979e-06,7.70772167267795e-06,1.2881105248988e-06,2.66389037248322e-06,2.68219757116297e-06,100,100
1.41,1,0,1,0,0,0,7.37086435542309e-06,3.18536973274423e-06,7.73523447671743e-06,1.2667096673995e-06,2.60668434753071e-06,2.66479938786302e-06,100,100
1.411,1,0,1,0,0,0,7.39447725551461e-06,3.1816173875069e-06,7.76244679287595e-06,1.33567025947219e-06,2.52717791366354e-06,2.64676469750138e-06,100,100
1.412,1,0,1,0,0,0,7.43123101560271e-06,3.20929464922812e-06,7.78932149469181e-06,1.40569092689075e-06,2.511745027889e-06,2.65197523490727e-06,100,100
1.413,1,0,1,0,0,0,7.51601561355388e-06,3.24375705648246e-06,7.81579540114152e-06,1.47675241517673e-06,2.50863935833291e-06,2.67354656208783e-06,100,100
1.414,1,0,1,0,0,0,7.60245435756825e-06,3.27839676327523e-06,7.84468435318767e-06,1.54883452807012e-06,2.53740876775745e-06,2.69604789924547e-06,100,100
1.415,1,0,0,1,0,0,7.69047823031808e-06,3.31319448947866e-06,7.88651070642335e-06,1.62191612207792e-06,2.53896304659036e-06,2.71942607191285e-06,100,100
1.416,1,0,0,1,0,0,7.78001722528343e-06,3.33809380944686e-06,7.90613432625368e-06,1.69597509996537e-06,2.53477635790785e-06,2.74362257067404e-06,100,100
1.417,1,0,0,1,0,0,7.83876434499044e-06,3.34114913949394e-06,7.92380983081328e-06,1.77098841546145e-06,2.50512353532213e-06,2.76856563140061e-06,100,100
1.418,0,0,0,1,0,0,7.88501814239254e-06,3.34406382379298e-06,7.93943516773812e-06,1.84693207200299e-06,2.5073546339395e-06,2.79416355271259e-06,100,100
1.419,0,0,0,1,0,0,7.92035851316275e-06,3.34681979355435e-06,7.95290761010205e-06,1.96841424048524e-06,2.51238264696349e-06,2.82031788101761e-06,100,100
1.42,0,0,0,1,0,0,7.91695213841058e-06,3.34939757280035e-06,7.96411848376763e-06,2.11168870705941e-06,2.5185233996384e-06,2.84694847253944e-06,100,100
1.421,0,0,0,1,0,0,7.91415269067588e-06,3.35177612528189e-06,7.97294978888314e-06,2.25653285899203e-06,2.52815206042333e-06,2.8739928936367e-06,100,100
1.422,0,0,0,1,0,0,7.91187356868318e-06,3.35393247105411e-06,7.97928313072913e-06,2.4028977768813e-06,2.4987686581161e-06,2.9014017422865e-06,100,100
1.423,0,0,0,1,0,0,7.90553127481904e-06,3.39076315093696e-06,7.98304403405328e-06,2.52383047764449e-06,2.52776896790451e-06,2.92911369651768e-06,100,100
1.424,0,0,0,1,1,0,7.88269918295129e-06,3.51473760742257e-06,7.97073836882244e-06,2.63092136244063e-06,2.50651106834531e-06,2.92778869438034e-06,100,100
1.425,0,0,0,1,1,0,7.9912964351078e-06,3.66950749446287e-06,7.95243471365194e-06,2.74721795528825e-06,2.52878191136232e-06,2.94502523788742e-06,100,100
1.426,1,0,0,1,1,0,8.13428875222891e-06,3.83024604388635e-06,7.95989408854946e-06,2.86451717754463e-06,2.54008431249804e-06,2.94477322589941e-06,100,100
1.427,1,0,0,1,1,0,8.26427598359846e-06,3.99208031744729e-06,7.97486612226576e-06,2.98277515665801e-06,2.50155782416444e-06,2.93311008835551e-06,100,100
1.428,1,0,0,1,1,0,8.30060327924354e-06,4.15494238505659e-06,7.99093122419839e-06,3.1216549956223e-06,2.52680382783811e-06,2.96309964761742e-06,100,100
1.429,1,0,0,2,1,0,8.33557736720725e-06,4.30162245879677e-06,8.00801076536007e-06,3.27736667931089e-06,2.5772431361471e-06,3.00724121225284e-06,100,100
1.43,1,0,0,2,1,0,8.36913569931199e-06,4.4186945212767e-06,8.02598500852946e-06,3.43415640223486e-06,2.62273669103628e-06,3.02592544436511e-06,100,100
1.431,1,0,1,2,1,0,8.40120631441545e-06,4.52112937164461e-06,8.04470641265722e-06,3.59196369562945e-06,2.57977421040658e-06,3.03695078172572e-06,100,100
1.432,2,0,1,4,1,0,8.4317416363002e-06,4.65291962666969e-06,8.06403162725354e-06,3.75072707715519e-06,2.67845027516152e-06,3.04721368367264e-06,100,100
1.433,3,0,1,4,1,0,8.46072152152788e-06,4.80731396327813e-06,8.08384051456207e-06,3.91038410827976e-06,2.76298930106991e-06,3.04244912502349e-06,100,100
1.434,3,0,1,4,1,0,8.48813437462388e-06,4.96232975526085e-06,8.10400692693824e-06,4.07087145376519e-06,2.81138876062449e-06,3.02385260190923e-06,100,100
1.435,3,0,2,4,1,0,8.51395774099489e-06,5.09574373893133e-06,8.12439569490935e-06,4.23212494303473e-06,2.8601448663383e-06,3.00465528040356e-06,100,100
1.436,3,0,2,4,1,0,8.53819369588551e-06,5.18173959007064e-06,8.14490658328269e-06,4.39407963318908e-06,2.93477691989147e-06,2.98567451685118e-06,100,100
1.437,3,0,2,4,1,0,8.57475154472451e-06,5.33791937042303e-06,8.16543779561798e-06,4.55666987343849e-06,3.00822623547208e-06,2.96692630077966e-06,100,100
1.438,3,0,2,4,1,0,8.6262397155137e-06,5.4943497372543e-06,8.18583149045414e-06,4.71986755363024e-06,3.03995324731662e-06,2.94840891767694e-06,100,100
1.439,3,0,3,5,1,0,8.67648299784898e-06,5.65097120717325e-06,8.20592771233441e-06,4.88403000624247e-06,3.12611963585401e-06,2.93010923278774e-06,100,100
1.44,3,0,3,5,1,0,8.72539398241261e-06,5.8077258642243e-06,8.22560347206151e-06,5.04857415341876e-06,3.13616134713973e-06,2.91204268074901e-06,100,100
1.441,3,0,3,5,1,0,8.77291195927845e-06,5.96455885208861e-06,8.24474794675559e-06,5.21343176821383e-06,3.15673601479242e-06,2.89424376342255e-06,100,100
1.442,3,0,3,5,1,0,8.81900220392801e-06,6.12141439123242e-06,8.26324724977678e-06,5.37853430872782e-06,3.25074782654186e-06,2.87676361864526e-06,100,100
1.443,3,0,3,5,1,0,8.86362600217342e-06,6.27823723544647e-06,8.28099507880497e-06,5.54381298633721e-06,3.21970916781324e-06,2.85965445471485e-06,100,100
1.444,3,0,3,5,1,0,8.91100317654328e-06,6.43497648934827e-06,8.29792040188635e-06,5.70919883359629e-06,3.22824357693428e-06,2.86190919529917e-06,100,100
1.445,3,0,3,5,1,0,9.02043986537767e-06,6.59158341802689e-06,8.31396204112938e-06,5.87462277161992e-06,3.25269877072687e-06,2.89101070718931e-06,100,100
1.446,3,0,3,6,1,0,9.12791017747505e-06,6.74801200915106e-06,8.32903173173881e-06,6.04001567676843e-06,3.38707779545855e-06,2.89019730513722e-06,100,100
1.447,3,0,4,6,1,0,9.23336462709217e-06,6.90422207281593e-06,8.32582871001438e-06,6.2053084464664e-06,3.53557939396552e-06,2.86450762114608e-06,100,100
1.448,3,0,4,6,1,0,9.33677067035638e-06,7.06017927353996e-06,8.31597791219731e-06,6.37043206399816e-06,3.63281314111369e-06,2.87264176900891e-06,100,100
1.449,3,0,5,6,1,0,9.43810859435352e-06,7.21584958756288e-06,8.30525586064249e-06,6.53531766213431e-06,3.69350357521996e-06,2.88119384376457e-06,100,100
1.45,3,0,5,6,1,0,9.5373603551678e-06,7.37119423441525e-06,8.29366832731533e-06,6.69989658545504e-06,3.72707398375528e-06,2.89004800923059e-06,100,100
1.451,3,0,5,8,1,0,9.60270092399753e-06,7.52617375716018e-06,8.28122244622992e-06,6.8641004512478e-06,3.67648906947188e-06,2.89909684288664e-06,100,100
1.452,4,0,5,8,1,0,9.61663186216887e-06,7.68074864931241e-06,8.26793231022592e-06,7.02786120886826e-06,3.61361957804687e-06,2.90324705919556e-06,100,100
1.453,4,0,5,8,1,0,9.62913781226608e-06,7.83487958899996e-06,8.25379384800233e-06,7.19111119746543e-06,3.62627141810707e-06,2.89843716235049e-06,100,100
1.454,4,0,5,8,1,0,9.67292589069213e-06,7.98853050260369e-06,8.23877278262894e-06,7.35378320198254e-06,3.81187481777661e-06,2.90195042432624e-06,100,100
1.455,4,0,5,8,0,0,9.77463869828643e-06,8.14166834704102e-06,8.22280004688943e-06,7.51581050735715e-06,3.99679183607613e-06,2.91480381917395e-06,100,100
1.456,4,0,5,8,0,0,9.87552753336341e-06,8.29425976391071e-06,8.20582623835149e-06,7.6771269508541e-06,4.1168821196835e-06,2.9270357399635e-06,100,100
1.457,5,0,5,8,0,0,9.97545420630472e-06,8.44626482590308e-06,8.18785747409744e-06,7.83766697247598e-06,4.21668147991257e-06,2.9386249028813e-06,100,100
1.458,5,0,6,9,0,0,1.01013959274708e-05,8.59764064064367e-06,8.16894435771883e-06,7.99763772002417e-06,4.24535390901424e-06,2.94956750199389e-06,100,100
1.459,6,0,6,11,0,0,1.02812122665161e-05,8.74834822690143e-06,8.14915867366564e-06,8.15701051544762e-06,4.30077949227892e-06,2.95985568293915e-06,100,100
1.46,6,0,7,11,0,0,1.04587069737124e-05,8.89834976655067e-06,8.1285694437209e-06,8.315465450668e-06,4.41991006665429e-06,2.96946097470934e-06,100,100
1.461,6,0,7,11,0,0,1.06337427835058e-05,9.04760289165092e-06,8.1395656778504e-06,8.47293923881458e-06,4.53820747378093e-06,2.97347114752015e-06,100,100
1.462,6,0,7,11,0,0,1.08061399008946e-05,9.19605872756099e-06,8.14111003392611e-06,8.62936938209833e-06,4.59997726738173e-06,2.95780877370592e-06,100,100
1.463,6,1,8,11,0,0,1.097575503689e-05,9.34366662573478e-06,8.12590242225146e-06,8.78469421186909e-06,4.61161284150018e-06,2.94321350958803e-06,100,100
1.464,6,2,9,11,0,0,1.10536424117368e-05,9.49037828901543e-06,8.1084169633282e-06,8.93885292662589e-06,4.62309068287905e-06,2.92966918411499e-06,100,100
1.465,6,2,9,11,0,0,1.1125173064591e-05,9.60127566098131e-06,8.08870237149155e-06,9.09178562798664e-06,4.63443690426152e-06,2.91712131995252e-06,100,100
1.466,6,2,10,12,0,0,1.11943465271861e-05,9.70289831824822e-06,8.06681210729361e-06,9.2434333546305e-06,4.65833403631911e-06,2.90552276940373e-06,100,100
1.467,6,3,10,14,0,0,1.12612082264511e-05,9.80352362517949e-06,8.04281683749491e-06,9.39373811423238e-06,4.71818926612645e-06,2.89486105517536e-06,100,100
1.468,7,5,10,17,0,0,1.13257852664033e-05,9.90312596930202e-06,8.01679400835464e-06,9.54264291341474e-06,4.77713972109681e-06,2.88513262178233e-06,100,100
1.469,7,5,11,18,0,1,1.13881263967461e-05,1.00016782919888e-05,7.98878362462249e-06,9.69009178574739e-06,4.80817374497165e-06,2.87636589240077e-06,100,100
1.47,7,5,11,18,0,3,1.14482484754596e-05,1.00991518701952e-05,7.95876834609997e-06,9.83602981783066e-06,4.86601683377968e-06,2.86859735667828e-06,100,100
1.471,8,5,11,18,0,5,1.15061642126249e-05,1.01955194158164e-05,7.93881708094888e-06,9.98040317350145e-06,4.92482848083725e-06,2.86179353132284e-06,100,100
1.472,10,5,11,18,0,7,1.15619421209924e-05,1.02907579430651e-05,7.92554821049553e-06,1.01231591162059e-05,4.98299019714355e-06,2.85588000057867e-06,100,100
1.473,11,7,12,18,0,8,1.16156728479856e-05,1.03952387121094e-05,7.90976702930358e-06,1.02642460295855e-05,5.0187136810857e-06,2.85081857327003e-06,100,100
1.474,11,7,12,18,0,10,1.16674172134959e-05,1.0543880926108e-05,7.89156632359767e-06,1.04036134363261e-05,5.01229998730627e-06,2.84659826012824e-06,100,100
1.475,11,7,12,18,0,10,1.17172152815341e-05,1.06908738975044e-05,7.87099703861304e-06,1.05412120153229e-05,5.01377345490984e-06,2.84319496983003e-06,100,100
1.476,11,7,12,18,0,10,1.17651397945461e-05,1.08361320612325e-05,7.84809361411263e-06,1.06769936172145e-05,5.0700690171161e-06,2.8378077133615e-06,100,100
1.477,11,8,12,19,0,10,1.18112878754971e-05,1.09795691587032e-05,7.82292829553861e-06,1.08109112783434e-05,5.10625603330123e-06,2.82548726592782e-06,100,100
1.478,10,8,13,19,0,10,1.18606167123465e-05,1.11211059000907e-05,7.79562791047211e-06,1.09429192331986e-05,5.14179985593003e-06,2.81184796037047e-06,100,100
1.479,10,8,13,19,0,11,1.19809539031242e-05,1.12606738772739e-05,7.76632532241974e-06,1.10729729254002e-05,5.16851123531791e-06,2.79856489879579e-06,100,100
1.48,11,10,13,19,0,15,1.20987383240048e-05,1.13982120654474e-05,7.73515479064041e-06,1.12010290172829e-05,5.16291224731768e-06,2.78562042390433e-06,100,100
1.481,11,10,14,19,0,15,1.22139899437141e-05,1.15336594885582e-05,7.70225089563326e-06,1.13270453981382e-05,5.18174787825115e-06,2.7730248360146e-06,100,100
1.482,11,11,13,19,0,16,1.23267143680714e-05,1.16669515599416e-05,7.67482640087297e-06,1.14509811911749e-05,5.20144897073672e-06,2.76788609913253e-06,100,100
1.483,11,11,13,19,0,16,1.24369451313974e-05,1.17980203796031e-05,7.65123017177454e-06,1.15727967592542e-05,5.22094127466384e-06,2.76330050886988e-06,100,100
1.484,11,11,13,19,0,16,1.25447335261643e-05,1.19267953533676e-05,7.62635141135142e-06,1.16924537094594e-05,5.24016648035903e-06,2.7582258145602e-06,100,100
1.485,11,12,14,19,0,16,1.26500719502388e-05,1.20532075180186e-05,7.60027594573331e-06,1.18099148965563e-05,5.30639978798825e-06,2.75255627384652e-06,100,100
1.486,11,12,14,19,0,16,1.27529127349793e-05,1.21771936952825e-05,7.57308750965146e-06,1.19251444253997e-05,5.37705784856754e-06,2.74622887861004e-06,100,100
1.487,11,12,14,19,0,16,1.28532671351822e-05,1.22986931991904e-05,7.54486961385997e-06,1.20381076523423e-05,5.44663355250782e-06,2.73924287194302e-06,100,100
1.488,12,14,14,19,0,16,1.29512135664319e-05,1.24176444421238e-05,7.5157310588793e-06,1.21487711856971e-05,5.55249170147914e-06,2.73160649027135e-06,100,100
1.489,13,14,13,19,0,16,1.30495337463213e-05,1.25339886387875e-05,7.48580453162314e-06,1.22571028853073e-05,5.66525889998279e-06,2.7233038159472e-06,100,100
1.49,13,15,13,21,0,16,1.31457647999988e-05,1.2647673165892e-05,7.45522827216036e-06,1.2363071861271e-05,5.7200630366064e-06,2.7143540083357e-06,100,100
1.491,13,15,13,21,0,16,1.32397899335941e-05,1.27559782511947e-05,7.42407517624179e-06,1.24666484718719e-05,5.78353713037105e-06,2.70479973264506e-06,100,100
1.492,14,15,13,23,0,16,1.33316543182873e-05,1.28610962705608e-05,7.39237250109832e-06,1.25678043207593e-05,5.87985773871965e-06,2.68252739501775e-06,100,100
1.493,16,15,13,23,0,16,1.34214339645262e-05,1.29635914503209e-05,7.36017579766976e-06,1.26665122534241e-05,5.97399305457559e-06,2.65443321520775e-06,100,100
1.494,17,15,13,24,0,16,1.35091639070889e-05,1.30634453462126e-05,7.32755062267433e-06,1.27627463530104e-05,6.06585113590741e-06,2.62614173756252e-06,100,100
1.495,17,15,13,24,0,16,1.35948485774661e-05,1.31606475066176e-05,7.29458157116351e-06,1.28564819355057e-05,6.15532698797311e-06,2.59770572326247e-06,100,100
1.496,17,16,14,24,0,16,1.36785222938542e-05,1.32551883729983e-05,7.26135114933809e-06,1.29476955443449e-05,6.23715985846352e-06,2.56915913548811e-06,100,100
1.497,17,16,14,24,0,16,1.37602210366508e-05,1.33470598662138e-05,7.22793815482144e-06,1.30363649444662e-05,6.28027937534631e-06,2.54052686833353e-06,100,100
1.498,17,16,14,24,0,16,1.38400048808895e-05,1.34362559403356e-05,7.21831645663718e-06,1.31224691158507e-05,6.30478016700194e-06,2.51186116276537e-06,100,100
1.499,18,16,14,24,0,16,1.39179627866843e-05,1.35227696470799e-05,7.21355067803071e-06,1.32059882465788e-05,6.32828959902119e-06,2.48323854746776e-06,100,100
1.5,19,16,14,25,0,16,1.39941243688081e-05,1.36065902081416e-05,7.20827305842605e-06,1.32869037254322e-05,6.35069441499303e-06,2.45470310170433e-06,100,100
1.501,19,16,15,25,0,16,1.40684801120302e-05,1.36877106393435e-05,7.20253414997289e-06,1.33651981340691e-05,6.37197060094543e-06,2.42627356313786e-06,100,100
1.502,20,16,15,25,0,16,1.41409971415821e-05,1.37661308459663e-05,7.19636019793803e-06,1.34408552387978e-05,6.39213415561346e-06,2.40092017590895e-06,100,100
1.503,20,16,15,25,0,16,1.4211608355672e-05,1.38418533611808e-05,7.18973432169943e-06,1.35138599819736e-05,6.41120264201638e-06,2.3881976907617e-06,100,100
1.504,20,16,15,25,0,16,1.42802889299838e-05,1.39148832194607e-05,7.18263845676588e-06,1.3584198473038e-05,6.42915957221013e-06,2.37572766838672e-06,100,100
1.505,20,16,18,25,0,16,1.43470165544839e-05,1.39836139844791e-05,7.17509588866608e-06,1.36518579792237e-05,6.45258832943297e-06,2.36355598653203e-06,100,100
1.506,20,16,19,25,0,16,1.44117032272861e-05,1.40404300015183e-05,7.16710572919384e-06,1.37168269159405e-05,6.49226851376986e-06,2.35175892915551e-06,100,100
1.507,20,16,19,25,0,16,1.44742817752971e-05,1.40944804352272e-05,7.15862127703666e-06,1.377909483686e-05,6.52994474556922e-06,2.34363031295021e-06,100,100
1.508,21,16,19,25,0,16,1.4534756132443e-05,1.41457621495686e-05,7.14958951662501e-06,1.38386524237143e-05,6.5655487206218e-06,2.34758415591702e-06,100,100
1.509,21,16,19,25,0,16,1.45931835515197e-05,1.41942731950572e-05,7.1399638815924e-06,1.38954914758225e-05,6.59905309360043e-06,2.35171963688887e-06,100,100
1.51,21,16,19,25,0,16,1.4649638541234e-05,1.42400127335362e-05,7.12973351762129e-06,1.39496048993554e-05,6.62305665016346e-06,2.35603232876043e-06,100,100
1.511,21,17,19,25,0,16,1.47041617707987e-05,1.42829808884511e-05,7.11894904748266e-06,1.40009866963521e-05,6.64429803156049e-06,2.36049503063141e-06,100,100
1.512,21,17,19,25,0,16,1.47567458920172e-05,1.43231751213808e-05,7.1076658465006e-06,1.40496319534961e-05,6.66360872549523e-06,2.36508881710973e-06,100,100
1.513,21,17,19,25,0,16,1.48073597343646e-05,1.43605873552882e-05,7.09591033365627e-06,1.40955368306616e-05,6.68099583596949e-06,2.36980628224692e-06,100,100
1.514,22,17,19,25,0,16,1.4855967246575e-05,1.43952125486098e-05,7.08373276964745e-06,1.41386985492353e-05,6.69080755954704e-06,2.37462798922465e-06,100,100
1.515,22,18,19,25,0,16,1.49025329978284e-05,1.44270565873538e-05,7.07120333640415e-06,1.4179115380224e-05,6.69643633598437e-06,2.37951194275815e-06,100,100
1.516,22,18,19,25,0,16,1.49470009925751e-05,1.44561325399746e-05,7.05835139891539e-06,1.42167866321507e-05,6.70040911815895e-06,2.38442072790035e-06,100,100
1.517,22,18,19,26,0,16,1.4989255888738e-05,1.44824570386706e-05,7.04514254483541e-06,1.42517126387478e-05,6.70276459185071e-06,2.38934243464898e-06,100,100
1.518,22,18,19,26,0,16,1.5029184000642e-05,1.45060503733887e-05,7.03070452883778e-06,1.42838947464503e-05,6.70352522051384e-06,2.39430202975631e-06,100,100
1.519,22,18,19,26,0,16,1.50565982342146e-05,1.45269328510489e-05,7.00512491530261e-06,1.43127583516528e-05,6.70267689907317e-06,2.39933316290517e-06,100,100
1.52,21,18,19,26,0,16,1.50756937801048e-05,1.45451178531183e-05,6.97920802837066e-06,1.43381361149582e-05,6.70020918140434e-06,2.39118970680366e-06,100,100
1.521,21,18,19,26,0,16,1.50925746912081e-05,1.45606128244008e-05,6.95300287214458e-06,1.43607817323485e-05,6.69615907167067e-06,2.3824432121424e-06,100,100
1.522,21,18,19,26,0,16,1.5107304229955e-05,1.45734274320398e-05,6.9265566745604e-06,1.43807009482806e-05,6.69058110189258e-06,2.37392917986555e-06,100,100
1.523,21,18,19,26,0,16,1.51199321631205e-05,1.45835772520676e-05,6.89988076038011e-06,1.43979004480241e-05,6.68352336635091e-06,2.3723082406719e-06,100,100
1.524,21,18,19,26,0,16,1.51304651138267e-05,1.45910833056635e-05,6.87299358901468e-06,1.4412387843949e-05,6.67503631389311e-06,2.37533517377986e-06,100,100
1.525,21,18,19,26,0,16,1.51388698038722e-05,1.45959679318937e-05,6.84592418725348e-06,1.44241716616421e-05,6.66515602300745e-06,2.3780537015346e-06,100,100
1.526,21,18,19,26,0,16,1.51451203090123e-05,1.45982476742744e-05,6.81868264799727e-06,1.44332613258542e-05,6.65389343441524e-06,2.38052366257868e-06,100,100
1.527,21,18,19,26,0,16,1.51492345398648e-05,1.45979342213486e-05,6.79125974675106e-06,1.44396671462831e-05,6.64129089335835e-06,2.38286252615528e-06,100,100
1.528,21,18,19,26,0,16,1.51512646577575e-05,1.4595042219572e-05,6.76363931096987e-06,1.44434003031949e-05,6.62745317886132e-06,2.3851736262802e-06,100,100
1.529,21,18,19,26,0,16,1.51512436389365e-05,1.45895890638028e-05,6.73582117614415e-06,1.4444472832887e-05,6.61248155864873e-06,2.38750565695639e-06,100,100
1.53,21,18,19,26,0,16,1.51491850973035e-05,1.45815841684818e-05,6.70783762530608e-06,1.44428976129988e-05,6.59643857198076e-06,2.38451219578628e-06,100,100
1.531,21,18,19,26,0,16,1.51451192181387e-05,1.45823191896492e-05,6.67975153325257e-06,1.44386883476726e-05,6.57936791758176e-06,2.37364923482199e-06,100,100
1.532,21,18,19,26,0,16,1.51390721084831e-05,1.45847966295004e-05,6.65161823396437e-06,1.44318595525692e-05,6.56130117109468e-06,2.3633185894811e-06,100,100
1.533,21,18,19,26,0,16,1.51310575134644e-05,1.45847125381915e-05,6.62348461138912e-06,1.44224265397455e-05,6.54226616745046e-06,2.35354209977259e-06,100,100
1.534,21,18,19,26,0,16,1.51211085313243e-05,1.45820644703511e-05,6.59538613217378e-06,1.44104054023962e-05,6.52229812839235e-06,2.35190033996704e-06,100,100
1.535,21,18,18,26,0,16,1.51092924050877e-05,1.45768459260533e-05,6.56730439900065e-06,1.43958129994681e-05,6.50142458041906e-06,2.35457226911914e-06,100,100
1.536,21,18,18,26,0,16,1.50956694177741e-05,1.45690516390839e-05,6.53923989523982e-06,1.43786669401509e-05,6.4796734942966e-06,2.3555604786296e-06,100,100
1.537,20,18,18,26,0,16,1.50802412371344e-05,1.45586784408216e-05,6.51124436711089e-06,1.43589855682525e-05,6.45709338368469e-06,2.34156197081189e-06,100,100
1.538,20,18,18,26,0,16,1.50629802827002e-05,1.45457255842923e-05,6.48332179432696e-06,1.43367879464648e-05,6.43373518549963e-06,2.32625933329657e-06,100,100
1.539,20,18,18,26,0,16,1.50438756971128e-05,1.45301914933864e-05,6.45544486401277e-06,1.43120938405268e-05,6.40963493436645e-06,2.31047381464711e-06,100,100
1.54,20,18,18,26,0,16,1.50229124662078e-05,1.4512078214799e-05,6.42761858203167e-06,1.42849237032939e-05,6.38404028944479e-06,2.29423203366672e-06,100,100
1.541,20,18,18,26,0,16,1.50000776652468e-05,1.44913921148539e-05,6.39986933466013e-06,1.42552986587196e-05,6.35762601796489e-06,2.28142292259362e-06,100,100
1.542,20,18,18,26,0,16,1.49754084917708e-05,1.44681373195816e-05,6.37868156034188e-06,1.42232404857592e-05,6.33063793063665e-06,2.27051757490128e-06,100,100
1.543,20,18,18,26,0,16,1.49489728536731e-05,1.44423198552671e-05,6.36671817496821e-06,1.41887716022034e-05,6.3030684652163e-06,2.25987195458604e-06,100,100
1.544,20,18,18,26,0,16,1.4920826082661e-05,1.44139474951227e-05,6.35463433406405e-06,1.4151915048451e-05,6.27492304394152e-06,2.24949464790164e-06,100,100
1.545,20,18,18,26,0,16,1.48910254108593e-05,1.43830261586197e-05,6.34241074408655e-06,1.41126944712291e-05,6.2461880893431e-06,2.2349726040304e-06,100,100
1.546,20,18,18,26,0,16,1.48596459653719e-05,1.43495639427056e-05,6.33005255712242e-06,1.40711341072719e-05,6.21687793341654e-06,2.21579130201763e-06,100,100
1.547,20,18,18,26,0,16,1.48267408485863e-05,1.43135714882258e-05,6.31756028647243e-06,1.40272587669657e-05,6.18702102144336e-06,2.20924060034344e-06,100,100
1.548,20,18,18,26,0,16,1.47923162056432e-05,1.42750587032474e-05,6.30494184242951e-06,1.39810938179716e-05,6.15660625594621e-06,2.20297599267364e-06,100,100
1.549,20,18,18,26,0,16,1.47563810294674e-05,1.42340384203784e-05,6.2922339094729e-06,1.39326651688356e-05,6.12563148915047e-06,2.19699676873331e-06,100,100
1.55,20,18,18,26,0,16,1.47189544836603e-05,1.4190526359399e-05,6.27942488801e-06,1.38819992525956e-05,6.09409828878561e-06,2.19126738607304e-06,100,100
1.551,19,18,18,26,0,16,1.46800335365449e-05,1.41445415259016e-05,6.26646542560332e-06,1.38291230103972e-05,6.06154960362428e-06,2.1845222143853e-06,100,100
1.552,19,18,18,26,0,16,1.46395846347163e-05,1.40961101525623e-05,6.25332798927285e-06,1.37740638751267e-05,6.02784193845327e-06,2.17614761454919e-06,100,100
1.553,18,18,17,24,0,16,1.45975592826062e-05,1.40452588504679e-05,6.24002219126167e-06,1.37168497550742e-05,5.99346120890292e-06,2.16806562304778e-06,100,100
1.554,17,18,17,24,0,16,1.45539186911875e-05,1.39920082562261e-05,6.23000677920417e-06,1.36575090176357e-05,5.96182016880894e-06,2.1602857407019e-06,100,100
1.555,17,18,17,23,0,16,1.45086257926315e-05,1.393637746154e-05,6.22205356917026e-06,1.35960704730653e-05,5.93810290071514e-06,2.15279098661136e-06,100,100
1.556,17,18,17,23,0,16,1.44616642972051e-05,1.38783914339474e-05,6.214381248618e-06,1.35325633582878e-05,5.91390312512496e-06,2.14772708466127e-06,100,100
1.557,17,18,16,23,0,16,1.44130491066564e-05,1.38180810388502e-05,6.20697432371593e-06,1.34670173207837e-05,5.88927592583217e-06,2.14295336565422e-06,100,100
1.558,16,18,16,23,0,16,1.43628073686195e-05,1.37554798705116e-05,6.18947594993531e-06,1.33994624025543e-05,5.86423176421061e-06,2.137469889588e-06,100,100
1.559,16,18,16,23,0,16,1.43109572159328e-05,1.36906246751879e-05,6.17036749920766e-06,1.33299290241799e-05,5.83873304148727e-06,2.12502926340032e-06,100,100
1.56,16,17,16,23,0,16,1.4257496893248e-05,1.36140257136281e-05,6.15165246010214e-06,1.32584479689794e-05,5.81277375769937e-06,2.11859088156871e-06,100,100
1.561,16,17,16,23,0,16,1.42024118447077e-05,1.35351304269188e-05,6.13333999079903e-06,1.31850503672821e-05,5.78636966981338e-06,2.1122755150853e-06,100,100
1.562,15,17,16,22,0,16,1.41456610815413e-05,1.34543412991964e-05,6.11540628047941e-06,1.31097676808218e-05,5.75950251754434e-06,2.10606252117694e-06,100,100
1.563,15,17,15,22,0,16,1.40872083328518e-05,1.3371712434466e-05,6.09784130806558e-06,1.30326316872611e-05,5.73214876623664e-06,2.10179718604571e-06,100,100
1.564,14,17,15,22,0,16,1.4027052430799e-05,1.3287293159126e-05,6.08065176083821e-06,1.29536744648577e-05,5.70430769117765e-06,2.10769803006099e-06,100,100
1.565,13,16,15,22,0,16,1.39652031252628e-05,1.32011319041327e-05,6.0638511183062e-06,1.28729283772791e-05,5.67595899049276e-06,2.1131483547191e-06,100,100
1.566,13,15,15,22,0,16,1.39016652218359e-05,1.31132762082733e-05,6.04800204221548e-06,1.27904260585762e-05,5.64704545597698e-06,2.11816014338051e-06,100,100
1.567,13,15,14,22,0,16,1.38364211076475e-05,1.30237725379543e-05,6.04045362415986e-06,1.2706200398323e-05,5.61899836584331e-06,2.12276421581973e-06,100,100
1.568,13,15,13,21,0,16,1.37694356797544e-05,1.29326631248308e-05,6.03294446570545e-06,1.26202845269313e-05,5.59255330876051e-06,2.12695632502956e-06,100,100
1.569,13,15,13,21,0,16,1.37006841567995e-05,1.28399866088335e-05,6.02545634325982e-06,1.25327118011472e-05,5.5657540849476e-06,2.12991453932251e-06,100,100
1.57,13,14,12,21,0,16,1.3630136159257e-05,1.27457848365543e-05,6.01794600531824e-06,1.24435157897374e-05,5.53860699593561e-06,2.12752608771621e-06,100,100
1.571,13,14,12,21,0,16,1.35577662961046e-05,1.26501055666023e-05,6.01036051864064e-06,1.23527302593712e-05,5.51113267593793e-06,2.12506246434003e-06,100,100
1.572,12,14,11,21,0,16,1.34835838411697e-05,1.25529987519888e-05,6.0026493603328e-06,1.22603891607054e-05,5.48334717773013e-06,2.1225647162787e-06,100,100
1.573,12,13,11,20,0,16,1.34076217430156e-05,1.24545072451538e-05,5.99477595382267e-06,1.21665266146782e-05,5.45522190640645e-06,2.12007080795963e-06,100,100
1.574,11,13,10,19,0,16,1.33299010095332e-05,1.23546679116252e-05,5.9867469491953e-06,1.20711768990166e-05,5.42669199192183e-06,2.11761418486852e-06,100,100
1.575,10,13,9,18,0,16,1.3250399986012e-05,1.22535217560528e-05,5.97857058517311e-06,1.19743744349633e-05,5.3977445600854e-06,2.11518855462898e-06,100,100
1.576,10,12,9,17,0,16,1.3169098235328e-05,1.21511105574317e-05,5.97020040167e-06,1.18761537742281e-05,5.36841005577196e-06,2.11276604182617e-06,100,100
1.577,10,12,9,17,0,16,1.3083880210466e-05,1.20474709478368e-05,5.96157575318768e-06,1.17765495861662e-05,5.33870290949641e-06,2.11033415940126e-06,100,100
1.578,10,12,9,16,0,16,1.29862888950048e-05,1.19426351258733e-05,5.95267618499293e-06,1.16755966451898e-05,5.30862453889136e-06,2.10789571048362e-06,100,100
1.579,10,12,9,16,0,16,1.28871280612623e-05,1.1836634203996e-05,5.94350114322587e-06,1.15733298184138e-05,5.27816435301826e-06,2.10547364143827e-06,100,100
1.58,10,12,9,14,0,16,1.27865001624959e-05,1.17295041678824e-05,5.93405199715907e-06,1.14697840535394e-05,5.24731479238919e-06,2.10309354954062e-06,100,100
1.581,9,12,9,14,0,15,1.26845034498939e-05,1.16212823345216e-05,5.92433146147907e-06,1.13649943669789e-05,5.21607008273564e-06,2.10077023201502e-06,100,100
1.582,9,12,9,14,0,15,1.25811864394517e-05,1.15120044499477e-05,5.91434397108063e-06,1.12589958322211e-05,5.18440991036845e-06,2.09851543017348e-06,100,100
1.583,9,12,9,13,0,14,1.24765575648015e-05,1.14017083128394e-05,5.90411321394973e-06,1.11518235684422e-05,5.15231976302642e-06,2.08213898063369e-06,100,100
1.584,8,12,9,13,0,14,1.23706226917423e-05,1.12904251964166e-05,5.89366808699859e-06,1.10435127293591e-05,5.11928630613209e-06,2.06345475947186e-06,100,100
1.585,8,12,8,13,0,13,1.22634036979707e-05,1.11781810668538e-05,5.88304175748506e-06,1.09340984923294e-05,5.07932297534629e-06,2.04620784676193e-06,100,100
1.586,7,11,8,13,0,13,1.21549277581238e-05,1.10650095203998e-05,5.87228565929459e-06,1.08236160476959e-05,5.02843794369485e-06,2.03964625059906e-06,100,100
1.587,7,10,8,13,0,10,1.2045197391446e-05,1.09509487538168e-05,5.86145554400967e-06,1.07121005883752e-05,4.95392244466311e-06,2.03275057696595e-06,100,100
1.588,7,9,8,13,0,10,1.19341892073112e-05,1.08360300188246e-05,5.85057130404995e-06,1.05995872996919e-05,4.87806064912777e-06,2.02553913840028e-06,100,100
1.589,7,9,8,13,0,10,1.18219071126996e-05,1.07202787880944e-05,5.83962486716195e-06,1.0486111349454e-05,4.80091093272137e-06,2.01804515064613e-06,100,100
1.59,7,7,8,13,0,8,1.17083774822241e-05,1.06037272291437e-05,5.82865056621724e-06,1.03717078782706e-05,4.72251087288874e-06,2.01029100248265e-06,100,100
1.591,7,7,7,13,0,7,1.15936350678787e-05,1.0486410843343e-05,5.8177031028397e-06,1.02564119901084e-05,4.64948919713945e-06,2.00229269612093e-06,100,100
1.592,7,7,7,13,0,7,1.14777353275884e-05,1.03683625976821e-05,5.80681220599994e-06,1.01402587430857e-05,4.60184876487119e-06,1.994064343759e-06,100,100
1.593,7,7,7,13,0,6,1.13607470528172e-05,1.02496192187326e-05,5.79599538828057e-06,1.00232831405001e-05,4.55869340450282e-06,1.98561469133575e-06,100,100
1.594,6,6,7,12,0,4,1.12427480967145e-05,1.01302241555848e-05,5.78524918810862e-06,9.90552012208834e-06,4.52138765673799e-06,1.97876881422594e-06,100,100
1.595,6,5,7,11,0,3,1.11237972627273e-05,1.00352196229034e-05,5.77454026863827e-06,9.78700455551305e-06,4.48360766244582e-06,1.98002432811645e-06,100,100
1.596,6,5,7,11,0,1,1.10039458060446e-05,9.94907636438719e-06,5.76383393400162e-06,9.66777122807491e-06,4.44534783987387e-06,1.98079891565138e-06,100,100
1.597,6,4,7,11,0,0,1.08832499348833e-05,9.86221679148246e-06,5.75313143416387e-06,9.54785483864458e-06,4.40660124866094e-06,1.98105352828739e-06,100,100
1.598,6,4,7,10,0,0,1.07617511623129e-05,9.77465120057304e-06,5.74244093994184e-06,9.42728998981102e-06,4.39933817369391e-06,1.97628507095537e-06,100,100
1.599,6,4,6,9,0,0,1.06394904391077e-05,9.68639539082582e-06,5.73175932722347e-06,9.30611118024157e-06,4.40397674935759e-06,1.96647833548943e-06,100,100
1.6,6,2,6,9,0,0,1.05165139088678e-05,9.59747311614313e-06,5.7210940990901e-06,9.18435279724901e-06,4.38205216061118e-06,1.95676189208884e-06,100,100
1.601,6,2,6,9,0,0,1.03928694287428e-05,9.50791034652668e-06,5.71044702967203e-06,9.06204910956075e-06,4.32631963703133e-06,1.94906738562076e-06,100,100
1.602,6,2,6,9,0,0,1.02686340997901e-05,9.4177302137245e-06,5.699794382702e-06,8.93923426028505e-06,4.30938485240488e-06,1.94410007313675e-06,100,100
1.603,6,2,6,8,0,0,1.01438939245901e-05,9.32695635361673e-06,5.68909683007189e-06,8.81594226006891e-06,4.2798569219443e-06,1.9397091019683e-06,100,100
1.604,5,1,6,8,0,0,1.00186799107157e-05,9.23561828547604e-06,5.67834094506159e-06,8.69220698044206e-06,4.24954415462496e-06,1.93509232889289e-06,100,100
1.605,4,1,3,8,0,0,9.8929945236206e-06,9.11969217979284e-06,5.66754800108377e-06,8.5680621473417e-06,4.21614463116311e-06,1.93035981852396e-06,100,100
1.606,4,1,3,7,0,0,9.76688731676915e-06,8.99819231969709e-06,5.65673322247614e-06,8.44354133481192e-06,4.17643585457752e-06,1.92559460719651e-06,100,100
1.607,4,1,3,6,0,0,9.64042547597148e-06,8.87522238558771e-06,5.64588199463065e-06,8.31867795887216e-06,4.13629478640126e-06,1.92197020967168e-06,100,100
1.608,3,1,3,6,0,0,9.51363385704303e-06,8.75203468929433e-06,5.6349650010962e-06,8.19350527154858e-06,4.09576524304642e-06,1.91808602605642e-06,100,100
1.609,3,1,3,6,0,0,9.38653052514657e-06,8.62866399460217e-06,5.62396269921168e-06,8.06805635506243e-06,4.07454578780598e-06,1.91391170125193e-06,100,100
1.61,3,1,3,6,0,0,9.25916011507262e-06,8.50514607423315e-06,5.61285436246855e-06,7.94236411616928e-06,4.04217003983825e-06,1.90946547320956e-06,100,100
1.611,3,1,3,6,0,0,9.13157620940078e-06,8.3815152948445e-06,5.60161627376851e-06,7.81646128064285e-06,4.00976676993222e-06,1.90476528101457e-06,100,100
1.612,3,1,3,5,0,0,9.00382425701866e-06,8.25780489346245e-06,5.59021598437334e-06,7.69038038789746e-06,3.97734717441746e-06,1.89980557491914e-06,100,100
1.613,3,1,3,4,0,0,8.87593224611186e-06,8.13404948993546e-06,5.57860975024433e-06,7.56415378574273e-06,3.94490336342599e-06,1.89457319392131e-06,100,100
1.614,3,0,3,4,0,0,8.74792624658157e-06,8.01028717754349e-06,5.56681278710715e-06,7.43781362526446e-06,3.91241264975764e-06,1.88904800527201e-06,100,100
1.615,3,0,3,3,0,0,8.61986340977816e-06,7.88656377716544e-06,5.55487311175886e-06,7.31139185582547e-06,3.87094313812898e-06,1.88321110395635e-06,100,100
1.616,3,0,3,3,0,0,8.49183327655256e-06,7.76292702631278e-06,5.5427948244456e-06,7.18492022018031e-06,3.80629572471719e-06,1.87704638465488e-06,100,100
1.617,3,0,3,3,0,0,8.36393023900252e-06,7.63941929632161e-06,5.53059470732662e-06,7.05843024969763e-06,3.7412765090878e-06,1.87055628748969e-06,100,100
1.618,3,0,3,2,0,0,8.23622689862755e-06,7.51608070929373e-06,5.51833177545145e-06,6.93195325968446e-06,3.67535441746525e-06,1.86577294420053e-06,100,100
1.619,3,0,3,2,0,0,8.10876563406939e-06,7.39295162203164e-06,5.50603258165421e-06,6.80552034480605e-06,3.60477681244544e-06,1.8580693508841e-06,100,100
1.62,3,0,3,2,0,0,8.03539169884066e-06,7.27006995224294e-06,5.49226859492284e-06,6.67916237459577e-06,3.54847827336569e-06,1.85042721725902e-06,100,100
1.621,2,0,3,2,0,0,7.96349854629633e-06,7.14688250743145e-06,5.47877688986416e-06,6.55290998904913e-06,3.48922038379084e-06,1.84321223147548e-06,100,100
1.622,2,0,3,2,0,0,7.89190312072521e-06,7.02315008694218e-06,5.46554294501665e-06,6.42679359429624e-06,3.40455006993808e-06,1.83743566640257e-06,100,100
1.623,2,0,3,2,0,0,7.82062679616021e-06,6.89955340404954e-06,5.45254411268229e-06,6.30084335834728e-06,3.32457929402515e-06,1.83795629900085e-06,100,100
1.624,1,0,3,2,0,0,7.69697039393272e-06,6.77612661474826e-06,5.44438425899521e-06,6.17508920690545e-06,3.25522200698715e-06,1.84192414869962e-06,100,100
1.625,1,0,3,2,0,0,7.56806125921451e-06,6.65290216480977e-06,5.4378935083852e-06,6.04956081924232e-06,3.18620166237495e-06,1.84621681467934e-06,100,100
1.626,1,0,2,2,0,0,7.43935135345918e-06,6.529911589902e-06,5.43177049872617e-06,5.9242876241302e-06,3.14939077214895e-06,1.85082933013714e-06,100,100
1.627,1,0,1,2,0,0,7.31088959175752e-06,6.40719059445914e-06,5.42596088345952e-06,5.79929879582685e-06,3.0831823147751e-06,1.85576071948009e-06,100,100
1.628,1,0,0,1,0,0,7.18273489848416e-06,6.28477674372511e-06,5.42043123001134e-06,5.67462325010754e-06,3.03347204273683e-06,1.85737974229321e-06,100,100
1.629,0,0,0,1,0,0,7.05495504374991e-06,6.16270930030948e-06,5.41519347485296e-06,5.55028964033998e-06,2.99649530484096e-06,1.85900512437969e-06,100,100
1.63,0,0,0,1,0,0,6.92759811055698e-06,6.04103097322347e-06,5.41027250940223e-06,5.42632635359753e-06,2.95222679931643e-06,1.8608878264033e-06,100,100
1.631,0,0,0,1,0,0,6.80067824938331e-06,5.91978514776028e-06,5.40567324671828e-06,5.30276150680666e-06,2.86173074997716e-06,1.86298028359933e-06,100,100
1.632,0,0,0,0,0,0,6.67420540583473e-06,5.79901144980969e-06,5.40138277039158e-06,5.17962294292438e-06,2.77165356007409e-06,1.86526072980761e-06,100,100
1.633,0,0,0,0,0,0,6.57565043674142e-06,5.67874610622905e-06,5.39738334195347e-06,5.05693822714194e-06,2.74899813722551e-06,1.86463708746459e-06,100,100
1.634,0,0,0,0,0,0,6.50700426680684e-06,5.55902631209784e-06,5.39365571464488e-06,4.93473464311105e-06,2.73808964775065e-06,1.86113271711768e-06,100,100
1.635,0,0,0,0,0,0,6.43880621852559e-06,5.43988983228684e-06,5.39019161893208e-06,4.81303918918927e-06,2.72746578356296e-06,1.8600539011707e-06,100,100
1.636,0,0,0,0,0,0,6.37179010728479e-06,5.32137065017057e-06,5.38697195382975e-06,4.69187857470119e-06,2.71709611964299e-06,1.85951926445633e-06,100,100
1.637,0,0,0,0,0,0,6.30849142482252e-06,5.20350130144082e-06,5.38396209595654e-06,4.57127921621258e-06,2.6801012053062e-06,1.85908895641224e-06,100,100
1.638,0,0,0,0,0,0,6.24533717511951e-06,5.08631482881918e-06,5.38113131506388e-06,4.45126723381442e-06,2.63788787482265e-06,1.85876868986975e-06,100,100
1.639,0,0,0,0,0,0,6.23559074058527e-06,4.9698443388841e-06,5.37844787579529e-06,4.33186844741456e-06,2.59585087942058e-06,1.85854311591933e-06,100,100
1.64,0,0,0,0,0,0,6.25424057879762e-06,4.85412451578741e-06,5.37590308275751e-06,4.21310837303432e-06,2.52266314762136e-06,1.8584109541818e-06,100,100
1.641,0,0,0,0,0,0,6.27292720645146e-06,4.73918720538508e-06,5.373506792195e-06,4.0950122191081e-06,2.43772194406496e-06,1.85838984966245e-06,100,100
1.642,0,0,0,0,0,0,6.29164678359884e-06,4.62506135352232e-06,5.37125979481169e-06,3.977604882784e-06,2.40880495098877e-06,1.85855182125968e-06,100,100
1.643,0,0,0,0,0,0,6.31038650085097e-06,4.51177668758079e-06,5.36915400179463e-06,3.86091094622372e-06,2.35685756530104e-06,1.86346830037869e-06,100,100
1.644,0,0,0,0,0,0,6.32910173755623e-06,4.39936141025618e-06,5.36714989021791e-06,3.74495467290028e-06,2.297428078848e-06,1.86834107336575e-06,100,100
1.645,0,0,0,0,0,0,6.34774547648099e-06,4.28784032175737e-06,5.36520547855489e-06,3.6297600038924e-06,2.23841017538905e-06,1.8661454183547e-06,100,100
1.646,0,0,0,0,0,0,6.36631354426044e-06,4.1772369668657e-06,5.36332094848172e-06,3.51535055417428e-06,2.17978800016643e-06,1.85678272690308e-06,100,100
1.647,0,0,0,0,0,0,6.38480281958205e-06,4.06757381201547e-06,5.36149744936082e-06,3.40174960890026e-06,2.11466711943567e-06,1.84738955167879e-06,100,100
1.648,0,0,0,0,0,0,6.39139721505029e-06,3.95886887501827e-06,5.35971428432948e-06,3.28898011968347e-06,2.02620452326028e-06,1.84193034610716e-06,100,100
1.649,0,0,0,0,0,0,6.35328533961935e-06,3.85113453604542e-06,5.35795618960351e-06,3.1770647008684e-06,1.94734152135801e-06,1.83276503347088e-06,100,100
1.65,0,0,0,0,0,0,6.31570794220991e-06,3.74437993458221e-06,5.35622330227342e-06,3.0660256257969e-06,1.95377471354574e-06,1.823670248401e-06,100,100
1.651,0,0,0,0,0,0,6.27708756937297e-06,3.63861307001709e-06,5.35451158104446e-06,2.95588482306802e-06,1.95086301930802e-06,1.81680111271997e-06,100,100
1.652,0,0,0,0,0,0,6.20503263247542e-06,3.53384109193788e-06,5.35279465334394e-06,2.84666387279166e-06,1.89791374138388e-06,1.81155927629781e-06,100,100
1.653,0,0,0,0,0,0,6.08884631299346e-06,3.43382663117174e-06,5.35103714430347e-06,2.73921945597405e-06,1.86528786168591e-06,1.80623543629618e-06,100,100
1.654,0,0,0,0,0,0,5.97376498757726e-06,3.35256437448293e-06,5.34921621854417e-06,2.68114345649747e-06,1.8592818892594e-06,1.80084340561429e-06,100,100
1.655,0,0,0,0,0,0,5.8814944101408e-06,3.27455556760823e-06,5.34731809931716e-06,2.6235873627094e-06,1.84266234742537e-06,1.79736658524338e-06,100,100
1.656,0,0,0,0,0,0,5.82386075210345e-06,3.2176210768312e-06,5.34534096718583e-06,2.55878027063052e-06,1.81112100905371e-06,1.79673904181436e-06,100,100
1.657,0,0,0,0,0,0,5.76705088424983e-06,3.16129719716505e-06,5.34329196911369e-06,2.47787958860111e-06,1.78204548828992e-06,1.79618059085435e-06,100,100
1.658,0,0,0,0,0,0,5.7110741360046e-06,3.13174898899462e-06,5.34116100463823e-06,2.39776619713213e-06,1.79720988695503e-06,1.79571586094712e-06,100,100
1.659,0,0,0,0,0,0,5.65594897851798e-06,3.10337840765939e-06,5.33893154184718e-06,2.3081442371722e-06,1.79529141325891e-06,1.79536078695791e-06,100,100
1.66,0,0,0,0,0,0,5.60168976201787e-06,3.05298048290397e-06,5.33661161124621e-06,2.24582594465491e-06,1.78507430012539e-06,1.79511742287627e-06,100,100
1.661,0,0,0,0,0,0,5.54829272624002e-06,3.02833142464528e-06,5.33423184510695e-06,2.17580920820313e-06,1.75584555761865e-06,1.79495953981582e-06,100,100
1.662,0,0,0,0,0,0,5.49576688783358e-06,3.02192202145986e-06,5.33182570784607e-06,2.07628519782287e-06,1.72681784317041e-06,1.79486757370799e-06,100,100
1.663,0,0,0,0,0,0,5.44413264879023e-06,3.03615489945099e-06,5.32940566766829e-06,1.97788459154269e-06,1.71208029506286e-06,1.79486254645985e-06,100,100
1.664,0,0,0,0,0,0,5.39339072553728e-06,3.01239669172046e-06,5.32696143878186e-06,1.88062472335303e-06,1.68714865735266e-06,1.79497194883798e-06,100,100
1.665,0,0,0,0,0,0,5.3435271160131e-06,2.95859826933248e-06,5.32448857024514e-06,1.78452253213224e-06,1.70443099390083e-06,1.7952000857276e-06,100,100
1.666,0,0,0,0,0,0,5.29453059938068e-06,2.90549859875732e-06,5.32200118971439e-06,1.68959455793864e-06,1.69269474900031e-06,1.79301378048014e-06,100,100
1.667,0,0,0,0,0,0,5.24640748746121e-06,2.85311018789989e-06,5.31952080314523e-06,1.59585693832217e-06,1.69164500822632e-06,1.78916555399959e-06,100,100
1.668,0,0,0,0,0,0,5.19915937423199e-06,2.80144303982917e-06,5.31706122719029e-06,1.50332540465863e-06,1.69305490104426e-06,1.78641100630168e-06,100,100
1.669,0,0,0,0,0,0,5.17124254102398e-06,2.7505035824497e-06,5.31463417537617e-06,1.42622371815689e-06,1.69798928922306e-06,1.78756410063906e-06,100,100
1.67,0,0,0,0,0,0,5.16885648888882e-06,2.71584329555473e-06,5.31217678902264e-06,1.37809210686625e-06,1.72515439589119e-06,1.78898900134939e-06,100,100
1.671,0,0,0,0,0,0,5.12671255673606e-06,2.69158339138788e-06,5.30711893708956e-06,1.3306355741701e-06,1.72939007542261e-06,1.79067589858043e-06,100,100
1.672,0,0,0,0,0,0,5.08507541404586e-06,2.66764294666853e-06,5.30220320495213e-06,1.28386157004209e-06,1.74341793887922e-06,1.79260409193126e-06,100,100
1.673,0,0,0,0,0,0,5.04395740783164e-06,2.64401925158382e-06,5.29742531321156e-06,1.23777731939102e-06,1.75397670498267e-06,1.79473730407367e-06,100,100
1.674,0,0,0,0,0,0,5.00336724390749e-06,2.62070948032075e-06,5.29277933609166e-06,1.19238982278531e-06,1.75555460825006e-06,1.79703026805615e-06,100,100
1.675,0,0,0,0,0,0,4.96331255518172e-06,2.59771325422142e-06,5.28825273275194e-06,1.14770585066671e-06,1.76548817962334e-06,1.79944241641944e-06,100,100
1.676,0,0,0,0,0,0,4.92379943798131e-06,2.57779296305351e-06,5.28382662297497e-06,1.13646527581238e-06,1.77761184988752e-06,1.80195349756184e-06,100,100
1.677,0,0,0,0,0,0,4.88483905898399e-06,2.53698438801218e-06,5.27949471296182e-06,1.13246702606681e-06,1.79403626637539e-06,1.80455026432961e-06,100,100
1.678,0,0,0,0,0,0,4.84644225497332e-06,2.49667173212481e-06,5.27526710519916e-06,1.12853501449228e-06,1.79856488581499e-06,1.80722117546908e-06,100,100
1.679,0,0,0,0,0,0,4.8086183215296e-06,2.45694428967629e-06,5.27114520633285e-06,1.12466981597462e-06,1.77259435234108e-06,1.80995532270997e-06,100,100
1.68,0,0,0,0,0,0,4.77138207784385e-06,2.41780641093042e-06,5.26712583038346e-06,1.1208719885354e-06,1.73497678382057e-06,1.81273941017525e-06,100,100
1.681,0,0,0,0,0,0,4.7363973078191e-06,2.37926074965021e-06,5.26322153088434e-06,1.14192929188653e-06,1.6979157426566e-06,1.8155695885878e-06,100,100
1.682,0,0,0,0,0,0,4.73586121303187e-06,2.37905589056888e-06,5.25989075666749e-06,1.13877818433272e-06,1.68097007285777e-06,1.81843671747333e-06,100,100
1.683,0,0,0,0,0,0,4.73794527099045e-06,2.41733543651115e-06,5.26033528768378e-06,1.13483053918371e-06,1.67225988478898e-06,1.82130880286158e-06,100,100
1.684,0,0,0,0,0,0,4.77146178902079e-06,2.455482630702e-06,5.26080736210583e-06,1.13095012410782e-06,1.66811725876708e-06,1.8233906660099e-06,100,100
1.685,0,0,0,0,0,0,4.80439710849167e-06,2.4927898752382e-06,5.26129327882762e-06,1.12713752551638e-06,1.68342035839837e-06,1.82391143990041e-06,100,100
1.686,0,0,0,0,0,0,4.83673284936802e-06,2.5583590160806e-06,5.26178028766175e-06,1.12339331207919e-06,1.6855457195299e-06,1.8244070921867e-06,100,100
1.687,0,0,0,0,0,0,4.86845177966917e-06,2.61289840322564e-06,5.26225630361637e-06,1.11971803387071e-06,1.68698291652639e-06,1.8248647839102e-06,100,100
1.688,0,0,0,0,0,0,4.89955212816579e-06,2.64152550030526e-06,5.26271126421486e-06,1.13950470388002e-06,1.70593544630798e-06,1.82527530280275e-06,100,100
1.689,0,0,0,0,0,0,4.93002928337963e-06,2.66961985019517e-06,5.26313529106358e-06,1.18316294724588e-06,1.71584854337499e-06,1.82564349354607e-06,100,100
1.69,0,0,0,0,0,0,4.95987410845991e-06,2.70555493732368e-06,5.26351702455868e-06,1.21019342601435e-06,1.71629744086703e-06,1.82598179566767e-06,100,100
1.691,0,0,0,0,0,0,4.98907792594508e-06,2.76509424359114e-06,5.2638501362795e-06,1.23658726446621e-06,1.71678901390033e-06,1.8246712024438e-06,100,100
1.692,0,0,0,0,0,0,5.01763326012508e-06,2.8232768270293e-06,5.26413348484189e-06,1.26234254779446e-06,1.71731578489436e-06,1.82241847792506e-06,100,100
1.693,0,0,0,0,0,0,5.04552859973533e-06,2.88009242555639e-06,5.2643694952494e-06,1.28745757662449e-06,1.71787866271241e-06,1.82016442907582e-06,100,100
1.694,0,0,0,0,0,0,5.07274474534729e-06,2.93553174344348e-06,5.26456517285757e-06,1.31193086750086e-06,1.72834908248342e-06,1.81791004172041e-06,100,100
1.695,0,0,0,0,0,0,5.09926961295538e-06,2.98621818937903e-06,5.26378820705827e-06,1.34536573619239e-06,1.71910749705771e-06,1.81566074875703e-06,100,100
1.696,0,0,0,0,0,0,5.12510169247646e-06,3.01179545040815e-06,5.26200791517955e-06,1.38186546095086e-06,1.72602167193622e-06,1.81341322639975e-06,100,100
1.697,0,0,0,0,0,0,5.15023340202878e-06,3.03677912859756e-06,5.26017289636871e-06,1.41734197614941e-06,1.75519121184519e-06,1.81116683073478e-06,100,100
1.698,0,0,0,0,0,0,5.17465533721539e-06,3.06116689965964e-06,5.25829472467792e-06,1.45179431017093e-06,1.77255905265471e-06,1.80893144167635e-06,100,100
1.699,0,0,0,0,0,0,5.19377695767991e-06,3.08495613461089e-06,5.25638568006941e-06,1.48522183342931e-06,1.77527186578999e-06,1.8067142694939e-06,100,100
1.7,0,0,0,0,0,0,5.21796781056824e-06,3.10814385416343e-06,5.25446190209169e-06,1.51762425856437e-06,1.78912925491501e-06,1.80451298676766e-06,100,100
1.701,0,0,0,0,0,0,5.24144893806956e-06,3.13072794555687e-06,5.25253942881427e-06,1.54900164051706e-06,1.76898211002048e-06,1.80232204008576e-06,100,100
1.702,0,0,0,0,0,0,5.26418880320201e-06,3.15270670738212e-06,5.25063049367819e-06,1.57935437648239e-06,1.74573434296065e-06,1.80014208705867e-06,100,100
1.703,0,0,0,0,0,0,5.28617000711643e-06,3.17407727180131e-06,5.24874123812885e-06,1.61907971339236e-06,1.72522144965057e-06,1.79797389063384e-06,100,100
1.704,0,0,0,0,0,0,5.3073896593379e-06,3.19483575280246e-06,5.24687871070663e-06,1.65907270826582e-06,1.72603133536603e-06,1.79581131761222e-06,100,100
1.705,0,0,0,0,0,0,5.32784985580173e-06,3.21497800889471e-06,5.24505555834709e-06,1.69763036805157e-06,1.7272050543874e-06,1.79364942785398e-06,100,100
1.706,0,0,0,0,0,0,5.34754889899948e-06,3.23449902878396e-06,5.2432840974311e-06,1.7347549676245e-06,1.72994641691435e-06,1.79149157101932e-06,100,100
1.707,0,0,0,0,0,0,5.36648102953472e-06,3.25339246681152e-06,5.24157253347384e-06,1.77044925717833e-06,1.73258233125379e-06,1.78934770948667e-06,100,100
1.708,0,0,0,0,0,0,5.38464252220814e-06,3.27165196017521e-06,5.23992670333381e-06,1.80471646121895e-06,1.73511884784305e-06,1.78934044997049e-06,100,100
1.709,0,0,0,0,0,0,5.40203265267416e-06,3.28927264074325e-06,5.23835009882844e-06,1.83756027735972e-06,1.73755509608453e-06,1.79046954863015e-06,100,100
1.71,0,0,0,0,0,0,5.41865175785943e-06,3.30770580568281e-06,5.23684295818423e-06,1.86250986738912e-06,1.73135825149089e-06,1.79147206071882e-06,100,100
1.711,0,0,0,0,0,0,5.43450044438004e-06,3.33970489316121e-06,5.23540709668331e-06,1.876744989354e-06,1.72542892173358e-06,1.79234871159218e-06,100,100
1.712,0,0,0,0,0,0,5.44958320539261e-06,3.37027440059675e-06,5.23404236858176e-06,1.89031450716489e-06,1.71983356652798e-06,1.79310443864992e-06,100,100
1.713,0,0,0,0,0,0,5.46390833084805e-06,3.39941601122157e-06,5.23274627024606e-06,1.90322114523674e-06,1.71456098959641e-06,1.79373983895759e-06,100,100
1.714,0,0,0,0,0,0,5.47748300756014e-06,3.42713202865681e-06,5.23151846777713e-06,1.91546784792946e-06,1.70960467971973e-06,1.79425468255605e-06,100,100
1.715,0,0,0,0,0,0,5.49031681678948e-06,3.45342578885216e-06,5.23035813516904e-06,1.92705777831244e-06,1.70495432695216e-06,1.79465468774212e-06,100,100
1.716,0,0,0,0,0,0,5.50242009309308e-06,3.47830120442413e-06,5.22926781773133e-06,1.94829044146612e-06,1.70059672952228e-06,1.79604351925449e-06,100,100
1.717,0,0,0,0,0,0,5.51379880481693e-06,3.50176241084268e-06,5.22825112839867e-06,1.97086095597928e-06,1.69651999815473e-06,1.7976111244227e-06,100,100
1.718,0,0,0,0,0,0,5.52445792318918e-06,3.52381351734304e-06,5.22730752525635e-06,1.99202522862877e-06,1.69271623992381e-06,1.79901056614632e-06,100,100
1.719,0,0,0,0,0,0,5.53440035330907e-06,3.54445909036045e-06,5.22643830350616e-06,2.01179158399557e-06,1.68942775932742e-06,1.80024956158211e-06,100,100
1.72,0,0,0,0,0,0,5.54362724127236e-06,3.56370446668879e-06,5.22564770131654e-06,2.03016880191179e-06,1.69003997808311e-06,1.80133496087644e-06,100,100
1.721,0,0,0,0,0,0,5.55214295921825e-06,3.58155568273897e-06,5.22493874100685e-06,2.04716611320887e-06,1.69063777783878e-06,1.80227232034401e-06,100,100
1.722,0,0,0,0,0,0,5.55995541287904e-06,3.59801924971123e-06,5.22431162311136e-06,2.06279319529025e-06,1.68494789077305e-06,1.80306781128184e-06,100,100
1.723,0,0,0,0,0,0,5.56707279592309e-06,3.61310206367374e-06,5.22376447008474e-06,2.0770601676795e-06,1.67729325369874e-06,1.80372901546116e-06,100,100
1.724,0,0,0,0,0,0,5.57350154188291e-06,3.62681176595992e-06,5.22329447017968e-06,2.08997758781028e-06,1.67036190928992e-06,1.80426482544191e-06,100,100
1.725,0,0,0,0,0,0,5.57924874451216e-06,3.63915693171136e-06,5.2228975746893e-06,2.10155644748746e-06,1.66414261944726e-06,1.80468554737533e-06,100,100
1.726,0,0,0,0,0,0,5.5843240149683e-06,3.6501469730355e-06,5.22256925139427e-06,2.11180817064227e-06,1.65862420716726e-06,1.80500400172359e-06,100,100
1.727,0,0,0,0,0,0,5.58873829068962e-06,3.65979205850378e-06,5.22230527792347e-06,2.12074461316704e-06,1.65507470073699e-06,1.80523361886976e-06,100,100
1.728,0,0,0,0,0,0,5.59250317381433e-06,3.66810304698666e-06,5.22209985006145e-06,2.12837806561201e-06,1.65497275047162e-06,1.80538821060426e-06,100,100
1.729,0,0,0,0,0,0,5.59562967366075e-06,3.67509144072126e-06,5.22194545585638e-06,2.13472125917534e-06,1.65489809226327e-06,1.80548345365167e-06,100,100
1.73,0,0,0,0,0,0,5.59812689910411e-06,3.68076915195565e-06,5.22183576753434e-06,2.1397873746027e-06,1.65484255166649e-06,1.80553495409089e-06,100,100
1.731,0,0,0,0,0,0,5.60000248974709e-06,3.6851485200641e-06,5.22176595702528e-06,2.1435900524776e-06,1.65479814481679e-06,1.80555635761095e-06,100,100
1.732,0,0,0,0,0,0,5.6012637513495e-06,3.68824264796601e-06,5.22173141667802e-06,2.14614340241149e-06,1.65475694344855e-06,1.80556027902761e-06,100,100
1.733,0,0,0,0,0,0,5.60191798494777e-06,3.69006539106565e-06,5.22172763357502e-06,2.14746200841457e-06,1.65471047056464e-06,1.80555861553016e-06,100,100
1.734,0,0,0,0,0,0,5.60197223789563e-06,3.69063132763384e-06,5.22174974852004e-06,2.14756092846186e-06,1.65464909061146e-06,1.80556156397445e-06,100,100
1.735,0,0,0,0,0,0,5.60143375851294e-06,3.68995587949415e-06,5.22179220237315e-06,2.14645568760143e-06,1.65456238467063e-06,1.80557722713999e-06,100,100
1.736,0,0,0,0,0,0,5.60031050404147e-06,3.68805534564174e-06,5.2218489664265e-06,2.14416226522757e-06,1.6544393921456e-06,1.80561148578093e-06,100,100
1.737,0,0,0,0,0,0,5.5986113766783e-06,3.68494683414366e-06,5.22191371360593e-06,2.14069707789986e-06,1.65426851216605e-06,1.80566806167007e-06,100,100
1.738,0,0,0,0,0,0,5.59634602926326e-06,3.68064813266371e-06,5.22198019508415e-06,2.13607695926726e-06,1.65403688076789e-06,1.80574853482879e-06,100,100
1.739,0,0,0,0,0,0,5.59352381739709e-06,3.67517769998823e-06,5.22204277520618e-06,2.13031913845466e-06,1.65373174169027e-06,1.80585194536476e-06,100,100
1.74,0,0,0,0,0,0,5.59015248934378e-06,3.66855456015109e-06,5.22209656545007e-06,2.1234412179244e-06,1.65334274864072e-06,1.80597509608666e-06,100,100
1.741,0,0,0,0,0,0,5.5862385433901e-06,3.66079803916504e-06,5.22213765810179e-06,2.1154611514908e-06,1.65286002624337e-06,1.80611382267784e-06,100,100
1.742,0,0,0,0,0,0,5.58178948623686e-06,3.65192784910595e-06,5.22216362110091e-06,2.10639722290244e-06,1.65346666811525e-06,1.80626307686866e-06,100,100
1.743,0,0,0,0,0,0,5.57681503685131e-06,3.64196418276604e-06,5.22217491696678e-06,2.09626802522278e-06,1.65748273759926e-06,1.80641638563803e-06,100,100
1.744,0,0,0,0,0,0,5.57132522048382e-06,3.63092758069559e-06,5.2221747381185e-06,2.08509244111883e-06,1.66189573517816e-06,1.80656536833499e-06,100,100
1.745,0,0,0,0,0,0,5.56532873765415e-06,3.61883914006011e-06,5.22216676779055e-06,2.07288962409199e-06,1.66668589934966e-06,1.806700112191e-06,100,100
1.746,0,0,0,0,0,0,5.55883416623362e-06,3.60572039746526e-06,5.22215354823014e-06,2.05967898063975e-06,1.67183447906315e-06,1.80681190862467e-06,100,100
1.747,0,0,0,0,0,0,5.55185161720463e-06,3.59159308665185e-06,5.22213469635616e-06,2.04548015331042e-06,1.67732293386277e-06,1.80689250495513e-06,100,100
1.748,0,0,0,0,0,0,5.54439131417602e-06,3.57647951706589e-06,5.22210980546864e-06,2.03031300459874e-06,1.68228518556818e-06,1.80693133389105e-06,100,100
1.749,0,0,0,0,0,0,5.53646217536265e-06,3.56040286911631e-06,5.22208230405044e-06,2.01419760162319e-06,1.68511007791248e-06,1.80691700188882e-06,100,100
1.75,0,0,0,0,0,0,5.52807120791929e-06,3.54338702944118e-06,5.22205787807786e-06,1.99715420152368e-06,1.68812974039483e-06,1.80770315375871e-06,100,100
1.751,0,0,0,0,0,0,5.51922122485265e-06,3.52545600217836e-06,5.22204437416225e-06,1.97920323751868e-06,1.69134396445992e-06,1.80912866798471e-06,100,100
1.752,0,0,0,0,0,0,5.50991512286571e-06,3.50663372276485e-06,5.22205273739385e-06,1.96036530556322e-06,1.69475146084931e-06,1.81057428771605e-06,100,100
1.753,0,0,0,0,0,0,5.50015980177379e-06,3.48694414410162e-06,5.22209345506677e-06,1.94066115155236e-06,1.6983527387206e-06,1.8120339190178e-06,100,100
1.754,0,0,0,0,0,0,5.48995979083225e-06,3.46641143675587e-06,5.2221757187854e-06,1.92289666486253e-06,1.70215670033429e-06,1.81350250988234e-06,100,100
1.755,0,0,0,0,0,0,5.47931577210066e-06,3.44505997672204e-06,5.22231213320341e-06,1.91302763362045e-06,1.70617728470584e-06,1.81497498599984e-06,100,100
1.756,0,0,0,0,0,0,5.46823164096954e-06,3.42291394332592e-06,5.22251868068814e-06,1.90278765693553e-06,1.71042786758597e-06,1.81644123168212e-06,100,100
1.757,0,0,0,0,0,0,5.45671708752996e-06,3.3999972155864e-06,5.22281211880823e-06,1.89218649230884e-06,1.71492034991894e-06,1.81788478302752e-06,100,100
1.758,0,0,0,0,0,0,5.4447835637578e-06,3.3763332885422e-06,5.22320732451929e-06,1.88123397556194e-06,1.71966307426195e-06,1.81928737186116e-06,100,100
1.759,0,0,0,0,0,0,5.43243667456363e-06,3.35194522850496e-06,5.2237128730807e-06,1.86994001593994e-06,1.72466272031581e-06,1.82063366769142e-06,100,100
1.76,0,0,0,0,0,0,5.4196722529869e-06,3.32685515269638e-06,5.22433190366917e-06,1.84984121785313e-06,1.72992593315108e-06,1.82190888053002e-06,100,100
1.761,0,0,0,0,0,0,5.40648198596949e-06,3.30969091763777e-06,5.22506824857025e-06,1.82422305171957e-06,1.73545864366077e-06,1.82146792216419e-06,100,100
1.762,0,0,0,0,0,0,5.39286053199825e-06,3.29590837182246e-06,5.22593238332547e-06,1.79794125565844e-06,1.74127015325613e-06,1.81834485978181e-06,100,100
1.763,0,0,0,0,0,0,5.37880349027698e-06,3.28177899048528e-06,5.22693749877762e-06,1.77101734271681e-06,1.74737280994823e-06,1.81480227118433e-06,100,100
1.764,0,0,0,0,0,0,5.36429722913449e-06,3.26731300750276e-06,5.22809185285441e-06,1.74347292056901e-06,1.75377934537155e-06,1.81082381868605e-06,100,100
1.765,0,0,0,0,0,0,5.34932065554339e-06,3.25251975668308e-06,5.22939931605655e-06,1.7153296802573e-06,1.76050452600918e-06,1.80638953434241e-06,100,100
1.766,0,0,0,0,0,0,5.33385858218567e-06,3.23740813036172e-06,5.23086205707222e-06,1.68660938488712e-06,1.76756491388829e-06,1.80147757504752e-06,100,100
1.767,0,0,0,0,0,0,5.3178988190402e-06,3.22198652095155e-06,5.23248567958068e-06,1.65733385828676e-06,1.77498656049915e-06,1.79606955962937e-06,100,100
1.768,0,0,0,0,0,0,5.30142594294314e-06,3.20626337869557e-06,5.22446189009632e-06,1.62752497364129e-06,1.78280366467596e-06,1.79086205406224e-06,100,100
1.769,0,0,0,0,0,0,5.28442865383782e-06,3.19024721147361e-06,5.21554313415006e-06,1.59720464211039e-06,1.79104079882967e-06,1.79120926539006e-06,100,100
1.77,0,0,0,0,0,0,5.2668969307629e-06,3.17394532423434e-06,5.20591154378665e-06,1.56639480143988e-06,1.7997153442123e-06,1.79163702436587e-06,100,100
1.771,0,0,0,0,0,0,5.24881445380887e-06,3.15736369799881e-06,5.19828188562082e-06,1.53907925029761e-06,1.80884564378594e-06,1.78268697755333e-06,100,100
1.772,0,0,0,0,0,0,5.23016359407704e-06,3.14050816636287e-06,5.19341717043812e-06,1.51623770694042e-06,1.81844971541929e-06,1.77268385285577e-06,100,100
1.773,0,0,0,0,0,0,5.21092978195109e-06,3.12338445445341e-06,5.18816166879321e-06,1.49309451623149e-06,1.82854723129466e-06,1.7639461517306e-06,100,100
1.774,0,0,0,0,0,0,5.1910997096003e-06,3.10599762936657e-06,5.18250712075704e-06,1.46966625610064e-06,1.83915843483667e-06,1.76276386339862e-06,100,100
1.775,0,0,0,0,0,0,5.17140025591826e-06,3.08835220639772e-06,5.17645849824298e-06,1.44596951389744e-06,1.83155890298208e-06,1.76114295176112e-06,100,100
1.776,0,0,0,0,0,0,5.16719394850334e-06,3.07045229509545e-06,5.17003573753046e-06,1.42202087463668e-06,1.82356447757591e-06,1.75929673097813e-06,100,100
1.777,0,0,0,0,0,0,5.15381300075957e-06,3.05230252923902e-06,5.16325620496834e-06,1.39783690924572e-06,1.82036082153145e-06,1.76859979118926e-06,100,100
1.778,0,0,0,0,0,0,5.13488607046567e-06,3.03390830210206e-06,5.15613046577223e-06,1.37343416283138e-06,1.81044126410062e-06,1.77789789467605e-06,100,100
1.779,0,0,0,0,0,0,5.11582833200833e-06,3.01527517438065e-06,5.1486765351564e-06,1.35054363757002e-06,1.80429790387652e-06,1.78716252278848e-06,100,100
1.78,0,0,0,0,0,0,5.09666967984837e-06,2.99640884564194e-06,5.14091981738688e-06,1.33496867104556e-06,1.80630150658244e-06,1.79635955243046e-06,100,100
1.781,0,0,0,0,0,0,5.07742797207862e-06,2.97731502932655e-06,5.13288250627447e-06,1.31928784905734e-06,1.81393612047382e-06,1.80544368652729e-06,100,100
1.782,0,0,0,0,0,0,5.05811454859271e-06,2.95800018636556e-06,5.12459005278828e-06,1.30351188355578e-06,1.81618839343026e-06,1.8143741541032e-06,100,100
1.783,0,0,0,0,0,0,5.03874517108467e-06,2.93847160788136e-06,5.11607991573632e-06,1.28765143464846e-06,1.8270686337028e-06,1.82312438224162e-06,100,100
1.784,0,0,0,0,0,0,5.01933760949233e-06,2.91873595108496e-06,5.10739605390261e-06,1.27171710199573e-06,1.82641094740326e-06,1.8316681526434e-06,100,100
1.785,0,0,0,0,0,0,4.99991245580357e-06,2.89880021226942e-06,5.09858600005242e-06,1.25571941630401e-06,1.85116552428038e-06,1.83471174680403e-06,100,100
1.786,0,0,0,0,0,0,4.98049195814727e-06,2.87612007020108e-06,5.08969956053042e-06,1.23966883092987e-06,1.87649999214876e-06,1.8270999177315e-06,100,100
1.787,0,0,0,0,0,0,4.96109769478258e-06,2.84057439812598e-06,5.08078422036183e-06,1.22357571360792e-06,1.90239946802321e-06,1.81927023144372e-06,100,100
1.788,0,0,0,0,0,0,4.94174981620687e-06,2.80488003726355e-06,5.07188745145897e-06,1.20745033831513e-06,1.91791996749408e-06,1.81706217313886e-06,100,100
1.789,0,0,0,0,0,0,4.92246679477996e-06,2.76905839114097e-06,5.06305722079152e-06,1.19130287728401e-06,1.90001987320959e-06,1.81831785210104e-06,100,100
1.79,0,0,0,0,0,0,4.90327004352208e-06,2.73313141588991e-06,5.05920445415014e-06,1.17476361880623e-06,1.86246838769944e-06,1.82946233522709e-06,100,100
1.791,0,0,0,0,0,0,4.88661655511231e-06,2.70539418517564e-06,5.0594309224777e-06,1.15860732660056e-06,1.8250411417648e-06,1.8308302064059e-06,100,100
1.792,0,0,0,0,0,0,4.89673307924405e-06,2.68853150507573e-06,5.05958749157718e-06,1.14245391469828e-06,1.79340768446761e-06,1.82888538126494e-06,100,100
1.793,0,0,0,0,0,0,4.90696257601867e-06,2.67164038240841e-06,5.05966875978935e-06,1.12631313633798e-06,1.75080484338339e-06,1.82673018315514e-06,100,100
1.794,0,0,0,0,0,0,4.91727205807521e-06,2.6547326269093e-06,5.05966263397326e-06,1.11019460925449e-06,1.71902594116186e-06,1.82437483750924e-06,100,100
1.795,0,0,0,0,0,0,4.92763525226517e-06,2.62705231735228e-06,5.05955459570799e-06,1.09988869536352e-06,1.72929687683275e-06,1.82184391638232e-06,100,100
1.796,0,0,0,0,0,0,4.93803541785853e-06,2.58870742913768e-06,5.05486620409046e-06,1.10194324411038e-06,1.7582093038615e-06,1.81916248793534e-06,100,100
1.797,0,0,0,0,0,0,4.94845538337617e-06,2.55031709940113e-06,5.0370393308319e-06,1.10402349912847e-06,1.78076289518922e-06,1.81634771361389e-06,100,100
1.798,0,0,0,0,0,0,4.95886185873696e-06,2.5119000725563e-06,5.01884695230841e-06,1.10612921989965e-06,1.76764595567668e-06,1.81341855713391e-06,100,100
1.799,0,0,0,0,0,0,4.96921669465561e-06,2.48569807055475e-06,5.00031908374612e-06,1.10826012342572e-06,1.75357885796749e-06,1.81039659324879e-06,100,100
1.8,0,0,0,0,0,0,4.9794935036951e-06,2.4635864569464e-06,4.98149013139976e-06,1.11041588213751e-06,1.73858049716602e-06,1.80729837288489e-06,100,100
1.801,0,0,0,0,0,0,4.98967016502679e-06,2.44138265478812e-06,4.96239055930208e-06,1.11259612196208e-06,1.76483718993858e-06,1.80414088564293e-06,100,100
1.802,0,0,0,0,0,0,4.99970952267953e-06,2.41910158726881e-06,4.94304439220902e-06,1.11480042055405e-06,1.76961012137418e-06,1.80094413601022e-06,100,100
1.803,0,0,0,0,0,0,5.00956012041134e-06,2.39676111730487e-06,4.92347010431117e-06,1.11702830569636e-06,1.76034383139383e-06,1.79772461165439e-06,100,100
1.804,0,0,0,0,0,0,5.01918555576269e-06,2.3743779496956e-06,4.90367774941327e-06,1.11927925387545e-06,1.76119346488843e-06,1.79449501127165e-06,100,100
1.805,0,0,0,0,0,0,5.02857392961715e-06,2.36502663884427e-06,4.89949537037755e-06,1.12155268903546e-06,1.77245566150621e-06,1.79127207218933e-06,100,100
1.806,0,0,0,0,0,0,5.03770899997514e-06,2.36577830185216e-06,4.90809962404785e-06,1.12384798151535e-06,1.78956358231412e-06,1.78807288240164e-06,100,100
1.807,0,0,0,0,0,0,5.0310978932895e-06,2.36650678682945e-06,4.91690921499068e-06,1.12891972072863e-06,1.80680680473487e-06,1.78490524566615e-06,100,100
1.808,0,0,0,0,0,0,5.01501311953084e-06,2.36721816915583e-06,4.92589489799865e-06,1.13119467114964e-06,1.82421205274344e-06,1.78590790047383e-06,100,100
1.809,0,0,0,0,0,0,5.00777039888667e-06,2.36791868513012e-06,4.93500747179752e-06,1.13348523908081e-06,1.84181016163867e-06,1.79624946431312e-06,100,100
1.81,0,0,0,0,0,0,5.01797578063744e-06,2.36861490103628e-06,4.94418084026236e-06,1.13579065700705e-06,1.8596375363432e-06,1.80655509321563e-06,100,100
1.811,0,0,0,0,0,0,5.02818039603884e-06,2.37290094765781e-06,4.95336394030998e-06,1.13811010258161e-06,1.87772972569625e-06,1.81680106050378e-06,100,100
1.812,0,0,0,0,0,0,5.03835343360179e-06,2.38317759107235e-06,4.96252637104253e-06,1.14044269864953e-06,1.87312196736446e-06,1.831590074306e-06,100,100
1.813,0,0,0,0,0,0,5.04845902278255e-06,2.39852667212125e-06,4.97163268810497e-06,1.14278751346657e-06,1.85993851397823e-06,1.84662936582247e-06,100,100
1.814,0,0,0,0,0,0,5.05844817099036e-06,2.41623451468764e-06,4.98063428970292e-06,1.14514356111316e-06,1.84700547317046e-06,1.8616456622948e-06,100,100
1.815,0,0,0,0,0,0,5.06825519447373e-06,2.43389055067741e-06,4.98946579137465e-06,1.14750980210217e-06,1.82790823695199e-06,1.87659862230152e-06,100,100
1.816,0,0,0,0,0,0,5.07781597130952e-06,2.4514872559955e-06,4.99806335189151e-06,1.14988514417859e-06,1.80315153457613e-06,1.89135870321013e-06,100,100
1.817,0,0,0,0,0,0,5.08709439539072e-06,2.47111703872209e-06,5.00639123413254e-06,1.15226844330868e-06,1.7953104149423e-06,1.8861962831567e-06,100,100
1.818,0,0,0,0,0,0,5.09605672560807e-06,2.50054672474348e-06,5.01441605274477e-06,1.15465850485525e-06,1.79821545146673e-06,1.87227860625189e-06,100,100
1.819,0,0,0,0,0,0,5.10465650302601e-06,2.5297905563901e-06,5.02209164919893e-06,1.15705408493538e-06,1.80017148226112e-06,1.87306383096968e-06,100,100
1.82,0,0,0,0,0,0,5.11285678484828e-06,2.55882597942661e-06,5.02938137467459e-06,1.16804278623366e-06,1.80027095503644e-06,1.86138508883698e-06,100,100
1.821,0,0,0,0,0,0,5.12063126154303e-06,2.58763379748298e-06,5.03625921037416e-06,1.1852452006012e-06,1.79717065879741e-06,1.84543468694467e-06,100,100
1.822,0,0,0,0,0,0,5.12795149339122e-06,2.6161922787131e-06,5.04269702094212e-06,1.20223371288244e-06,1.79041330350905e-06,1.83868660020636e-06,100,100
1.823,0,0,0,0,0,0,5.13477980238514e-06,2.63145622412482e-06,5.04865744914209e-06,1.21900176817365e-06,1.78135139177403e-06,1.82970117966905e-06,100,100
1.824,0,0,0,0,0,0,5.14108407111683e-06,2.64156525077316e-06,5.05410867329138e-06,1.23554295745847e-06,1.77960028707147e-06,1.79937812310312e-06,100,100
1.825,0,0,0,0,0,0,5.14684232727525e-06,2.65152015693212e-06,5.05902896100438e-06,1.25185102044233e-06,1.78056585934909e-06,1.77366445222307e-06,100,100
1.826,0,0,0,0,0,0,5.15202725400446e-06,2.66131345224258e-06,5.0633912048202e-06,1.26791984839064e-06,1.78341146978178e-06,1.76115320331594e-06,100,100
1.827,0,0,0,0,0,0,5.15661581224127e-06,2.67093656610372e-06,5.06717260163487e-06,1.28374348696326e-06,1.79135045064002e-06,1.74346079345756e-06,100,100
1.828,0,0,0,0,0,0,5.16059558741295e-06,2.68037853866675e-06,5.07036102789754e-06,1.29931613903724e-06,1.80467651085253e-06,1.7283934568526e-06,100,100
1.829,0,0,0,0,0,0,5.16395981972204e-06,2.6896260772918e-06,5.07688692964032e-06,1.3146321681629e-06,1.81706656332397e-06,1.71436194396068e-06,100,100
1.83,0,0,0,0,0,0,5.16669944642787e-06,2.69866734575103e-06,5.09623226042772e-06,1.32968609872434e-06,1.82643351427567e-06,1.70120256742366e-06,100,100
1.831,0,0,0,0,0,0,5.16879460235887e-06,2.70341959313494e-06,5.11902376467737e-06,1.34447262259822e-06,1.81481251481747e-06,1.69286481122039e-06,100,100
1.832,0,0,0,0,0,0,5.17655630095296e-06,2.70300843596903e-06,5.14474958997218e-06,1.35898659922944e-06,1.77133573815204e-06,1.70626999143595e-06,100,100
1.833,0,0,0,0,0,0,5.19771596840181e-06,2.70272482938396e-06,5.16971769625411e-06,1.37322305892048e-06,1.72897912807774e-06,1.73116667479054e-06,100,100
1.834,0,0,0,0,0,0,5.21770772409285e-06,2.70256295850224e-06,5.19388444202186e-06,1.38717720540223e-06,1.70289323711516e-06,1.73869997911917e-06,100,100
1.835,0,0,0,0,0,0,5.2365103547556e-06,2.70251723693029e-06,5.21720298431213e-06,1.40084441833073e-06,1.70117872649534e-06,1.74651842159971e-06,100,100
1.836,0,0,0,0,0,0,5.25410180154692e-06,2.70258358385104e-06,5.23962518344286e-06,1.41422025570077e-06,1.73034675537349e-06,1.76661833514776e-06,100,100
1.837,0,0,0,0,0,0,5.27045530276415e-06,2.70275683959709e-06,5.26108638839638e-06,1.42730045616673e-06,1.75773385397418e-06,1.78627661165702e-06,100,100
1.838,0,0,0,0,0,0,5.28556163803667e-06,2.70302975868834e-06,5.27530621113199e-06,1.44008094126178e-06,1.74857903311394e-06,1.80479178182901e-06,100,100
1.839,0,0,0,0,0,0,5.300868248581e-06,2.70339601005419e-06,5.2790317446307e-06,1.45255781750606e-06,1.73928063744242e-06,1.80780293027804e-06,100,100
1.84,0,0,0,0,0,0,5.31909324456983e-06,2.70385026308605e-06,5.2823476716089e-06,1.46472737839516e-06,1.72990344748419e-06,1.81017860233548e-06,100,100
1.841,0,0,0,0,0,0,5.33614310312838e-06,2.71340666799967e-06,5.28523476893643e-06,1.47658610626014e-06,1.72259063054285e-06,1.8248742915494e-06,100,100
1.842,0,0,0,0,0,0,5.35198843274912e-06,2.72496407686337e-06,5.28767518847186e-06,1.48813067399068e-06,1.72832626515934e-06,1.83957789737094e-06,100,100
1.843,0,0,0,0,0,0,5.36664529447753e-06,2.7364508799095e-06,5.28967346397467e-06,1.49935794661335e-06,1.73320129021768e-06,1.85323170759026e-06,100,100
1.844,0,0,0,0,0,0,5.3801402527938e-06,2.74786551234094e-06,5.29124271482339e-06,1.51026498271737e-06,1.73774264575479e-06,1.86582202688122e-06,100,100
1.845,0,0,0,0,0,0,5.39247883557209e-06,2.75920606776579e-06,5.29237622509516e-06,1.52084903572043e-06,1.74193398730442e-06,1.86085636207353e-06,100,100
1.846,0,0,0,0,0,0,5.40367178149424e-06,2.77046887360612e-06,5.30646813051213e-06,1.5311075549678e-06,1.74575604806137e-06,1.85977268741051e-06,100,100
1.847,0,0,0,0,0,0,5.41374266257819e-06,2.78164844950555e-06,5.33696968653419e-06,1.54103818665851e-06,1.74918232504246e-06,1.87445873187152e-06,100,100
1.848,0,0,0,0,0,0,5.42270453784286e-06,2.79273613950472e-06,5.36661405698075e-06,1.55063877459255e-06,1.77025919688712e-06,1.88875199725238e-06,100,100
1.849,0,0,0,0,0,0,5.43056436808592e-06,2.80372030915881e-06,5.39534629044811e-06,1.55990736073402e-06,1.79153420729658e-06,1.90261120936405e-06,100,100
1.85,0,0,0,0,0,0,5.4373434948188e-06,2.81458804812072e-06,5.42311417798752e-06,1.57527202268187e-06,1.81218896931203e-06,1.92222571474356e-06,100,100
1.851,0,0,0,0,0,0,5.44306552553869e-06,2.825325477794e-06,5.44306552553869e-06,1.5906191456431e-06,1.8321803335095e-06,1.94163565755663e-06,100,100
1.852,0,0,0,0,0,0,5.44774442840767e-06,2.83591801714597e-06,5.43566691086486e-06,1.60536262024473e-06,1.85147512835415e-06,1.95739379524887e-06,100,100
1.853,0,0,0,0,0,0,5.45139512805351e-06,2.84635198792825e-06,5.4256561282529e-06,1.61950138408849e-06,1.87005832186581e-06,1.95651394121919e-06,100,100
1.854,0,0,0,0,0,0,5.45402783181482e-06,2.8566148199189e-06,5.41548125683691e-06,1.63303471458016e-06,1.88268655522131e-06,1.9551537874498e-06,100,100
1.855,0,0,0,0,0,0,5.45565404717517e-06,2.86080318724379e-06,5.4042466325075e-06,1.64596222614596e-06,1.89352912982421e-06,1.95358489085096e-06,100,100
1.856,0,0,0,0,0,0,5.45629720337753e-06,2.86467664586261e-06,5.38785849602087e-06,1.65828386719297e-06,1.90364108831278e-06,1.95181694266233e-06,100,100
1.857,0,0,0,0,0,0,5.45598838489362e-06,2.86839668007788e-06,5.3721454159159e-06,1.66999991681524e-06,1.90059596305386e-06,1.94986603865163e-06,100,100
1.858,0,0,0,0,0,0,5.45476993461182e-06,2.87196512484727e-06,5.35717181365106e-06,1.68111098124819e-06,1.87931670343006e-06,1.94776495988606e-06,100,100
1.859,0,0,0,0,0,0,5.45268640828861e-06,2.87538492699306e-06,5.35475278297976e-06,1.69161799007434e-06,1.85840619507607e-06,1.9455573344613e-06,100,100
1.86,0,0,0,0,0,0,5.44977380944475e-06,2.87865712899435e-06,5.36023427125117e-06,1.70152219218419e-06,1.83791061671144e-06,1.94327343218359e-06,100,100
1.861,0,0,0,0,0,0,5.44607061265721e-06,2.8817807604077e-06,5.36525090924203e-06,1.71082515149664e-06,1.81786844446549e-06,1.94092261788327e-06,100,100
1.862,0,0,0,0,0,0,5.44163435059898e-06,2.88475815308925e-06,5.36984167052978e-06,1.71952874244381e-06,1.7924681926661e-06,1.93851736337778e-06,100,100
1.863,0,0,0,0,0,0,5.4365196100675e-06,2.88759305458921e-06,5.37404198332355e-06,1.72763514522617e-06,1.77453519131635e-06,1.93608406497478e-06,100,100
1.864,0,0,0,0,0,0,5.43076726743003e-06,2.89028754539449e-06,5.37786691331961e-06,1.73514684084381e-06,1.76643347318469e-06,1.93365193749689e-06,100,100
1.865,0,0,0,0,0,0,5.42442873908742e-06,2.89284195373946e-06,5.38133728727121e-06,1.74206660591083e-06,1.75766185725897e-06,1.93125361334219e-06,100,100
1.866,0,0,0,0,0,0,5.41754696095923e-06,2.89525622106405e-06,5.38448722945075e-06,1.74839750725998e-06,1.74826285742827e-06,1.92890611815483e-06,100,100
1.867,0,0,0,0,0,0,5.41014819421747e-06,2.89753122178772e-06,5.3873479592172e-06,1.75414289634529e-06,1.73826632127112e-06,1.91103883940444e-06,100,100
1.868,0,0,0,0,0,0,5.40226368535508e-06,2.89966727684236e-06,5.38994867402572e-06,1.75930640345099e-06,1.72858379777347e-06,1.89168389354822e-06,100,100
1.869,0,0,0,0,0,0,5.39393158488972e-06,2.90166547222195e-06,5.39231314113438e-06,1.76389193171525e-06,1.71889194239637e-06,1.87300040712764e-06,100,100
1.87,0,0,0,0,0,0,5.38519674450221e-06,2.90353011702636e-06,5.38519674450221e-06,1.76790365097783e-06,1.71481325908718e-06,1.8645029350067e-06,100,100
1.871,0,0,0,0,0,0,5.37610307541486e-06,2.90526685729422e-06,5.37610307541486e-06,1.77134599146103e-06,1.71097617032474e-06,1.86067395110795e-06,100,100
1.872,0,0,0,0,0,0,5.36669608900744e-06,2.9068809623963e-06,5.36669608900744e-06,1.77422363729367e-06,1.70700553503004e-06,1.86236938799821e-06,100,100
1.873,0,0,0,0,0,0,5.35703016114155e-06,2.90837578652685e-06,5.35703016114155e-06,1.77654151988809e-06,1.7029131533515e-06,1.86393697012599e-06,100,100
1.874,0,0,0,0,0,0,5.34715195218668e-06,2.90975276485278e-06,5.34715195218668e-06,1.77830481118045e-06,1.69873089292889e-06,1.86538923348846e-06,100,100
1.875,0,0,0,0,0,0,5.33710044731065e-06,2.91101546617425e-06,5.33710044731065e-06,1.77951891674479e-06,1.6944899662169e-06,1.86673514251885e-06,100,100
1.876,0,0,0,0,0,0,5.32692235290542e-06,2.91216916707016e-06,5.32692235290542e-06,1.78018946879152e-06,1.69021580992372e-06,1.86062915293796e-06,100,100
1.877,0,0,0,0,0,0,5.31665921239984e-06,2.91321778597338e-06,5.31665921239984e-06,1.78032231906108e-06,1.68593621731886e-06,1.85140091720302e-06,100,100
1.878,0,0,0,0,0,0,5.30633751293923e-06,2.91416520262214e-06,5.30633751293923e-06,1.77992353162373e-06,1.68527327673996e-06,1.84220438328885e-06,100,100
1.879,0,0,0,0,0,0,5.29599191518733e-06,2.91501509243115e-06,5.29599191518733e-06,1.77899937559633e-06,1.69012784282476e-06,1.83944166763001e-06,100,100
1.88,0,0,0,0,0,0,5.2856698021291e-06,2.9157708268401e-06,5.2856698021291e-06,1.77755631778709e-06,1.69604975024839e-06,1.8367767781585e-06,100,100
1.881,0,0,0,0,0,0,5.2754172197054e-06,2.91643547041106e-06,5.2754172197054e-06,1.77560101527939e-06,1.70785731274006e-06,1.83371145277715e-06,100,100
1.882,0,0,0,0,0,0,5.26526542991422e-06,2.91701043424526e-06,5.26526542991422e-06,1.77314030796531e-06,1.71933970672256e-06,1.83877437988761e-06,100,100
1.883,0,0,0,0,0,0,5.25523279756752e-06,2.91749689017474e-06,5.27074070044279e-06,1.77018121104005e-06,1.73049285191141e-06,1.84458691045476e-06,100,100
1.884,0,0,0,0,0,0,5.24534917620663e-06,2.91789697286536e-06,5.27699314743657e-06,1.7667309074676e-06,1.74129592507833e-06,1.84966595096346e-06,100,100
1.885,0,0,0,0,0,0,5.23564266320361e-06,2.91821345800249e-06,5.28365966767374e-06,1.7627967404286e-06,1.75151730347354e-06,1.85400352716297e-06,100,100
1.886,0,0,0,0,0,0,5.22612112443662e-06,2.91844949164403e-06,5.29067883360781e-06,1.75838620576049e-06,1.74770779146517e-06,1.85758947854583e-06,100,100
1.887,0,0,0,0,0,0,5.2167910798124e-06,2.91860710591262e-06,5.29800179823071e-06,1.75350694440045e-06,1.74380953569065e-06,1.86041401878736e-06,100,100
1.888,0,0,0,0,0,0,5.20766906031591e-06,2.91868589049534e-06,5.30559116201131e-06,1.74816673484089e-06,1.73980769560345e-06,1.85133271246565e-06,100,100
1.889,0,0,0,0,0,0,5.20430227024627e-06,2.91868435292911e-06,5.31340757253517e-06,1.74237348560738e-06,1.73571451522856e-06,1.8413706855191e-06,100,100
1.89,0,0,0,0,0,0,5.20289160453461e-06,2.91860102261574e-06,5.3214020451396e-06,1.73613522776847e-06,1.73153624149293e-06,1.83139265861934e-06,100,100
1.891,0,0,0,0,0,0,5.20134556174707e-06,2.91843538404758e-06,5.32951768653906e-06,1.72946010748658e-06,1.72727106233871e-06,1.8214126643137e-06,100,100
1.892,0,0,0,0,0,0,5.19966591922696e-06,2.91818738451423e-06,5.33770406911639e-06,1.72235637861879e-06,1.72292374457878e-06,1.81143872254965e-06,100,100
1.893,0,0,0,0,0,0,5.19786651444374e-06,2.9178557497119e-06,5.34592388854578e-06,1.71483239537625e-06,1.71849960182914e-06,1.79867557847083e-06,100,100
1.894,0,0,0,0,0,0,5.19595670118988e-06,2.91743795453592e-06,5.35414334020707e-06,1.7068966050502e-06,1.71400299762386e-06,1.78562451690146e-06,100,100
1.895,0,0,0,0,0,0,5.19393666256199e-06,2.91692900125015e-06,5.36233623156217e-06,1.69855754081269e-06,1.70727326722374e-06,1.77287744983343e-06,100,100
1.896,0,0,0,0,0,0,5.19180625379428e-06,2.91632308745142e-06,5.37048332210591e-06,1.68982381459936e-06,1.69426731275509e-06,1.75739927451996e-06,100,100
1.897,0,0,0,0,0,0,5.18956660418695e-06,2.9156165438601e-06,5.37855565434417e-06,1.68070411008143e-06,1.68176700920866e-06,1.74059136813116e-06,100,100
1.898,0,0,0,0,0,0,5.1872108326503e-06,2.91480519584694e-06,5.38650861142115e-06,1.67120717573378e-06,1.66979347994449e-06,1.73251907184335e-06,100,100
1.899,0,0,0,0,0,0,5.1847234120954e-06,2.91388320425981e-06,5.39428651626414e-06,1.66134181800528e-06,1.65835340388727e-06,1.72700643820615e-06,100,100
1.9,0,0,0,0,0,0,5.18210362873784e-06,2.91284724315155e-06,5.39676000422301e-06,1.65111689459753e-06,1.64744300906808e-06,1.72193171448119e-06,100,100
1.901,0,0,0,0,0,0,5.17935884622332e-06,2.91169767806407e-06,5.39555963975178e-06,1.64054130785749e-06,1.63705457067852e-06,1.72991518736913e-06,100,100
1.902,0,0,0,0,0,0,5.17649011268135e-06,2.9104357105215e-06,5.39428537374917e-06,1.62962399828927e-06,1.62716505685268e-06,1.73780166215383e-06,100,100
1.903,0,0,0,0,0,0,5.1734974627223e-06,2.90906205361e-06,5.39293540257921e-06,1.61837393818982e-06,1.62067460218736e-06,1.73822550492474e-06,100,100
1.904,0,0,0,0,0,0,5.17037040014127e-06,2.90757566789211e-06,5.39149740702433e-06,1.60680012541295e-06,1.61530036460432e-06,1.73604553911842e-06,100,100
1.905,0,0,0,0,0,0,5.16709774261237e-06,2.90597395549138e-06,5.3899583734227e-06,1.59491157726574e-06,1.61013774360971e-06,1.73363598923434e-06,100,100
1.906,0,0,0,0,0,0,5.16368731020811e-06,2.90425691907241e-06,5.38832425617633e-06,1.58271732454093e-06,1.60519393163111e-06,1.73101037641031e-06,100,100
1.907,0,0,0,0,0,0,5.16014796972603e-06,2.90242697348417e-06,5.38660208251075e-06,1.57022640568859e-06,1.60047335868859e-06,1.7281941503408e-06,100,100
1.908,0,0,0,0,0,0,5.15647676248783e-06,2.90048604653597e-06,5.38478710811769e-06,1.55744786112992e-06,1.59598597350448e-06,1.7219764760236e-06,100,100
1.909,0,0,0,0,0,0,5.15268071629949e-06,2.89843809502083e-06,5.38288456725313e-06,1.5443907277158e-06,1.59174348049035e-06,1.7163480572574e-06,100,100
1.91,0,0,0,0,0,0,5.1487713917875e-06,2.89628889376979e-06,5.3809042011714e-06,1.53338547311412e-06,1.58865266118165e-06,1.7173563126545e-06,100,100
1.911,0,0,0,0,0,0,5.14475853177326e-06,2.8940446044917e-06,5.37885393981117e-06,1.52527916818596e-06,1.59391501530578e-06,1.71822477064803e-06,100,100
1.912,0,0,0,0,0,0,5.14065643499171e-06,2.89171291517016e-06,5.37674628624123e-06,1.51701989725493e-06,1.59898506748289e-06,1.71894840175467e-06,100,100
1.913,0,0,0,0,0,0,5.13647676681079e-06,2.88930133715983e-06,5.37459110608012e-06,1.50861266940046e-06,1.6000225738202e-06,1.71952885887192e-06,100,100
1.914,0,0,0,0,0,0,5.13222988328098e-06,2.88681815245316e-06,5.37239694209854e-06,1.50006247785342e-06,1.59417369860945e-06,1.71997420870381e-06,100,100
1.915,0,0,0,0,0,0,5.12791439321173e-06,2.88427326495833e-06,5.37016061422162e-06,1.49137429730128e-06,1.58828437866913e-06,1.72028935488876e-06,100,100
1.916,0,0,0,0,0,0,5.12350496835407e-06,2.88167514258483e-06,5.36785505824825e-06,1.48255308129861e-06,1.58841069434403e-06,1.7204914992778e-06,100,100
1.917,0,0,0,0,0,0,5.11896571067368e-06,2.8790293262544e-06,5.36544267506085e-06,1.47360375978222e-06,1.59595620236447e-06,1.72061279468317e-06,100,100
1.918,0,0,0,0,0,0,5.11427145147681e-06,2.87633974884288e-06,5.36289658527623e-06,1.46453123669004e-06,1.60980617576182e-06,1.72417015724935e-06,100,100
1.919,0,0,0,0,0,0,5.10941673157054e-06,2.87361014202931e-06,5.36020959113189e-06,1.45534038768262e-06,1.62396556295225e-06,1.72835293827126e-06,100,100
1.92,0,0,0,0,0,0,5.10439568253759e-06,2.87084293201252e-06,5.35857808278404e-06,1.446036057966e-06,1.63750842487823e-06,1.73101142364602e-06,100,100
1.921,0,0,0,0,0,0,5.09918609852614e-06,2.86803952722522e-06,5.3603159562038e-06,1.43662306021438e-06,1.6403538678161e-06,1.72741420877696e-06,100,100
1.922,0,0,0,0,0,0,5.09377680775754e-06,2.86520303710511e-06,5.36199445312046e-06,1.42710617259095e-06,1.64300007883417e-06,1.72349319963658e-06,100,100
1.923,0,0,0,0,0,0,5.08816898264254e-06,2.86233934725054e-06,5.36362280745731e-06,1.41749013686502e-06,1.63178898194426e-06,1.71981369925774e-06,100,100
1.924,0,0,0,0,0,0,5.08236419276103e-06,2.85945420156236e-06,5.36522688526489e-06,1.40777965662344e-06,1.62064291546155e-06,1.71639796140065e-06,100,100
1.925,0,0,0,0,0,0,5.07637277650415e-06,2.85655052640288e-06,5.36682713207482e-06,1.39797939557413e-06,1.60959456437531e-06,1.71229109521025e-06,100,100
1.926,0,0,0,0,0,0,5.07019309239386e-06,2.85363098453277e-06,5.36842316378522e-06,1.38809397593943e-06,1.59868177416457e-06,1.70820835397066e-06,100,100
1.927,0,0,0,0,0,0,5.06380478143828e-06,2.85069908292475e-06,5.3700148495271e-06,1.3781279769368e-06,1.58792905692445e-06,1.70442117860566e-06,100,100
1.928,0,0,0,0,0,0,5.05719152004878e-06,2.84775774962725e-06,5.37160463579364e-06,1.36808593334439e-06,1.57734990106558e-06,1.70091911587388e-06,100,100
1.929,0,0,0,0,0,0,5.05035054439509e-06,2.84243839388281e-06,5.37318822826982e-06,1.35797233414872e-06,1.56694551254414e-06,1.69770055850978e-06,100,100
1.93,0,0,0,0,0,0,5.04329324717064e-06,2.83314654147134e-06,5.374772226359e-06,1.34779162127176e-06,1.55670887294947e-06,1.6947653238176e-06,100,100
1.931,0,0,0,0,0,0,5.0360376871791e-06,2.82376323292867e-06,5.37636782982562e-06,1.33754818837458e-06,1.54663207345808e-06,1.69209397736469e-06,100,100
1.932,0,0,0,0,0,0,5.02859942270009e-06,2.81429448042363e-06,5.37797231111999e-06,1.32724637973454e-06,1.53730506834549e-06,1.68965757706841e-06,100,100
1.933,0,0,0,0,0,0,5.02098948032111e-06,2.8047465060048e-06,5.37958215343003e-06,1.31689048919314e-06,1.53239041645622e-06,1.68744324498798e-06,100,100
1.934,0,0,0,0,0,0,5.01320967488103e-06,2.79512437157451e-06,5.38120559395822e-06,1.30648475917137e-06,1.53339145729378e-06,1.68544495674637e-06,100,100
1.935,0,0,0,0,0,0,5.00525765269683e-06,2.7854331105534e-06,5.38285015346595e-06,1.29603337974951e-06,1.53560580030747e-06,1.68365127559171e-06,100,100
1.936,0,0,0,0,0,0,4.99713746615631e-06,2.77567887292198e-06,5.38450731124451e-06,1.28554048780823e-06,1.53795200536277e-06,1.68206398171374e-06,100,100
1.937,0,0,0,0,0,0,4.98885394477201e-06,2.76586762969881e-06,5.38615589975511e-06,1.27501016622778e-06,1.54041191898964e-06,1.68069163512709e-06,100,100
1.938,0,0,0,0,0,0,4.98041943561396e-06,2.75600515383291e-06,5.38777615734121e-06,1.26444644314224e-06,1.54297094816572e-06,1.67953373731449e-06,100,100
1.939,0,0,0,0,0,0,4.97186995343672e-06,2.74609583491205e-06,5.38935984833414e-06,1.25385329124547e-06,1.5456267486165e-06,1.67628795731955e-06,100,100
1.94,0,0,0,0,0,0,4.96325114067805e-06,2.73614164559565e-06,5.39091528941679e-06,1.2432346265584e-06,1.54837248575441e-06,1.67265258345822e-06,100,100
1.941,0,0,0,0,0,0,4.95459978053579e-06,2.72614234976863e-06,5.39246181877721e-06,1.23259431017919e-06,1.55471509114249e-06,1.66915052642915e-06,100,100
1.942,0,0,0,0,0,0,4.94594867289926e-06,2.71609678802395e-06,5.39403029589066e-06,1.22193614420051e-06,1.5584040324107e-06,1.66577220548741e-06,100,100
1.943,0,0,0,0,0,0,4.93733950699631e-06,2.70600640880796e-06,5.3956619062003e-06,1.21126387354244e-06,1.5569429281459e-06,1.66447934495229e-06,100,100
1.944,0,0,0,0,0,0,4.92881699859299e-06,2.69587632617855e-06,5.39738812188797e-06,1.20058118488365e-06,1.55986703025582e-06,1.66715423717302e-06,100,100
1.945,0,0,0,0,0,0,4.92041038421186e-06,2.68571054413578e-06,5.3992096600187e-06,1.18989170621419e-06,1.56279686414154e-06,1.66997804044462e-06,100,100
1.946,0,0,0,0,0,0,4.9121238185594e-06,2.67551086952517e-06,5.40110404579321e-06,1.1791990064195e-06,1.56569761801608e-06,1.67294269708405e-06,100,100
1.947,0,0,0,0,0,0,4.90395598130111e-06,2.66527923783039e-06,5.40305293800116e-06,1.16850659489317e-06,1.56855367375114e-06,1.67604896326208e-06,100,100
1.948,0,0,0,0,0,0,4.89592532737383e-06,2.65501761995314e-06,5.40504756813265e-06,1.15781792117604e-06,1.5713635692723e-06,1.67930449208383e-06,100,100
1.949,0,0,0,0,0,0,4.88806565417584e-06,2.64472913605673e-06,5.4070889746283e-06,1.14713637461961e-06,1.57412891266289e-06,1.68270055196217e-06,100,100
1.95,0,0,0,0,0,0,4.88040711762783e-06,2.63441792538794e-06,5.4091834328699e-06,1.13770305648592e-06,1.57686320589972e-06,1.68620656662576e-06,100,100
1.951,0,0,0,0,0,0,4.87296211423053e-06,2.62408785890874e-06,5.41131927128392e-06,1.13499086621603e-06,1.5754884470547e-06,1.6897816244485e-06,100,100
1.952,0,0,0,0,0,0,4.86574012578696e-06,2.61374358659763e-06,5.41346676068374e-06,1.13226580185748e-06,1.57191129773764e-06,1.69338980605777e-06,100,100
1.953,0,0,0,0,0,0,4.85875711401687e-06,2.60339047983321e-06,5.41560472446704e-06,1.12952843836065e-06,1.56842970348599e-06,1.69701625689814e-06,100,100
1.954,0,0,0,0,0,0,4.85201587896907e-06,2.59303254308578e-06,5.41772021712309e-06,1.12677934306957e-06,1.56503316158415e-06,1.69659147406763e-06,100,100
1.955,0,0,0,0,0,0,4.84551672868209e-06,2.58267168642033e-06,5.41980555176962e-06,1.12401907556566e-06,1.57544102432988e-06,1.69334968412735e-06,100,100
1.956,0,0,0,0,0,0,4.83928041944296e-06,2.57037613385613e-06,5.42187413285422e-06,1.12124818748643e-06,1.58705207475384e-06,1.68660730298916e-06,100,100
1.957,0,0,0,0,0,0,4.83332581848588e-06,2.55097843796762e-06,5.42395129013024e-06,1.11846722231939e-06,1.59549862889068e-06,1.68010795253287e-06,100,100
1.958,0,0,0,0,0,0,4.82766133320915e-06,2.54320743631637e-06,5.42605938628894e-06,1.11567671517238e-06,1.59818582235696e-06,1.67390401930081e-06,100,100
1.959,0,0,0,0,0,0,4.82230403929883e-06,2.53544874373282e-06,5.42821097897617e-06,1.11287719252108e-06,1.60092026311042e-06,1.66803382050444e-06,100,100
1.96,0,0,0,0,0,0,4.81727243592401e-06,2.52769798813715e-06,5.42845750946523e-06,1.11006917193558e-06,1.60373863007076e-06,1.66252402698226e-06,100,100
1.961,0,0,0,0,0,0,4.81425615479072e-06,2.51995003309566e-06,5.42540164963129e-06,1.10725316178752e-06,1.60667662058593e-06,1.65740030919537e-06,100,100
1.962,0,0,0,0,0,0,4.81243454626961e-06,2.51219806576302e-06,5.42243631114632e-06,1.10442966094007e-06,1.60976280732457e-06,1.65270406184299e-06,100,100
1.963,0,0,0,0,0,0,4.81089553587646e-06,2.50443501203327e-06,5.41956778545566e-06,1.10159915842286e-06,1.61302344565417e-06,1.64959111093971e-06,100,100
1.964,0,0,0,0,0,0,4.80962496567533e-06,2.49665480962889e-06,5.41679865758153e-06,1.09876213309468e-06,1.61647833959071e-06,1.6536834237013e-06,100,100
1.965,0,0,0,0,0,0,4.80862574457515e-06,2.48885255473267e-06,5.41413673208184e-06,1.09591905329645e-06,1.62014227220355e-06,1.65858191779789e-06,100,100
1.966,0,0,0,0,0,0,4.80791427793585e-06,2.4810235927389e-06,5.41159330405034e-06,1.09307037649757e-06,1.62402558489157e-06,1.66431674504826e-06,100,100
1.967,0,0,0,0,0,0,4.80749585386621e-06,2.47316360066021e-06,5.4091752237529e-06,1.09021654893867e-06,1.62813558437341e-06,1.67090150518044e-06,100,100
1.968,0,0,0,0,0,0,4.8073675280385e-06,2.46526852189257e-06,5.40688981945906e-06,1.08735800527384e-06,1.6218667456501e-06,1.6783404879299e-06,100,100
1.969,0,0,0,0,0,0,4.80753241513901e-06,2.45733341751234e-06,5.40474912193005e-06,1.08449516821562e-06,1.61399087471404e-06,1.68663596514005e-06,100,100
1.97,0,0,0,0,0,0,4.80799126748328e-06,2.44935455649764e-06,5.40276253625233e-06,1.08162844818591e-06,1.6058049010058e-06,1.69578901124187e-06,100,100
1.971,0,0,0,0,0,0,4.80873333361911e-06,2.44133036442771e-06,5.40093516584191e-06,1.078758242976e-06,1.59733642396887e-06,1.70578665666292e-06,100,100
1.972,0,0,0,0,0,0,4.80975080603323e-06,2.43326035128703e-06,5.39928042083848e-06,1.07588493741882e-06,1.58859858561007e-06,1.71660993964636e-06,100,100
1.973,0,0,0,0,0,0,4.81105273944774e-06,2.42514520582116e-06,5.39781719068666e-06,1.07300890307634e-06,1.57876727606739e-06,1.72472038837122e-06,100,100
1.974,0,0,0,0,0,0,4.81264617858811e-06,2.41698684465029e-06,5.39655551986754e-06,1.07013049794503e-06,1.56089811967542e-06,1.72794299235291e-06,100,100
1.975,0,0,0,0,0,0,4.81452887143495e-06,2.40878737361283e-06,5.39549919488669e-06,1.06725006618196e-06,1.54347945206015e-06,1.73142902966871e-06,100,100
1.976,0,0,0,0,0,0,4.81670544440884e-06,2.40054908798604e-06,5.39465965828251e-06,1.06436793785403e-06,1.53134545610753e-06,1.73491361207361e-06,100,100
1.977,0,0,0,0,0,0,4.81919102415505e-06,2.39227439999253e-06,5.39406010436853e-06,1.06148442871243e-06,1.52229202362713e-06,1.73023739172596e-06,100,100
1.978,0,0,0,0,0,0,4.82200241796297e-06,2.39672680896705e-06,5.3937202568434e-06,1.0585998399944e-06,1.51888819700049e-06,1.72525375945394e-06,100,100
1.979,0,0,0,0,0,0,4.82515674363259e-06,2.40179123529252e-06,5.39365673184024e-06,1.0604258676402e-06,1.5155979061958e-06,1.719955376083e-06,100,100
1.98,0,0,0,0,0,0,4.82868069536808e-06,2.40667791210904e-06,5.39389159235738e-06,1.06273174525412e-06,1.51244041394903e-06,1.71434741054813e-06,100,100
1.981,0,0,0,0,0,0,4.83260707944452e-06,2.41138482121183e-06,5.39444410173094e-06,1.05980465534382e-06,1.50943243411647e-06,1.70843095948715e-06,100,100
1.982,0,0,0,0,0,0,4.83695700350189e-06,2.41590986593842e-06,5.39532263464184e-06,1.05687691529731e-06,1.50659974204916e-06,1.70220550364005e-06,100,100
1.983,0,0,0,0,0,0,4.84173360865784e-06,2.42025102163894e-06,5.39653144777416e-06,1.05394877420176e-06,1.50396774168156e-06,1.70261167773169e-06,100,100
1.984,0,0,0,0,0,0,4.84694172735012e-06,2.42440742864671e-06,5.39807566290908e-06,1.05102046570036e-06,1.50154808593589e-06,1.70501833312534e-06,100,100
1.985,0,0,0,0,0,0,4.8525967850737e-06,2.42837840157119e-06,5.39994733253669e-06,1.04809220800645e-06,1.50155518111313e-06,1.70744110762289e-06,100,100
1.986,0,0,0,0,0,0,4.85870752400275e-06,2.43216246566363e-06,5.40212651072685e-06,1.04516420395047e-06,1.50691783312373e-06,1.70989714892156e-06,100,100
1.987,0,0,0,0,0,0,4.8652737165831e-06,2.43575840062939e-06,5.40459308834712e-06,1.04223664105927e-06,1.50702121511756e-06,1.70782864044347e-06,100,100
1.988,0,0,0,0,0,0,4.87230397631239e-06,2.43916626133349e-06,5.40733305985548e-06,1.03930969166688e-06,1.50710312663511e-06,1.70442256899682e-06,100,100
1.989,0,0,0,0,0,0,4.87980810930235e-06,2.44238636936298e-06,5.41033997507415e-06,1.03638351305585e-06,1.50718197474266e-06,1.70310214960337e-06,100,100
1.99,0,0,0,0,0,0,4.8877823526848e-06,2.4454202260951e-06,5.41360860043562e-06,1.03345824762796e-06,1.50728333541487e-06,1.70124035811955e-06,100,100
1.991,0,0,0,0,0,0,4.8962120207216e-06,2.44827236375875e-06,5.41713108983886e-06,1.03053402310289e-06,1.50742899138205e-06,1.69881943056901e-06,100,100
1.992,0,0,0,0,0,0,4.90506630671835e-06,2.45094735359074e-06,5.4208958729462e-06,1.02761095274355e-06,1.50763082652228e-06,1.69582540624541e-06,100,100
1.993,0,0,0,0,0,0,4.91429860875793e-06,2.4534469202983e-06,5.42489170683569e-06,1.02468913560637e-06,1.50789007130641e-06,1.69224175638228e-06,100,100
1.994,0,0,0,0,0,0,4.92385622693179e-06,2.45577089999801e-06,5.42909976524475e-06,1.02176865681487e-06,1.50819351921017e-06,1.68805683228254e-06,100,100
1.995,0,0,0,0,0,0,4.93369183284665e-06,2.4579191601147e-06,5.43349300977423e-06,1.01884958785504e-06,1.50852148183733e-06,1.68237221196491e-06,100,100
1.996,0,0,0,0,0,0,4.9437673553783e-06,2.45989267102593e-06,5.43804659995162e-06,1.01593198689039e-06,1.50885731950284e-06,1.67349396557585e-06,100,100
1.997,0,0,0,0,0,0,4.95404657671559e-06,2.46169366815588e-06,5.44273598217938e-06,1.01301589909524e-06,1.50918029106035e-06,1.66422417745651e-06,100,100
1.998,0,0,0,0,0,0,4.96449223959657e-06,2.46332578201157e-06,5.44753216182302e-06,1.01010135700418e-06,1.50945914546658e-06,1.65459874683477e-06,100,100
1.999,0,0,0,0,0,0,4.97506438480742e-06,2.46479313232753e-06,5.45239338099921e-06,1.00718838087616e-06,1.509663339812e-06,1.64465229213109e-06,100,100
2,0,0,0,0,0,0,4.98407894426918e-06,2.46610029320926e-06,5.45727617437637e-06,1.00427697907116e-06,1.5097699079019e-06,1.64374878352933e-06,100,100
2.001,0,0,0,0,0,0,4.99271626808567e-06,2.46725309877649e-06,5.46215565781625e-06,1.00136714843805e-06,1.50975407257676e-06,1.64500872164197e-06,100,100
2.002,0,0,0,0,0,0,5.00161052790717e-06,2.46825753372281e-06,5.46701565495031e-06,9.98458874711619e-07,1.5095935520418e-06,1.64612286579782e-06,100,100
2.003,0,0,0,0,0,0,5.01072653390566e-06,2.46911872439345e-06,5.47183191195799e-06,9.95552132917455e-07,1.50927898971904e-06,1.64709156769464e-06,100,100
2.004,0,0,0,0,0,0,5.02002850899479e-06,2.46984184685042e-06,5.47658316563696e-06,9.92646887782872e-07,1.50880611476361e-06,1.64792963124226e-06,100,100
2.005,0,0,0,0,0,0,5.02947526085615e-06,2.4704321207578e-06,5.48125192917844e-06,9.89743094152554e-07,1.50817073756178e-06,1.64864942548433e-06,100,100
2.006,0,0,0,0,0,0,5.03903164869568e-06,2.47089396928411e-06,5.48581062876743e-06,9.8684069740744e-07,1.50737107993383e-06,1.64926014398578e-06,100,100
2.007,0,0,0,0,0,0,5.04867644862646e-06,2.47123296304223e-06,5.49023062583373e-06,9.83939633885521e-07,1.50641266289065e-06,1.64977794141215e-06,100,100
2.008,0,0,0,0,0,0,5.05839239131914e-06,2.47145577216614e-06,5.49449094357124e-06,9.81039831303315e-07,1.50531453438672e-06,1.65021663008851e-06,100,100
2.009,0,0,0,0,0,0,5.06816665016511e-06,2.47156831674219e-06,5.49857484649336e-06,9.78141209176852e-07,1.50409892757896e-06,1.64532698244934e-06,100,100
2.01,0,0,0,0,0,0,5.07798320546582e-06,2.47157673823232e-06,5.50246495327184e-06,9.75243679241076e-07,1.50277879943794e-06,1.63792042568385e-06,100,100
2.011,0,0,0,0,0,0,5.08782329431426e-06,2.47148734906137e-06,5.50614679670259e-06,9.72347145866692e-07,1.50217632497271e-06,1.63023770822444e-06,100,100
2.012,0,0,0,0,0,0,5.09767477060837e-06,2.47130565848308e-06,5.5096061868428e-06,9.69451506473536e-07,1.50380224199521e-06,1.63144358062427e-06,100,100
2.013,0,0,0,0,0,0,5.10752246270328e-06,2.47103634063374e-06,5.51282203743787e-06,9.66556651939638e-07,1.50549526122514e-06,1.63525599902517e-06,100,100
2.014,0,0,0,0,0,0,5.11734665404364e-06,2.47068413432516e-06,5.51577781369456e-06,9.63662467005253e-07,1.50725671906269e-06,1.6388881813031e-06,100,100
2.015,0,0,0,0,0,0,5.12713134168181e-06,2.47025476563833e-06,5.51846726734033e-06,9.60768830671173e-07,1.50909057209693e-06,1.62568891156329e-06,100,100
2.016,0,0,0,0,0,0,5.13686400516581e-06,2.46975314943646e-06,5.52089116862909e-06,9.57875616590742e-07,1.51216993749987e-06,1.61105682727055e-06,100,100
2.017,0,0,0,0,0,0,5.14653672330893e-06,2.46918161263592e-06,5.52305619657147e-06,9.5498269345506e-07,1.51570741287288e-06,1.59580705579109e-06,100,100
2.018,0,0,0,0,0,0,5.15614464687469e-06,2.46854168066952e-06,5.52497436714114e-06,9.52089925370923e-07,1.51894405115779e-06,1.57996506425968e-06,100,100
2.019,0,0,0,0,0,0,5.16567463955346e-06,2.46783576038882e-06,5.52666024424629e-06,9.49712262338628e-07,1.52186070632964e-06,1.56357300458854e-06,100,100
2.02,0,0,0,0,0,0,5.17510676329977e-06,2.46706614039987e-06,5.52812792089942e-06,9.48807109210119e-07,1.5244399124052e-06,1.55178376247224e-06,100,100
2.021,0,0,0,0,0,0,5.18351730227727e-06,2.46623502294672e-06,5.52939428098649e-06,9.47849992173986e-07,1.529495733109e-06,1.5424524866647e-06,100,100
2.022,0,0,0,0,0,0,5.19022566914108e-06,2.46534465869509e-06,5.53346810504279e-06,9.4684070335492e-07,1.53642039608068e-06,1.53540241357501e-06,100,100
2.023,0,0,0,0,0,0,5.19660992592373e-06,2.46439578052073e-06,5.53744863320233e-06,9.45779037897534e-07,1.54337311402308e-06,1.54201331666742e-06,100,100
2.024,0,0,0,0,0,0,5.20264781281163e-06,2.46338785702796e-06,5.54099145134547e-06,9.44664793988615e-07,1.55035362167365e-06,1.54149905401105e-06,100,100
2.025,0,0,0,0,0,0,5.20831731190398e-06,2.46232011921267e-06,5.54407605572639e-06,9.4349777288142e-07,1.55736394848366e-06,1.53166529261567e-06,100,100
2.026,0,0,0,0,0,0,5.21360365186873e-06,2.46119157368061e-06,5.55122435748823e-06,9.41570138055968e-07,1.56440859186733e-06,1.52869448264377e-06,100,100
2.027,0,0,0,0,0,0,5.21850783408098e-06,2.46000187759249e-06,5.56423834533776e-06,9.36842994667829e-07,1.57149868653744e-06,1.5320621673177e-06,100,100
2.028,0,0,0,0,0,0,5.2197620572854e-06,2.45875223213105e-06,5.57708128166841e-06,9.32217977356948e-07,1.58288947151364e-06,1.53563957770568e-06,100,100
2.029,0,0,0,0,0,0,5.21662445290113e-06,2.45744361160761e-06,5.58973740985802e-06,9.27694941493382e-07,1.59476904930946e-06,1.53940575915145e-06,100,100
2.03,0,0,0,0,0,0,5.21308418658168e-06,2.4560749607007e-06,5.60218813867904e-06,9.23273734504972e-07,1.59718430906456e-06,1.54334530703925e-06,100,100
2.031,0,0,0,0,0,0,5.20916608318478e-06,2.4546440076769e-06,5.61442643651578e-06,9.18954196548724e-07,1.60045978539649e-06,1.54745251255577e-06,100,100
2.032,0,0,0,0,0,0,5.20489060039667e-06,2.45314810124472e-06,5.62644877975097e-06,9.14736161147975e-07,1.60785705405968e-06,1.5517288450536e-06,100,100
2.033,0,0,0,0,0,0,5.20027619598975e-06,2.45158516072665e-06,5.63824201498575e-06,9.10619455795157e-07,1.61531828991844e-06,1.5561729150396e-06,100,100
2.034,0,0,0,0,0,0,5.19534139882541e-06,2.44995378938388e-06,5.64979293818481e-06,9.06603902519996e-07,1.62285226247762e-06,1.56077593968013e-06,100,100
2.035,0,0,0,0,0,0,5.1900977215459e-06,2.44825158071605e-06,5.66109220362298e-06,9.02890248645466e-07,1.6304663937572e-06,1.56804936739234e-06,100,100
2.036,0,0,0,0,0,0,5.1845539977631e-06,2.44647513566348e-06,5.67212193368534e-06,9.00871261575904e-07,1.63816649479722e-06,1.58193455380813e-06,100,100
2.037,0,0,0,0,0,0,5.17872615635733e-06,2.44462185943295e-06,5.68286589932967e-06,8.98745972746188e-07,1.64595719576136e-06,1.59555611456871e-06,100,100
2.038,0,0,0,0,0,0,5.19003395848172e-06,2.44268925152787e-06,5.69331923202681e-06,8.96514255047313e-07,1.64417587853913e-06,1.60886503875166e-06,100,100
2.039,0,0,0,0,0,0,5.20654045617899e-06,2.44067344364914e-06,5.70348158465325e-06,8.94175987408468e-07,1.64724854440482e-06,1.621814718845e-06,100,100
2.04,0,0,0,0,0,0,5.22314951778812e-06,2.43857119900812e-06,5.71221848892407e-06,8.91731054845294e-07,1.65020572644476e-06,1.63526574267126e-06,100,100
2.041,0,0,0,0,0,0,5.23985432546109e-06,2.43637999739892e-06,5.71794772386532e-06,8.89179348530916e-07,1.64272061130129e-06,1.63111478221181e-06,100,100
2.042,0,0,0,0,0,0,5.25664476358133e-06,2.43409721857784e-06,5.72347797120571e-06,8.86520765890132e-07,1.64490738530449e-06,1.64084900730504e-06,100,100
2.043,0,0,0,0,0,0,5.27350537262696e-06,2.43172106215003e-06,5.72880947694382e-06,8.83755210717163e-07,1.65007738931766e-06,1.65519464295956e-06,100,100
2.044,0,0,0,0,0,0,5.29041498663518e-06,2.42925061281385e-06,5.73393746697624e-06,8.80882593317293e-07,1.65540177366451e-06,1.6696672158494e-06,100,100
2.045,0,0,0,0,0,0,5.30735298116243e-06,2.42668508836292e-06,5.73886082188845e-06,8.77902830672728e-07,1.64719314746291e-06,1.68424807188048e-06,100,100
2.046,0,0,0,0,0,0,5.32429957221168e-06,2.42402297475299e-06,5.74358701154999e-06,8.74815846632947e-07,1.65729883981912e-06,1.6989209313152e-06,100,100
2.047,0,0,0,0,0,0,5.34123101738466e-06,2.42126275114114e-06,5.74813318510794e-06,8.71621572129806e-07,1.66732499597594e-06,1.70594398142296e-06,100,100
2.048,0,0,0,0,0,0,5.3581222426357e-06,2.41840356729722e-06,5.7525205953128e-06,8.71500085582856e-07,1.67595976711346e-06,1.70941520913195e-06,100,100
2.049,0,0,0,0,0,0,5.37495188884569e-06,2.41544515921846e-06,5.7567629924445e-06,8.71608407981423e-07,1.67029254689468e-06,1.71284071678897e-06,100,100
2.05,0,0,0,0,0,0,5.39170554004159e-06,2.41238702734226e-06,5.76086154978689e-06,8.71664772774074e-07,1.66774226282588e-06,1.72162066947895e-06,100,100
2.051,0,0,0,0,0,0,5.40836619435908e-06,2.4092294091682e-06,5.76481177488801e-06,8.71669218142749e-07,1.66724754981448e-06,1.73603910588013e-06,100,100
2.052,0,0,0,0,0,0,5.41738308104246e-06,2.40597330134811e-06,5.7686074549339e-06,8.71621784719359e-07,1.67734082494151e-06,1.7554131504657e-06,100,100
2.053,0,0,0,0,0,0,5.42350055300111e-06,2.40261784076918e-06,5.77224635326423e-06,8.71522515688137e-07,1.68964739099308e-06,1.77520760700338e-06,100,100
2.054,0,0,0,0,0,0,5.4295652858237e-06,2.39916124407869e-06,5.77573042976636e-06,8.71859971496348e-07,1.70176479237889e-06,1.7954116793771e-06,100,100
2.055,0,0,0,0,0,0,5.43558553967416e-06,2.39560267493235e-06,5.77906804564377e-06,8.72715273522707e-07,1.71370244243015e-06,1.80313827263297e-06,100,100
2.056,0,0,0,0,0,0,5.44157913022546e-06,2.39194159120671e-06,5.78227711693058e-06,8.7362094382055e-07,1.72371973258236e-06,1.80379712625015e-06,100,100
2.057,0,0,0,0,0,0,5.44756264727569e-06,2.38817612849114e-06,5.78977268964381e-06,8.74576914917181e-07,1.72489974743638e-06,1.80682664837373e-06,100,100
2.058,0,0,0,0,0,0,5.45355087303032e-06,2.38430296436606e-06,5.80233206141684e-06,8.74279493414946e-07,1.72613212692311e-06,1.79470092050662e-06,100,100
2.059,0,0,0,0,0,0,5.45955943835959e-06,2.3803187918962e-06,5.81463107406932e-06,8.71225472822245e-07,1.72355082722338e-06,1.78168246965541e-06,100,100
2.06,0,0,0,0,0,0,5.46559470197557e-06,2.37622012611786e-06,5.8266519014122e-06,8.68114196844319e-07,1.70912622621973e-06,1.76777180678522e-06,100,100
2.061,0,0,0,0,0,0,5.47165429307607e-06,2.37200333213722e-06,5.83837661630623e-06,8.64945640243239e-07,1.69455937332508e-06,1.76055691960121e-06,100,100
2.062,0,0,0,0,0,0,5.47774025171654e-06,2.36766649952041e-06,5.84979196778413e-06,8.61719786450335e-07,1.68950873968497e-06,1.76484443900676e-06,100,100
2.063,0,0,0,0,0,0,5.48385589771544e-06,2.3632077053691e-06,5.86089174506561e-06,8.58436627918084e-07,1.69420853442557e-06,1.77782872487487e-06,100,100
2.064,0,0,0,0,0,0,5.49000421859484e-06,2.3586232858988e-06,5.87167665191301e-06,8.55096166484302e-07,1.70573649663289e-06,1.78759317802752e-06,100,100
2.065,0,0,0,0,0,0,5.49619742818241e-06,2.35391058298408e-06,5.88215355102483e-06,8.5169841374855e-07,1.71718272906503e-06,1.78507878421521e-06,100,100
2.066,0,0,0,0,0,0,5.50244805918226e-06,2.34906807445238e-06,5.89232422228844e-06,8.4824339146067e-07,1.72849159417103e-06,1.77537811681247e-06,100,100
2.067,0,0,0,0,0,0,5.50876564269804e-06,2.3440929473213e-06,5.90218528017105e-06,8.44731131921308e-07,1.7235070477709e-06,1.76514593354897e-06,100,100
2.068,0,0,0,0,0,0,5.51516905821399e-06,2.33898223280554e-06,5.91174632927021e-06,8.41161678394294e-07,1.71800173914414e-06,1.75443468704427e-06,100,100
2.069,0,0,0,0,0,0,5.52167926783282e-06,2.33373469655776e-06,5.92102392202142e-06,8.37535085530703e-07,1.71207451807604e-06,1.74329816593391e-06,100,100
2.07,0,0,0,0,0,0,5.52830627341036e-06,2.32834993450477e-06,5.9300307515576e-06,8.33851419804407e-07,1.70456681351677e-06,1.73280477301173e-06,100,100
2.071,0,0,0,0,0,0,5.53505875719717e-06,2.32282650823062e-06,5.93877643437022e-06,8.30110759958913e-07,1.70040960487183e-06,1.73331001281191e-06,100,100
2.072,0,0,0,0,0,0,5.54697324605553e-06,2.31781301458677e-06,5.94673172846653e-06,8.26930714588294e-07,1.69537331670509e-06,1.73358466858309e-06,100,100
2.073,0,0,0,0,0,0,5.56623932434585e-06,2.31453483618113e-06,5.95425630844914e-06,8.26694130847355e-07,1.68415263903119e-06,1.73362146311143e-06,100,100
2.074,0,0,0,0,0,0,5.58554095407114e-06,2.3110389039413e-06,5.96194644568782e-06,8.26549514042882e-07,1.68010096667772e-06,1.73342279800948e-06,100,100
2.075,0,0,0,0,0,0,5.60485646856767e-06,2.3073177599002e-06,5.96982153150534e-06,8.26496550871378e-07,1.68509325528439e-06,1.73299219025553e-06,100,100
2.076,0,0,0,0,0,0,5.6241705893118e-06,2.30336565429872e-06,5.97790959850405e-06,8.26534918658218e-07,1.6898329376511e-06,1.73233598392743e-06,100,100
2.077,0,0,0,0,0,0,5.64346563749936e-06,2.29917853536597e-06,5.98623672485578e-06,8.26664284785441e-07,1.69119023757729e-06,1.73146495846675e-06,100,100
2.078,0,0,0,0,0,0,5.6627306064713e-06,2.29475411128036e-06,5.99482485655139e-06,8.26884306109384e-07,1.68539368327583e-06,1.72775667099123e-06,100,100
2.079,0,0,0,0,0,0,5.68196508909404e-06,2.29009108303356e-06,6.0036993025653e-06,8.27194628369167e-07,1.67916269689712e-06,1.71808426000318e-06,100,100
2.08,0,0,0,0,0,0,5.70116163058485e-06,2.28518847583313e-06,6.01288322413387e-06,8.27594885587042e-07,1.67248492866704e-06,1.70811662854789e-06,100,100
2.081,0,0,0,0,0,0,5.72029434743896e-06,2.28004493972386e-06,6.02238093670538e-06,8.28084699461608e-07,1.66534723608401e-06,1.69785264588613e-06,100,100
2.082,0,0,0,0,0,0,5.73933437563702e-06,2.27465885404914e-06,6.03219273214149e-06,8.28663678754925e-07,1.65773931939842e-06,1.687287783308e-06,100,100
2.083,0,0,0,0,0,0,5.75826674070856e-06,2.26902918957927e-06,6.04233568568299e-06,8.29331418674539e-07,1.66285715669108e-06,1.69006561417916e-06,100,100
2.084,0,0,0,0,0,0,5.77708184182073e-06,2.26315528377007e-06,6.05282798579211e-06,8.30087500251444e-07,1.66993077754173e-06,1.69625293735119e-06,100,100
2.085,0,0,0,0,0,0,5.79575624748217e-06,2.25703660432012e-06,6.06367664439227e-06,8.30931489714997e-07,1.67727097272516e-06,1.70191055174765e-06,100,100
2.086,0,0,0,0,0,0,5.81425616120049e-06,2.25067171950878e-06,6.0748776538714e-06,8.31862937865809e-07,1.66743227632458e-06,1.71304254609517e-06,100,100
2.087,0,0,0,0,0,0,5.8325522940658e-06,2.24405834629358e-06,6.08642117227832e-06,8.32881379447621e-07,1.65967449514674e-06,1.71714946746114e-06,100,100
2.088,0,0,0,0,0,0,5.85061921037888e-06,2.23719438555235e-06,6.09830241189807e-06,8.33986332519178e-07,1.66201577230433e-06,1.73211366471117e-06,100,100
2.089,0,0,0,0,0,0,5.86842803532947e-06,2.23007894769124e-06,6.11051334151005e-06,8.35177297827089e-07,1.66809104722773e-06,1.75218036430761e-06,100,100
2.09,0,0,0,0,0,0,5.88594685335959e-06,2.22271331453987e-06,6.12304552993723e-06,8.36453758180679e-07,1.67955041424052e-06,1.77239730778175e-06,100,100
2.091,0,0,0,0,0,0,5.9031449060393e-06,2.21509996691414e-06,6.13590284745626e-06,8.37815177829788e-07,1.6954979605514e-06,1.792709716137e-06,100,100
2.092,0,0,0,0,0,0,5.91998178987312e-06,2.20724158927519e-06,6.14908414032798e-06,8.39261001846501e-07,1.711724716008e-06,1.80755801673877e-06,100,100
2.093,0,0,0,0,0,0,5.93640302792845e-06,2.19914097930599e-06,6.16257745552578e-06,8.40790655511745e-07,1.72817954668698e-06,1.8167426867598e-06,100,100
2.094,0,0,0,0,0,0,5.95235840346015e-06,2.19080096365783e-06,6.17637601858709e-06,8.42403543707683e-07,1.74481262567997e-06,1.82600902783159e-06,100,100
2.095,0,0,0,0,0,0,5.96781190641164e-06,2.182224342683e-06,6.1904821153662e-06,8.44099050316814e-07,1.75586849245468e-06,1.83536513017445e-06,100,100
2.096,0,0,0,0,0,0,5.98273697323697e-06,2.17341384788027e-06,6.20490427266631e-06,8.45876537628671e-07,1.75890910165878e-06,1.83893971340975e-06,100,100
2.097,0,0,0,0,0,0,5.99711051727912e-06,2.16437211931907e-06,6.21965110111695e-06,8.47735345754973e-07,1.76660484477391e-06,1.84228365504073e-06,100,100
2.098,0,0,0,0,0,0,6.01091981338849e-06,2.15510170309357e-06,6.23473200348452e-06,8.49674792054076e-07,1.77368396384388e-06,1.8476804985527e-06,100,100
2.099,0,0,0,0,0,0,6.02416343362624e-06,2.14560601722484e-06,6.25015193154617e-06,8.51694170565522e-07,1.78013889599748e-06,1.86107907000772e-06,100,100
2.1,0,0,0,0,0,0,6.02458600137519e-06,2.13589029531341e-06,6.26590500646159e-06,8.53792751455475e-07,1.78596073131037e-06,1.87421432356285e-06,100,100
2.101,0,0,0,0,0,0,6.01299324790622e-06,2.12596059944228e-06,6.28198447768992e-06,8.55969780473782e-07,1.79113411036022e-06,1.88705133051263e-06,100,100
2.102,0,0,0,0,0,0,6.00137769050004e-06,2.11582292172737e-06,6.29838654860924e-06,8.5822447842338e-07,1.78884032803073e-06,1.89955463139256e-06,100,100
2.103,0,0,0,0,0,0,5.9897495013766e-06,2.10548332697211e-06,6.31510713590557e-06,8.60556040642721e-07,1.75705213435277e-06,1.90998778367671e-06,100,100
2.104,0,0,0,0,0,0,5.97812668165881e-06,2.09494707781645e-06,6.33214134995043e-06,8.62963636501853e-07,1.74370984081092e-06,1.91172558233858e-06,100,100
2.105,0,0,0,0,0,0,5.96654803617576e-06,2.08421867839678e-06,6.34948520429103e-06,8.65446408912774e-07,1.73915344222458e-06,1.90677914440671e-06,100,100
2.106,0,0,0,0,0,0,5.95506065136889e-06,2.07356877223561e-06,6.36713530712755e-06,8.68003473854593e-07,1.75384385659212e-06,1.88777341882644e-06,100,100
2.107,0,0,0,0,0,0,5.94370682461816e-06,2.07124235827306e-06,6.38508514240864e-06,8.70633919914043e-07,1.7562503245944e-06,1.8687757212151e-06,100,100
2.108,0,0,0,0,0,0,5.93252067373528e-06,2.06888613257076e-06,6.40332434811897e-06,8.7333680784181e-07,1.75117675664805e-06,1.84978113699466e-06,100,100
2.109,0,0,0,0,0,0,5.92235357972414e-06,2.06650363769586e-06,6.42183601920965e-06,8.67454129977185e-07,1.74548360115416e-06,1.8307723701303e-06,100,100
2.11,0,0,0,0,0,0,5.94189351029848e-06,2.06409846003212e-06,6.44060050352374e-06,8.57916026253739e-07,1.73917381371019e-06,1.81173398239753e-06,100,100
2.111,0,0,0,0,0,0,5.96225923954659e-06,2.06167408110705e-06,6.449260281306e-06,8.4830769374045e-07,1.73224911099111e-06,1.80468016235911e-06,100,100
2.112,0,0,0,0,0,0,5.98340492494715e-06,2.06037520632851e-06,6.45048097273079e-06,8.38630970845653e-07,1.72471950040511e-06,1.79818180886225e-06,100,100
2.113,0,0,0,0,0,0,6.00528801911917e-06,2.05953773952047e-06,6.4546029460752e-06,8.28887753894957e-07,1.73833196523478e-06,1.79147926314552e-06,100,100
2.114,0,0,0,0,0,0,6.02786168880647e-06,2.05865515139721e-06,6.47020131597361e-06,8.19079997733882e-07,1.74829349460278e-06,1.78455712634508e-06,100,100
2.115,0,0,0,0,0,0,6.05107682907784e-06,2.05773294107603e-06,6.48531290889367e-06,8.09209716291796e-07,1.73491481974345e-06,1.77739911603373e-06,100,100
2.116,0,0,0,0,0,0,6.07489047523885e-06,2.0567756405741e-06,6.49987959269125e-06,7.99278983105233e-07,1.72342544918043e-06,1.7699861235542e-06,100,100
2.117,0,0,0,0,0,0,6.09925632405986e-06,2.05578798287159e-06,6.51384377920566e-06,8.05347869549586e-07,1.71556078939465e-06,1.76229304096289e-06,100,100
2.118,0,0,0,0,0,0,6.12412774242751e-06,2.06326343321006e-06,6.5271548839052e-06,8.14710816013649e-07,1.72506971069657e-06,1.75430046919609e-06,100,100
2.119,0,0,0,0,0,0,6.14946693832926e-06,2.07274863863661e-06,6.53977770161634e-06,8.24130869344121e-07,1.72055085662211e-06,1.74737670294062e-06,100,100
2.12,0,0,0,0,0,0,6.17522927864412e-06,2.08220421876895e-06,6.55167531203677e-06,8.33605861130646e-07,1.71520271862528e-06,1.74726298766235e-06,100,100
2.121,0,0,0,0,0,0,6.20135281300532e-06,2.09162273628755e-06,6.56279372352297e-06,8.43133564069963e-07,1.70903004961398e-06,1.73616678957798e-06,100,100
2.122,0,0,0,0,0,0,6.22777027271415e-06,2.10099672877818e-06,6.57307440830656e-06,8.52711691667038e-07,1.71288250545949e-06,1.7294948074485e-06,100,100
2.123,0,0,0,0,0,0,6.25441438855067e-06,2.11031883381931e-06,6.58247412286124e-06,8.62337897984716e-07,1.74382082460658e-06,1.73590227008056e-06,100,100
2.124,0,0,0,0,0,0,6.28120654206522e-06,2.11958184585211e-06,6.59095377791871e-06,8.72009777443615e-07,1.77419242042304e-06,1.73522053787883e-06,100,100
2.125,0,0,0,0,0,0,6.30806445029012e-06,2.12877987048765e-06,6.59846978089603e-06,8.81724864673944e-07,1.78967465947859e-06,1.72378267516041e-06,100,100
2.126,0,0,0,0,0,0,6.33491640597266e-06,2.13790748222468e-06,6.6049914670507e-06,8.91480634420922e-07,1.79564945757839e-06,1.71951103066996e-06,100,100
2.127,0,0,0,0,0,0,6.3616945072903e-06,2.14695997677235e-06,6.61049327119138e-06,9.01274501505425e-07,1.79167413244179e-06,1.72845905751011e-06,100,100
2.128,0,0,0,0,0,0,6.38833299125318e-06,2.15593351676208e-06,6.6149348074499e-06,9.11103820841455e-07,1.7771184636947e-06,1.72226069501724e-06,100,100
2.129,0,0,0,0,0,0,6.41476817948766e-06,2.16482412782281e-06,6.61826616318087e-06,9.20965887512008e-07,1.76297995609785e-06,1.718507810452e-06,100,100
2.13,0,0,0,0,0,0,6.44092842727303e-06,2.1736277136055e-06,6.62044927779601e-06,9.30857936904836e-07,1.74931722991662e-06,1.72395654864638e-06,100,100
2.131,0,0,0,0,0,0,6.46674530553756e-06,2.18156167124274e-06,6.60375431036375e-06,9.40777144909577e-07,1.73617940234103e-06,1.72884037259957e-06,100,100
2.132,0,0,0,0,0,0,6.49216991167933e-06,2.1827994269502e-06,6.57839209524607e-06,9.50720628177652e-07,1.72360701342788e-06,1.71778481170386e-06,100,100
2.133,0,0,0,0,0,0,6.50892648902721e-06,2.18258918583534e-06,6.57161499970885e-06,9.60685444446277e-07,1.71164518147904e-06,1.70538361110396e-06,100,100
2.134,0,0,0,0,0,0,6.50099886194455e-06,2.18245475746383e-06,6.5679135458209e-06,9.65250275704979e-07,1.70033897372392e-06,1.69837230436155e-06,100,100
2.135,0,0,0,0,0,0,6.49273299473486e-06,2.18239766730199e-06,6.56379945554345e-06,9.69443114341125e-07,1.69199467110408e-06,1.7027106949232e-06,100,100
2.136,0,0,0,0,0,0,6.48414532069806e-06,2.18241874907247e-06,6.55928437882244e-06,9.73669537600794e-07,1.69118484478101e-06,1.70701315611921e-06,100,100
2.137,0,0,0,0,0,0,6.47524899995303e-06,2.18251833837479e-06,6.55437255977564e-06,9.77927683849576e-07,1.68939549249282e-06,1.71205489240106e-06,100,100
2.138,0,0,0,0,0,0,6.46606538595376e-06,2.18269755547071e-06,6.54908233441671e-06,9.82215658291742e-07,1.68666640895998e-06,1.72524721867203e-06,100,100
2.139,0,0,0,0,0,0,6.4566217042113e-06,2.18295736577679e-06,6.54343450856029e-06,9.86531533037682e-07,1.68304335754374e-06,1.73810340727186e-06,100,100
2.14,0,0,0,0,0,0,6.44488969469398e-06,2.18329763680193e-06,6.53743791617992e-06,9.90873347185037e-07,1.67858973334838e-06,1.72671760661412e-06,100,100
2.141,0,0,0,0,0,0,6.40788830951646e-06,2.18638104869131e-06,6.53110004358838e-06,9.95239106913528e-07,1.68110738263444e-06,1.71129031052794e-06,100,100
2.142,0,0,0,0,0,0,6.37035557643315e-06,2.19495830596965e-06,6.52443684123148e-06,9.99626785593541e-07,1.69488746454477e-06,1.69595096500578e-06,100,100
2.143,0,0,0,0,0,0,6.33235524288396e-06,2.20352066947078e-06,6.51746559146311e-06,1.00403432390859e-06,1.70197026386693e-06,1.68076386600529e-06,100,100
2.144,0,0,0,0,0,0,6.29395736217238e-06,2.21206283665574e-06,6.51020341407794e-06,1.00845962999183e-06,1.69148986702214e-06,1.66578723514401e-06,100,100
2.145,0,0,0,0,0,0,6.25524058338053e-06,2.22057801651753e-06,6.50266823475455e-06,1.01290057957692e-06,1.68112693942121e-06,1.65105484369733e-06,100,100
2.146,0,0,0,0,0,0,6.21628204755689e-06,2.22905685766337e-06,6.49488410631087e-06,1.01735501616353e-06,1.68192785167164e-06,1.63735416768698e-06,100,100
2.147,0,0,0,0,0,0,6.17715321839046e-06,2.23748972642535e-06,6.48688920340445e-06,1.02182075119797e-06,1.69609692823094e-06,1.62847294629046e-06,100,100
2.148,0,0,0,0,0,0,6.13792255124727e-06,2.24586670644291e-06,6.47872434593308e-06,1.02629556426932e-06,1.70994931016074e-06,1.61914233166838e-06,100,100
2.149,0,0,0,0,0,0,6.09865683128657e-06,2.2541778617083e-06,6.47041983024916e-06,1.03077720332187e-06,1.72345378727145e-06,1.60942016252593e-06,100,100
2.15,0,0,0,0,0,0,6.05943328481981e-06,2.26351081143602e-06,6.4620065007003e-06,1.03526338488425e-06,1.73657977665419e-06,1.61546850975905e-06,100,100
2.151,0,0,0,0,0,0,6.02033441932025e-06,2.27820351742763e-06,6.45351937942387e-06,1.03975179431629e-06,1.75038514091826e-06,1.62871795099477e-06,100,100
2.152,0,0,0,0,0,0,5.98144454389842e-06,2.29279475294265e-06,6.44499027132458e-06,1.04424008607426e-06,1.75921505158023e-06,1.64187002589031e-06,100,100
2.153,0,0,0,0,0,0,5.94285527531431e-06,2.30726458028462e-06,6.43644558561332e-06,1.04872588399548e-06,1.76855397633318e-06,1.6549097794281e-06,100,100
2.154,0,0,0,0,0,0,5.90464555548066e-06,2.32159390952865e-06,6.42790267275313e-06,1.05320678160336e-06,1.77776016166343e-06,1.67843102565204e-06,100,100
2.155,0,0,0,0,0,0,5.86688130949049e-06,2.33576667474309e-06,6.41937607516603e-06,1.0576803424339e-06,1.78683216342506e-06,1.69902478128134e-06,100,100
2.156,0,0,0,0,0,0,5.82962964255458e-06,2.34976739310979e-06,6.41087988342761e-06,1.06214410038487e-06,1.79577077681798e-06,1.70176540359052e-06,100,100
2.157,0,0,0,0,0,0,5.79295543035792e-06,2.36357999017584e-06,6.40242888251521e-06,1.06659556008887e-06,1.80454888037436e-06,1.70483925772164e-06,100,100
2.158,0,0,0,0,0,0,5.75692246914495e-06,2.37718891522705e-06,6.39404040210669e-06,1.07103219731166e-06,1.81617442057958e-06,1.70827062101454e-06,100,100
2.159,0,0,0,0,0,0,5.72160322854501e-06,2.39057912402882e-06,6.38573743953598e-06,1.07545145937709e-06,1.8419715804072e-06,1.7120886989254e-06,100,100
2.16,0,0,0,0,0,0,5.68707160334207e-06,2.40373509305121e-06,6.37755656421701e-06,1.07985076562009e-06,1.85640267216771e-06,1.71632826163097e-06,100,100
2.161,0,0,0,0,0,0,5.65337839870425e-06,2.41664112189214e-06,6.36952127046318e-06,1.08422750786926e-06,1.8931281609052e-06,1.72101189736146e-06,100,100
2.162,0,0,0,0,0,0,5.62055861720206e-06,2.42928392626203e-06,6.36163745379162e-06,1.08765453071026e-06,1.92521955485972e-06,1.72615354485885e-06,100,100
2.163,0,0,0,0,0,0,5.58865261439851e-06,2.44165280763748e-06,6.35392919288853e-06,1.09290273328345e-06,1.9506326158857e-06,1.73177133984334e-06,100,100
2.164,0,0,0,0,0,0,5.58208089907372e-06,2.45373863975247e-06,6.34722359727576e-06,1.097195867362e-06,1.96601867800577e-06,1.74104524127306e-06,100,100
2.165,0,0,0,0,0,0,5.58064515127986e-06,2.46553279194323e-06,6.35291124213847e-06,1.10145574047101e-06,1.97387873200362e-06,1.75530745972932e-06,100,100
2.166,0,0,0,0,0,0,5.5799381209571e-06,2.47510700765615e-06,6.35840007305173e-06,1.10567961529037e-06,1.98117912590909e-06,1.76958064248346e-06,100,100
2.167,0,0,0,0,0,0,5.57993538512819e-06,2.48209287465624e-06,6.36368435468296e-06,1.10986473059833e-06,1.99156419543644e-06,1.78385241037957e-06,100,100
2.168,0,0,0,0,0,0,5.58059776546732e-06,2.48796827305294e-06,6.36876057917097e-06,1.1140083020057e-06,2.01195751673734e-06,1.79810509155562e-06,100,100
2.169,0,0,0,0,0,0,5.58188672369604e-06,2.48551002100071e-06,6.37363562489413e-06,1.11810752273234e-06,2.03144770885469e-06,1.81234204880656e-06,100,100
2.17,0,0,0,0,0,0,5.58376227145404e-06,2.48296747181355e-06,6.37831574427768e-06,1.12215956442779e-06,2.04948312189036e-06,1.82822266998644e-06,100,100
2.171,0,0,0,0,0,0,5.586183784233e-06,2.48034318187724e-06,6.38280172060324e-06,1.12616157803728e-06,2.06503368382003e-06,1.8442742729758e-06,100,100
2.172,0,0,0,0,0,0,5.58912753010392e-06,2.4776399182154e-06,6.38711157235708e-06,1.13011069471486e-06,2.079756212571e-06,1.86004869282554e-06,100,100
2.173,0,0,0,0,0,0,5.59258548923459e-06,2.47485958755566e-06,6.39127636118929e-06,1.13400402678478e-06,2.09365799427557e-06,1.87553121730818e-06,100,100
2.174,0,0,0,0,0,0,5.59653750048894e-06,2.47200331515764e-06,6.39531827721586e-06,1.13783866875269e-06,2.10673620526266e-06,1.89070666966397e-06,100,100
2.175,0,0,0,0,0,0,5.60094880786953e-06,2.46907380033382e-06,6.3992431364867e-06,1.14161169836774e-06,2.11897468603445e-06,1.90556023659032e-06,100,100
2.176,0,0,0,0,0,0,5.60578785907738e-06,2.4660752121808e-06,6.40303667120301e-06,1.1453201777368e-06,2.12865721420305e-06,1.92008188442273e-06,100,100
2.177,0,0,0,0,0,0,5.61101850485264e-06,2.46301208183493e-06,6.40666708652165e-06,1.14896115449177e-06,2.12340802293139e-06,1.93427332012862e-06,100,100
2.178,0,0,0,0,0,0,5.61659382127394e-06,2.45988828768301e-06,6.41010788359339e-06,1.15253166301094e-06,2.11797886803576e-06,1.94813889987557e-06,100,100
2.179,0,0,0,0,0,0,5.62247568679722e-06,2.45670715407274e-06,6.4133583920063e-06,1.15602872569523e-06,2.10620861892974e-06,1.9616763436291e-06,100,100
2.18,0,0,0,0,0,0,5.62863328655916e-06,2.45347499247469e-06,6.41644066564091e-06,1.15944935429978e-06,2.08818896070863e-06,1.97487781258095e-06,100,100
2.181,0,0,0,0,0,0,5.63502534933936e-06,2.45020197889101e-06,6.41937894975454e-06,1.16279055132167e-06,2.07085011470775e-06,1.98772792997205e-06,100,100
2.182,0,0,0,0,0,0,5.64160901603578e-06,2.44689824574261e-06,6.42217411799585e-06,1.16604931144384e-06,2.05418735749044e-06,2.00020736931575e-06,100,100
2.183,0,0,0,0,0,0,5.64834174489119e-06,2.44357266680192e-06,6.42481306521758e-06,1.16922262303561e-06,2.03819692095718e-06,2.01230454958613e-06,100,100
2.184,0,0,0,0,0,0,5.65517695788706e-06,2.44023528194161e-06,6.42728771569631e-06,1.17230746970978e-06,2.03521602759047e-06,2.02303324006725e-06,100,100
2.185,0,0,0,0,0,0,5.66207752389259e-06,2.43689716340418e-06,6.42958702412827e-06,1.17530083193613e-06,2.03698507611199e-06,2.02903868010585e-06,100,100
2.186,0,0,0,0,0,0,5.6690093870114e-06,2.43358666925258e-06,6.43170288738826e-06,1.17819968871106e-06,2.03900541586494e-06,2.03210517098028e-06,100,100
2.187,0,0,0,0,0,0,5.67593319119047e-06,2.43434621747294e-06,6.43362754257051e-06,1.18100101928287e-06,2.0412655349584e-06,2.03650930923182e-06,100,100
2.188,0,0,0,0,0,0,5.68281065171786e-06,2.43496872194825e-06,6.43533847858941e-06,1.18370180493207e-06,2.0437520937835e-06,2.04084972347876e-06,100,100
2.189,0,0,0,0,0,0,5.68961012920771e-06,2.43546505760339e-06,6.43681165826709e-06,1.18629903080575e-06,2.04645179017869e-06,2.04515457644548e-06,100,100
2.19,0,0,0,0,0,0,5.69631244387937e-06,2.43584753713171e-06,6.43804115117485e-06,1.18878968780521e-06,2.0493595283609e-06,2.0432269098304e-06,100,100
2.191,0,0,0,0,0,0,5.70288832623786e-06,2.43612991212187e-06,6.43903644683395e-06,1.19117077452542e-06,2.06019390289914e-06,2.04083966069456e-06,100,100
2.192,0,0,0,0,0,0,5.70928851194087e-06,2.43632489967105e-06,6.43979622397914e-06,1.19343929924513e-06,2.07874952533575e-06,2.03848398221642e-06,100,100
2.193,0,0,0,0,0,0,5.7154719542407e-06,2.43644434030027e-06,6.44030269613412e-06,1.19559228196594e-06,2.09720575711272e-06,2.04196565914708e-06,100,100
2.194,0,0,0,0,0,0,5.72141190673088e-06,2.43649943161965e-06,6.44053970341507e-06,1.1995698333581e-06,2.11553291598197e-06,2.04838783243996e-06,100,100
2.195,0,0,0,0,0,0,5.72708092229172e-06,2.43977260316499e-06,6.44049450582809e-06,1.20584364335267e-06,2.13370170112723e-06,2.05678010891872e-06,100,100
2.196,0,0,0,0,0,0,5.73245353870247e-06,2.44727882378382e-06,6.44015722712164e-06,1.21221074861762e-06,2.14887549680635e-06,2.06801950810654e-06,100,100
2.197,0,0,0,0,0,0,5.73751289372683e-06,2.45444322476084e-06,6.43953178422502e-06,1.21818794771349e-06,2.15820480452895e-06,2.07697979067716e-06,100,100
2.198,0,0,0,0,0,0,5.74224279993841e-06,2.46125564553669e-06,6.43862798273452e-06,1.22376910047902e-06,2.16712683104562e-06,2.07794030334139e-06,100,100
2.199,0,0,0,0,0,0,5.74662304867947e-06,2.46770071569207e-06,6.43744724574615e-06,1.2289481911776e-06,2.17564483357701e-06,2.08025881578991e-06,100,100
2.2,0,0,0,0,0,0,5.75062891228026e-06,2.47375831330457e-06,6.43597042832446e-06,1.23371933284169e-06,2.17494623676039e-06,2.08336549182228e-06,100,100
2.201,0,0,0,0,0,0,5.75423537892914e-06,2.47940887526305e-06,6.43415307944602e-06,1.23807677156806e-06,2.17013905634255e-06,2.08683723996736e-06,100,100
2.202,0,0,0,0,0,0,5.75742056216828e-06,2.48463601769205e-06,6.43196309214383e-06,1.24201489076223e-06,2.16513188347076e-06,2.09064858972105e-06,100,100
2.203,0,0,0,0,0,0,5.76016279333897e-06,2.48942534465078e-06,6.42939621531266e-06,1.24552821533024e-06,2.15996320231516e-06,2.09477266024879e-06,100,100
2.204,0,0,0,0,0,0,5.76244176724937e-06,2.49376201840862e-06,6.42645334618162e-06,1.24861141581636e-06,2.15465772075974e-06,2.09856501976799e-06,100,100
2.205,0,0,0,0,0,0,5.76424709064624e-06,2.49763092632044e-06,6.42313509258257e-06,1.25125931248525e-06,2.14924515367007e-06,2.09704806419004e-06,100,100
2.206,0,0,0,0,0,0,5.76558647253894e-06,2.50101935091456e-06,6.41944293316021e-06,1.2534668793472e-06,2.14376165641707e-06,2.09302141688864e-06,100,100
2.207,0,0,0,0,0,0,5.76647628283056e-06,2.50391705555522e-06,6.41536655604119e-06,1.25522924812547e-06,2.13823978071538e-06,2.09550610751202e-06,100,100
2.208,0,0,0,0,0,0,5.76692835482248e-06,2.50631400289722e-06,6.41087797087278e-06,1.25654171216436e-06,2.13269642080791e-06,2.09806662137101e-06,100,100
2.209,0,0,0,0,0,0,5.76695851091891e-06,2.50820075119864e-06,6.40595313564797e-06,1.25739973027732e-06,2.12713674850245e-06,2.10069297310609e-06,100,100
2.21,0,0,0,0,0,0,5.76659306993606e-06,2.50957120166038e-06,6.40059039443429e-06,1.25779893053403e-06,2.12157857963145e-06,2.10336554377861e-06,100,100
2.211,0,0,0,0,0,0,5.76585888690231e-06,2.51042260937969e-06,6.39481098049977e-06,1.25773511398569e-06,2.11324890755962e-06,2.10606107618879e-06,100,100
2.212,0,0,0,0,0,0,5.7647806891585e-06,2.5107531370203e-06,6.38864849450765e-06,1.25720425832791e-06,2.10484263817115e-06,2.10876360411262e-06,100,100
2.213,0,0,0,0,0,0,5.76337690575209e-06,2.51056080536061e-06,6.38214190496361e-06,1.25620252150042e-06,2.09654338923618e-06,2.11145975739598e-06,100,100
2.214,0,0,0,0,0,0,5.76165749987356e-06,2.50984370088197e-06,6.37532493955452e-06,1.25472624522323e-06,2.08837489293261e-06,2.1141315250153e-06,100,100
2.215,0,0,0,0,0,0,5.75962630572505e-06,2.50860133896909e-06,6.36821433353682e-06,1.25277195846853e-06,2.08035159238794e-06,2.11676035388721e-06,100,100
2.216,0,0,0,0,0,0,5.75728417899655e-06,2.50683592017372e-06,6.36082243135635e-06,1.25033638086813e-06,2.07248240151157e-06,2.11934175024354e-06,100,100
2.217,0,0,0,0,0,0,5.75464348797293e-06,2.50455109601248e-06,6.3531724369295e-06,1.24741642605587e-06,2.06321160419815e-06,2.12187642773917e-06,100,100
2.218,0,0,0,0,0,0,5.75172350501211e-06,2.50175079656496e-06,6.34529297333126e-06,1.24400920494482e-06,2.05374223080103e-06,2.12435594389622e-06,100,100
2.219,0,0,0,0,0,0,5.74854073428262e-06,2.49843924613497e-06,6.33720614723626e-06,1.24011202893892e-06,2.05086543879695e-06,2.12591991338064e-06,100,100
2.22,0,0,0,0,0,0,5.74510550851133e-06,2.4946209035489e-06,6.32893335678968e-06,1.23572241307879e-06,2.04901415060954e-06,2.12273550557797e-06,100,100
2.221,0,0,0,0,0,0,5.74141411890684e-06,2.49029918474559e-06,6.32048893820483e-06,1.23083807912159e-06,2.04678137516923e-06,2.11934943724275e-06,100,100
2.222,0,0,0,0,0,0,5.73745958717237e-06,2.4854740811052e-06,6.31187305143521e-06,1.22545695855473e-06,2.04414966011972e-06,2.1157677781795e-06,100,100
2.223,0,0,0,0,0,0,5.73324806600262e-06,2.48014362936771e-06,6.30309978944795e-06,1.21957719554317e-06,2.04110601673082e-06,2.11199862375655e-06,100,100
2.224,0,0,0,0,0,0,5.72880424042436e-06,2.47430777979275e-06,6.29419430845652e-06,1.21319714981035e-06,2.03764596325741e-06,2.1080546077933e-06,100,100
2.225,0,0,0,0,0,0,5.72415530047768e-06,2.46796724230191e-06,6.28517434246419e-06,1.20631539945255e-06,2.03318243685028e-06,2.10393951031256e-06,100,100
2.226,0,0,0,0,0,0,5.71931578343658e-06,2.46112243260018e-06,6.2760625177334e-06,1.19893074368657e-06,2.02381081943701e-06,2.09964509967417e-06,100,100
2.227,0,0,0,0,0,0,5.71430153790288e-06,2.45377723163399e-06,6.26688430747211e-06,1.19104220553066e-06,2.01433389277783e-06,2.09516722905282e-06,100,100
2.228,0,0,0,0,0,0,5.70913019125119e-06,2.45323520399213e-06,6.25766396608146e-06,1.18264903441876e-06,2.00472897922323e-06,2.09052142359546e-06,100,100
2.229,0,0,0,0,0,0,5.70381411180815e-06,2.45324862532362e-06,6.24842812330637e-06,1.17375070874771e-06,1.99499837257212e-06,2.08573230208009e-06,100,100
2.23,0,0,0,0,0,0,5.69837257939669e-06,2.45304781336647e-06,6.2392045940736e-06,1.16957302011283e-06,1.98520754954243e-06,2.0808149990457e-06,100,100
2.231,0,0,0,0,0,0,5.69281896366439e-06,2.45262390665898e-06,6.23002491847636e-06,1.16547635354023e-06,1.98081581562608e-06,2.0757786784782e-06,100,100
2.232,0,0,0,0,0,0,5.68714767793055e-06,2.45196599195876e-06,6.22092045153473e-06,1.16118184241268e-06,1.97661873097165e-06,2.07063044013649e-06,100,100
2.233,0,0,0,0,0,0,5.6813577702599e-06,2.45121437281111e-06,6.21191229940249e-06,1.15668888132992e-06,1.9744195687659e-06,2.06537086020213e-06,100,100
2.234,0,0,0,0,0,0,5.67546988099751e-06,2.45123032047644e-06,6.20301308012498e-06,1.15199696776744e-06,1.98220958652648e-06,2.06000294589669e-06,100,100
2.235,0,0,0,0,0,0,5.66951669543628e-06,2.45108163061732e-06,6.19425027139603e-06,1.14710570350898e-06,1.99038856054899e-06,2.05453214231382e-06,100,100
2.236,0,0,0,0,0,0,5.6635236025711e-06,2.45075620495144e-06,6.18565616367457e-06,1.14201479599948e-06,1.99895619767864e-06,2.04987761402324e-06,100,100
2.237,0,0,0,0,0,0,5.65750603032887e-06,2.45100282733673e-06,6.1772335998022e-06,1.13672405961669e-06,2.00792403270205e-06,2.04940090012111e-06,100,100
2.238,0,0,0,0,0,0,5.65148240892e-06,2.45518319452292e-06,6.16897966417055e-06,1.13123341685953e-06,2.01729384087549e-06,2.04912600151047e-06,100,100
2.239,0,0,0,0,0,0,5.64546832631257e-06,2.45824667233343e-06,6.1609072865402e-06,1.12554289945142e-06,2.0270500450947e-06,2.04904542500425e-06,100,100
2.24,0,0,0,0,0,0,5.63947007686234e-06,2.46130445302339e-06,6.15302591552396e-06,1.11965264935732e-06,2.03717835150462e-06,2.04915017090033e-06,100,100
2.241,0,0,0,0,0,0,5.63348869323136e-06,2.45507903501999e-06,6.14534032950716e-06,1.11356291971294e-06,2.04766846994101e-06,2.04943278844046e-06,100,100
2.242,0,0,0,0,0,0,5.62751875881768e-06,2.44662104928105e-06,6.13784713957922e-06,1.10727407566529e-06,2.0600138372176e-06,2.0498828450236e-06,100,100
2.243,0,0,0,0,0,0,5.62156015160846e-06,2.43886747601719e-06,6.13052759910623e-06,1.10078659512377e-06,2.06728157390393e-06,2.0504860291819e-06,100,100
2.244,0,0,0,0,0,0,5.61573772172439e-06,2.4317843874717e-06,6.12776057695094e-06,1.09410106942138e-06,2.07487268279264e-06,2.05123235580796e-06,100,100
2.245,0,0,0,0,0,0,5.62149692940768e-06,2.42272440570737e-06,6.12825955266354e-06,1.08721820388604e-06,2.08279901437952e-06,2.05211847234637e-06,100,100
2.246,0,0,0,0,0,0,5.62699144136756e-06,2.41485808815761e-06,6.12893027150093e-06,1.08013881832256e-06,2.0910652772661e-06,2.05314355348711e-06,100,100
2.247,0,0,0,0,0,0,5.63223898776876e-06,2.41014566837695e-06,6.12978199900854e-06,1.07286384740621e-06,2.0996764367006e-06,2.05430842786676e-06,100,100
2.248,0,0,0,0,0,0,5.63725237939596e-06,2.40516643682883e-06,6.13082188354759e-06,1.06539434098945e-06,2.10864609794026e-06,2.05561298772528e-06,100,100
2.249,0,0,0,0,0,0,5.64205078997333e-06,2.39992663919599e-06,6.13205021869965e-06,1.05350046175375e-06,2.11797174948905e-06,2.05703814047105e-06,100,100
2.25,0,0,0,0,0,0,5.6466587699935e-06,2.39443299306176e-06,6.1334724997555e-06,1.04861377310883e-06,2.12764352697679e-06,2.05855320101959e-06,100,100
2.251,0,0,0,0,0,0,5.65109828807319e-06,2.38869356411026e-06,6.13510976480998e-06,1.04183083902646e-06,2.13765413110416e-06,2.06013810673859e-06,100,100
2.252,0,0,0,0,0,0,5.65538938816464e-06,2.38271850483509e-06,6.13699406330628e-06,1.03359599878808e-06,2.14797254133689e-06,2.06178479560419e-06,100,100
2.253,0,0,0,0,0,0,5.65953605071185e-06,2.37651970772922e-06,6.13914438645845e-06,1.02517360501085e-06,2.15672048127797e-06,2.0634896087784e-06,100,100
2.254,0,0,0,0,0,0,5.66354024428803e-06,2.37010941690964e-06,6.14155538077253e-06,1.01656540061345e-06,2.15218100554098e-06,2.06523892359242e-06,100,100
2.255,0,0,0,0,0,0,5.6674206371399e-06,2.36349886222084e-06,6.14421091970628e-06,1.00777324373473e-06,2.14754339632131e-06,2.06795219268271e-06,100,100
2.256,0,0,0,0,0,0,5.67119795735346e-06,2.35669802345153e-06,6.14710206411236e-06,9.98799107521117e-07,2.1428068176697e-06,2.07552493741307e-06,100,100
2.257,0,0,0,0,0,0,5.67488926283797e-06,2.34971649508472e-06,6.1502282425847e-06,9.89645079891022e-07,2.13283699648723e-06,2.08301070676299e-06,100,100
2.258,0,0,0,0,0,0,5.67851519138511e-06,2.3425632799476e-06,6.15359028304683e-06,9.8031336329116e-07,2.11476597498778e-06,2.09040680998855e-06,100,100
2.259,0,0,0,0,0,0,5.68210624066256e-06,2.33524679653561e-06,6.15719399699521e-06,9.70806274461539e-07,2.09631739532245e-06,2.09336837032768e-06,100,100
2.26,0,0,0,0,0,0,5.68569706469127e-06,2.32777610784635e-06,6.16104875232082e-06,9.61126244227738e-07,2.07748024106813e-06,2.09458100035785e-06,100,100
2.261,0,0,0,0,0,0,5.6893140731069e-06,2.32015995973917e-06,6.16515133720238e-06,9.51275817340657e-07,2.05824508809726e-06,2.09589875879534e-06,100,100
2.262,0,0,0,0,0,0,5.69297052823742e-06,2.31240697599426e-06,6.1694848219025e-06,9.41257652385289e-07,2.03860802158384e-06,2.09732696453634e-06,100,100
2.263,0,0,0,0,0,0,5.69667140757145e-06,2.30452573240465e-06,6.17402661476277e-06,9.31074521780971e-07,2.01857306717494e-06,2.09886517503612e-06,100,100
2.264,0,0,0,0,0,0,5.70042905674102e-06,2.29652254004608e-06,6.17875634335194e-06,9.20729311895889e-07,1.99815269663268e-06,2.10051239976477e-06,100,100
2.265,0,0,0,0,0,0,5.70425536930227e-06,2.28840133409673e-06,6.18365502128947e-06,9.10225023298165e-07,1.97735540853373e-06,2.10226844710927e-06,100,100
2.266,0,0,0,0,0,0,5.70814927321382e-06,2.28028577175648e-06,6.1886909716379e-06,8.99564771164521e-07,1.95617562514431e-06,2.1041251602625e-06,100,100
2.267,0,0,0,0,0,0,5.71210936657789e-06,2.28164920838553e-06,6.19382693461245e-06,8.88751785865069e-07,1.95103215002547e-06,2.10607571174464e-06,100,100
2.268,0,0,0,0,0,0,5.71613839889666e-06,2.28307599117418e-06,6.19903353959321e-06,8.77789413739167e-07,1.95573930675195e-06,2.1054094659138e-06,100,100
2.269,0,0,0,0,0,0,5.72024268782294e-06,2.28457455532679e-06,6.20428805488743e-06,8.6668111807242e-07,1.96064008244914e-06,2.1032068796208e-06,100,100
2.27,0,0,0,0,0,0,5.72442164220577e-06,2.28615314565007e-06,6.20956448236821e-06,8.55430480278821e-07,1.96574016753806e-06,2.10100674731277e-06,100,100
2.271,0,0,0,0,0,0,5.72866063608832e-06,2.28781980995424e-06,6.21482416741114e-06,8.44041201284768e-07,1.97105048161906e-06,2.09882608456406e-06,100,100
2.272,0,0,0,0,0,0,5.73294769960357e-06,2.28958219685662e-06,6.22002312966388e-06,8.32517103103584e-07,1.97656591416152e-06,2.0966895664181e-06,100,100
2.273,0,0,0,0,0,0,5.73727393956197e-06,2.29144827134519e-06,6.22512384202872e-06,8.20862130580386e-07,1.98226531313823e-06,2.09461994620311e-06,100,100
2.274,0,0,0,0,0,0,5.74162084599158e-06,2.29342711263208e-06,6.23009618288947e-06,8.09080353278224e-07,1.97309141307012e-06,2.09264041209353e-06,100,100
2.275,0,0,0,0,0,0,5.74597244739683e-06,2.29552786792322e-06,6.23491242451222e-06,7.97175967467732e-07,1.96172517449632e-06,2.09077820070971e-06,100,100
2.276,0,0,0,0,0,0,5.75032820854909e-06,2.29775878573045e-06,6.23954895893923e-06,7.98879493100961e-07,1.95052165977763e-06,2.08906195580191e-06,100,100
2.277,0,0,0,0,0,0,5.75469398387521e-06,2.30012721737859e-06,6.24398612235634e-06,8.11436262674608e-07,1.9394986929912e-06,2.08751749724031e-06,100,100
2.278,0,0,0,0,0,0,5.75907977217874e-06,2.29784810696451e-06,6.24819845154159e-06,8.24099070439249e-07,1.92720735370624e-06,2.08617695475648e-06,100,100
2.279,0,0,0,0,0,0,5.76349618410621e-06,2.29262674731459e-06,6.25214950417896e-06,8.36862986813829e-07,1.91315129421597e-06,2.0850758179464e-06,100,100
2.28,0,0,0,0,0,0,5.76795138398443e-06,2.28745873154228e-06,6.25579740606431e-06,8.49722956735842e-07,1.89894239329275e-06,2.08424488721381e-06,100,100
2.281,0,0,0,0,0,0,5.77244730282712e-06,2.28235104725901e-06,6.25910755039955e-06,8.6267379868755e-07,1.89292636955722e-06,2.08370842432512e-06,100,100
2.282,0,0,0,0,0,0,5.77697174369122e-06,2.27731112792656e-06,6.26205339276255e-06,8.75710204780447e-07,1.88977927316757e-06,2.08347771471668e-06,100,100
2.283,0,0,0,0,0,0,5.78151490318425e-06,2.27234696966494e-06,6.26461503294677e-06,8.888267392771e-07,1.88679471483418e-06,2.0835532066027e-06,100,100
2.284,0,0,0,0,0,0,5.78607176349659e-06,2.26746530597875e-06,6.26678304514659e-06,9.02017839124035e-07,1.88396132867876e-06,2.0839376400558e-06,100,100
2.285,0,0,0,0,0,0,5.79063155810624e-06,2.26267233508176e-06,6.26854991005126e-06,9.15277813863751e-07,1.88127029576525e-06,2.08463434905589e-06,100,100
2.286,0,0,0,0,0,0,5.79518904160338e-06,2.25797436756026e-06,6.26990695680242e-06,9.28600846007918e-07,1.87871575797234e-06,2.08563999239029e-06,100,100
2.287,0,0,0,0,0,0,5.7997481374805e-06,2.25337679159785e-06,6.27085115608768e-06,9.41980991707093e-07,1.87629951529361e-06,2.08694984681669e-06,100,100
2.288,0,0,0,0,0,0,5.80431752206732e-06,2.25740718872761e-06,6.27139559364002e-06,9.55412181723115e-07,1.87402922525463e-06,2.08855851780198e-06,100,100
2.289,0,0,0,0,0,0,5.81774757316448e-06,2.26813616471675e-06,6.27156066200229e-06,9.68888222704414e-07,1.8719149700399e-06,2.09045689857695e-06,100,100
2.29,0,0,0,0,0,0,5.8343818040815e-06,2.27897548211295e-06,6.27135993096106e-06,9.82402798759137e-07,1.86996722660513e-06,2.09263207925682e-06,100,100
2.291,0,0,0,0,0,0,5.85130075842058e-06,2.28993367139229e-06,6.2708127666969e-06,9.95949473316516e-07,1.8630551231373e-06,2.09507404692619e-06,100,100
2.292,0,0,0,0,0,0,5.86849700507757e-06,2.30101639167533e-06,6.26994024002328e-06,1.00952169126325e-06,1.84588397506976e-06,2.09777861071677e-06,100,100
2.293,0,0,0,0,0,0,5.88595334466577e-06,2.31222870159574e-06,6.26875624947439e-06,1.02311278133894e-06,1.82877279242851e-06,2.1007398094738e-06,100,100
2.294,0,0,0,0,0,0,5.90364650354007e-06,2.32357504579896e-06,6.26727593463361e-06,1.03671595877254e-06,1.82301359453387e-06,2.1039500810626e-06,100,100
2.295,0,0,0,0,0,0,5.92154924844725e-06,2.33505854065129e-06,6.26551563059451e-06,1.050324328141e-06,1.82453968766149e-06,2.107405646868e-06,100,100
2.296,0,0,0,0,0,0,5.93963639752204e-06,2.34980408888282e-06,6.2634849530716e-06,1.06393088643015e-06,1.82636568161499e-06,2.11110431119631e-06,100,100
2.297,0,0,0,0,0,0,5.95788112715905e-06,2.35885832052491e-06,6.26118633111011e-06,1.07752852627866e-06,1.82850968512385e-06,2.11504265269496e-06,100,100
2.298,0,0,0,0,0,0,5.97062121287152e-06,2.36402758597111e-06,6.25862187021136e-06,1.09111003938578e-06,1.83755364475791e-06,2.11921456670162e-06,100,100
2.299,0,0,0,0,0,0,5.97801615594511e-06,2.36929134790882e-06,6.25579542716369e-06,1.10466812006472e-06,1.85170505169982e-06,2.12106263073345e-06,100,100
2.3,0,0,0,0,0,0,5.98581851644867e-06,2.37464768165817e-06,6.25271850383852e-06,1.11819536892456e-06,1.85694044688722e-06,2.11712718726742e-06,100,100
2.301,0,0,0,0,0,0,5.99400040766821e-06,2.38009266319189e-06,6.24941501848947e-06,1.13168429666473e-06,1.86106402194594e-06,2.11304389462221e-06,100,100
2.302,0,0,0,0,0,0,6.00253267421793e-06,2.3856218471195e-06,6.24591283768043e-06,1.1451273279674e-06,1.86526880745345e-06,2.12543098742964e-06,100,100
2.303,0,0,0,0,0,0,6.01138910963407e-06,2.39123115534168e-06,6.24223748846542e-06,1.15851680547471e-06,1.87849948512251e-06,2.13774214196807e-06,100,100
2.304,0,0,0,0,0,0,6.0205431367892e-06,2.396917071457e-06,6.23841424194711e-06,1.17184499383874e-06,1.87981509089982e-06,2.13847073756195e-06,100,100
2.305,0,0,0,0,0,0,6.02996520685863e-06,2.40267532987258e-06,6.23447429285541e-06,1.18510408383383e-06,1.87833015235232e-06,2.13714519456532e-06,100,100
2.306,0,0,0,0,0,0,6.03962686417812e-06,2.41163768204982e-06,6.2304462873399e-06,1.19828619670191e-06,1.88433259218297e-06,2.13577342202559e-06,100,100
2.307,0,0,0,0,0,0,6.04950655790987e-06,2.4331122743065e-06,6.22634213291671e-06,1.21138338746156e-06,1.90648929052004e-06,2.13436428530297e-06,100,100
2.308,0,0,0,0,0,0,6.05959057700761e-06,2.45444231576697e-06,6.22217060076558e-06,1.22438765095777e-06,1.93385949723437e-06,2.1329208253988e-06,100,100
2.309,0,0,0,0,0,0,6.06986647484991e-06,2.47561325334038e-06,6.21794748152243e-06,1.23729092433931e-06,1.93968625712163e-06,2.13144058096683e-06,100,100
2.31,0,0,0,0,0,0,6.08031771967817e-06,2.49661167883905e-06,6.21368765697563e-06,1.25008509226577e-06,1.93742118006757e-06,2.1299167052271e-06,100,100
2.311,0,0,0,0,0,0,6.09092793429822e-06,2.5174235828081e-06,6.20940476157497e-06,1.2627619910556e-06,1.93525905656383e-06,2.12833928109798e-06,100,100
2.312,0,0,0,0,0,0,6.10168437667172e-06,2.53803434434397e-06,6.20511495434197e-06,1.27531341303299e-06,1.93316308858353e-06,2.12670233452267e-06,100,100
2.313,0,0,0,0,0,0,6.11257056027768e-06,2.56205635407117e-06,6.20083577059542e-06,1.28773111089054e-06,1.92179552389007e-06,2.12501332113594e-06,100,100
2.314,0,0,0,0,0,0,6.12356565706179e-06,2.58971917436203e-06,6.19658556746369e-06,1.30000680206533e-06,1.89130958737314e-06,2.12329017145722e-06,100,100
2.315,0,0,0,0,0,0,6.13465062334202e-06,2.61710340475975e-06,6.19238533183265e-06,1.31213217312655e-06,1.86129510602709e-06,2.12155003243289e-06,100,100
2.316,0,0,0,0,0,0,6.14580356322945e-06,2.64267180902331e-06,6.18825910526463e-06,1.32409888417331e-06,1.83177035809347e-06,2.1235551894666e-06,100,100
2.317,0,0,0,0,0,0,6.1569958072609e-06,2.66262404501931e-06,6.18423125481877e-06,1.33589857324163e-06,1.80275667381646e-06,2.12662663552421e-06,100,100
2.318,0,0,0,0,0,0,6.16819765511394e-06,2.68233607904381e-06,6.18031978497e-06,1.34752286090595e-06,1.80308224672971e-06,2.1308034456629e-06,100,100
2.319,0,0,0,0,0,0,6.17938073963234e-06,2.70178761666529e-06,6.17653584558669e-06,1.35896335395908e-06,1.8064512295034e-06,2.13199555713388e-06,100,100
2.32,0,0,0,0,0,0,6.19051612143968e-06,2.72095865720366e-06,6.17288983000033e-06,1.37021165095833e-06,1.80970566093963e-06,2.13301397059875e-06,100,100
2.321,0,0,0,0,0,0,6.20157140055704e-06,2.73982958380256e-06,6.1693917852017e-06,1.38125934592245e-06,1.81283863743099e-06,2.13386558529973e-06,100,100
2.322,0,0,0,0,0,0,6.21251313641317e-06,2.75838019714262e-06,6.16605061642653e-06,1.3975877870732e-06,1.81585046905618e-06,2.13455857575233e-06,100,100
2.323,0,0,0,0,0,0,6.22331056659591e-06,2.77659023398713e-06,6.16287677297694e-06,1.41425953879208e-06,1.83289393815881e-06,2.13510678346142e-06,100,100
2.324,0,0,0,0,0,0,6.2339319768081e-06,2.79444038893399e-06,6.15988313884511e-06,1.43220702215353e-06,1.86298923636117e-06,2.135526564024e-06,100,100
2.325,0,0,0,0,0,0,6.24434690883207e-06,2.81191199293257e-06,6.1570828493469e-06,1.45399035431915e-06,1.89240200431405e-06,2.13583102933844e-06,100,100
2.326,0,0,0,0,0,0,6.25453031457252e-06,2.82898662916722e-06,6.15448684710785e-06,1.47523119996363e-06,1.92108517908241e-06,2.13603296309047e-06,100,100
2.327,0,0,0,0,0,0,6.26446559672714e-06,2.84564570009031e-06,6.15210464848405e-06,1.49591216768127e-06,1.94395349350603e-06,2.14076467090247e-06,100,100
2.328,0,0,0,0,0,0,6.27414213305464e-06,2.8618704909983e-06,6.14994196443744e-06,1.51601591098814e-06,1.95685219950841e-06,2.14560990691101e-06,100,100
2.329,0,0,0,0,0,0,6.28354527339367e-06,2.87764344578887e-06,6.14799898023124e-06,1.53552513672456e-06,1.96915986832945e-06,2.14690081130517e-06,100,100
2.33,0,0,0,0,0,0,6.29265813703482e-06,2.89294824679489e-06,6.14627365471673e-06,1.55442261354956e-06,1.98086102110816e-06,2.14817246239547e-06,100,100
2.331,0,0,0,0,0,0,6.30146778129665e-06,2.9077688205118e-06,6.14476425829021e-06,1.57269118052466e-06,1.9817711260157e-06,2.14942098508326e-06,100,100
2.332,0,0,0,0,0,0,6.30996220277249e-06,2.92208904291221e-06,6.14346843266723e-06,1.59031375578418e-06,1.9722552162561e-06,2.15064126429993e-06,100,100
2.333,0,0,0,0,0,0,6.3181302066236e-06,2.93589305068184e-06,6.14238007136545e-06,1.60727334528927e-06,1.96281249398327e-06,2.15182841447952e-06,100,100
2.334,0,0,0,0,0,0,6.32389678876876e-06,2.94916582019839e-06,6.14148986602271e-06,1.62355305166266e-06,1.95348899721119e-06,2.15298138321882e-06,100,100
2.335,0,0,0,0,0,0,6.32528085792698e-06,2.9618931055215e-06,6.14078797251534e-06,1.63913608310094e-06,1.94433073086384e-06,2.15409984224288e-06,100,100
2.336,0,0,0,0,0,0,6.3266717324008e-06,2.97406141045771e-06,6.14026497339122e-06,1.65400576236127e-06,1.93538260927075e-06,2.15518157786276e-06,100,100
2.337,0,0,0,0,0,0,6.32804807175563e-06,2.98565792116224e-06,6.13991037925076e-06,1.66814553581889e-06,1.92668669528532e-06,2.15622535736788e-06,100,100
2.338,0,0,0,0,0,0,6.32939051180487e-06,2.99667015305469e-06,6.13970977682848e-06,1.68153898259221e-06,1.91828228498986e-06,2.15722946810785e-06,100,100
2.339,0,0,0,0,0,0,6.33068270021493e-06,3.00708585056968e-06,6.13964661522405e-06,1.69416982373155e-06,1.9102053631585e-06,2.15818890008106e-06,100,100
2.34,0,0,0,0,0,0,6.33191014339799e-06,3.01689242076407e-06,6.13970582748724e-06,1.70602193146792e-06,1.90248881562983e-06,2.15909638589471e-06,100,100
2.341,0,0,0,0,0,0,6.33306055491528e-06,3.02607716321157e-06,6.13987155613022e-06,1.71707933851774e-06,1.89516420604423e-06,2.15994514921937e-06,100,100
2.342,0,0,0,0,0,0,6.3341226620973e-06,3.03462807002267e-06,6.14012560301321e-06,1.72732624743952e-06,1.88826331639359e-06,2.16072870479399e-06,100,100
2.343,0,0,0,0,0,0,6.33508661606031e-06,3.042533397499e-06,6.14044861752822e-06,1.73674704003827e-06,1.88181932502881e-06,2.16143976136628e-06,100,100
2.344,0,0,0,0,0,0,6.335944434119e-06,3.04978120297135e-06,6.14081962664322e-06,1.74532628681308e-06,1.87586376361971e-06,2.16207225994926e-06,100,100
2.345,0,0,0,0,0,0,6.33669033839632e-06,3.05635958543341e-06,6.14121725324985e-06,1.75304875644358e-06,1.87042514722904e-06,2.16262219861347e-06,100,100
2.346,0,0,0,0,0,0,6.3373235933337e-06,3.0622568878314e-06,6.1416203275513e-06,1.75989942531036e-06,1.86553044176483e-06,2.16308533988168e-06,100,100
2.347,0,0,0,0,0,0,6.33784790506341e-06,3.06746175127956e-06,6.14200673886517e-06,1.76586348704468e-06,1.86120522849957e-06,2.16345741618891e-06,100,100
2.348,0,0,0,0,0,0,6.33826891938075e-06,3.07196315332621e-06,6.14235415583324e-06,1.77092636210236e-06,1.86167799438242e-06,2.16373593507949e-06,100,100
2.349,0,0,0,0,0,0,6.338594002635e-06,3.07575051005043e-06,6.14264012405932e-06,1.77507370735675e-06,1.86288832589816e-06,2.16350634528342e-06,100,100
2.35,0,0,0,0,0,0,6.33883339429112e-06,3.07881364426748e-06,6.14284212216507e-06,1.77829142570551e-06,1.86393214558856e-06,2.1633256648217e-06,100,100
2.351,0,0,0,0,0,0,6.33900078212737e-06,3.08114264277287e-06,6.14293820030195e-06,1.78056567568563e-06,1.86481046111843e-06,2.16320238899079e-06,100,100
2.352,0,0,0,0,0,0,6.33911274582119e-06,3.08272788437544e-06,6.14290696873421e-06,1.78188288109134e-06,1.86552381727686e-06,2.16313690242796e-06,100,100
2.353,0,0,0,0,0,0,6.3391887050973e-06,3.08356009167367e-06,6.14272792829288e-06,1.78222974058879e-06,1.86607219495849e-06,2.16313098602944e-06,100,100
2.354,0,0,0,0,0,0,6.33925111224211e-06,3.08363031665878e-06,6.14238217031108e-06,1.78159323732207e-06,1.86645521192386e-06,2.16318750212759e-06,100,100
2.355,0,0,0,0,0,0,6.33932492761381e-06,3.08292991683806e-06,6.14185242273633e-06,1.77996064850404e-06,1.86667289025555e-06,2.16305887418721e-06,100,100
2.356,0,0,0,0,0,0,6.3394377903875e-06,3.08145053349807e-06,6.14112268258337e-06,1.77731955498628e-06,1.86672578525864e-06,2.16259900045588e-06,100,100
2.357,0,0,0,0,0,0,6.3396201854223e-06,3.07918401577513e-06,6.14017829560375e-06,1.7736578508015e-06,1.86661512154414e-06,2.16205562332218e-06,100,100
2.358,0,0,0,0,0,0,6.33990394682225e-06,3.07612230378922e-06,6.13900531479878e-06,1.7689637526721e-06,1.86634215867696e-06,2.16143223387171e-06,100,100
2.359,0,0,0,0,0,0,6.34032297370291e-06,3.07225738383485e-06,6.13759098007204e-06,1.76322580947843e-06,1.86590709405058e-06,2.16073289338747e-06,100,100
2.36,0,0,0,0,0,0,6.34091498588094e-06,3.06758115953893e-06,6.13592430910352e-06,1.75643291167986e-06,1.86588182987507e-06,2.15996091539383e-06,100,100
2.361,0,0,0,0,0,0,6.34172085664951e-06,3.06208547654989e-06,6.13399577940702e-06,1.74857430068206e-06,1.87144872416235e-06,2.1591189748462e-06,100,100
2.362,0,0,0,0,0,0,6.34278422925512e-06,3.05576224081929e-06,6.13179687294671e-06,1.73963957814347e-06,1.87780884696622e-06,2.15821088835999e-06,100,100
2.363,0,0,0,0,0,0,6.34415027610001e-06,3.04860337298825e-06,6.12931693940663e-06,1.72961871521407e-06,1.88496509710178e-06,2.15724085111445e-06,100,100
2.364,0,0,0,0,0,0,6.34586568079199e-06,3.04060067684122e-06,6.12654346792589e-06,1.71850206169928e-06,1.89291858777098e-06,2.15621197512328e-06,100,100
2.365,0,0,0,0,0,0,6.34797863875241e-06,3.03174578674134e-06,6.12346521113025e-06,1.70628035514192e-06,1.90166854389291e-06,2.15512805588976e-06,100,100
2.366,0,0,0,0,0,0,6.35053609021998e-06,3.02203054706968e-06,6.12007219596742e-06,1.69294472981494e-06,1.91121234131084e-06,2.15399347242071e-06,100,100
2.367,0,0,0,0,0,0,6.35358323037619e-06,3.01144692391083e-06,6.11635822076516e-06,1.67848672561769e-06,1.92154472281082e-06,2.1528100059609e-06,100,100
2.368,0,0,0,0,0,0,6.35716274793389e-06,2.99998706866458e-06,6.11448448821484e-06,1.66289829686832e-06,1.93265862314005e-06,2.15157949726238e-06,100,100
2.369,0,0,0,0,0,0,6.361312954224e-06,2.98764387223727e-06,6.11427611823857e-06,1.64617182098508e-06,1.9445461819396e-06,2.15030612991415e-06,100,100
2.37,0,0,0,0,0,0,6.3574746350533e-06,2.97441059138315e-06,6.11431345223707e-06,1.62830010704895e-06,1.95719663539877e-06,2.14899104122507e-06,100,100
2.371,0,0,0,0,0,0,6.35325903821499e-06,2.96028028675311e-06,6.11463388670568e-06,1.60927640424034e-06,1.97059519001902e-06,2.14763316956784e-06,100,100
2.372,0,0,0,0,0,0,6.34912176011818e-06,2.94524627221234e-06,6.11527517972159e-06,1.58909441014233e-06,1.98472437677371e-06,2.14623503051315e-06,100,100
2.373,0,0,0,0,0,0,6.34511211846973e-06,2.92930243159413e-06,6.11627687583613e-06,1.56774827890307e-06,1.99956651916667e-06,2.14480124984326e-06,100,100
2.374,0,0,0,0,0,0,6.34128208027434e-06,2.91244301423512e-06,6.11767665125028e-06,1.54514186049052e-06,2.00398129049138e-06,2.14714004359871e-06,100,100
2.375,0,0,0,0,0,0,6.33768287948004e-06,2.89466311352025e-06,6.11951110962189e-06,1.52087449760054e-06,2.0012347929708e-06,2.15358816864134e-06,100,100
2.376,0,0,0,0,0,0,6.3343593719169e-06,2.87595884636181e-06,6.12181574968061e-06,1.49542650154391e-06,1.99832210736208e-06,2.15868566513858e-06,100,100
2.377,0,0,0,0,0,0,6.33135266315334e-06,2.85632710464959e-06,6.12462246574588e-06,1.47490321922364e-06,1.99074075844444e-06,2.15812621526203e-06,100,100
2.378,0,0,0,0,0,0,6.31328858286963e-06,2.83576558618081e-06,6.12796108121329e-06,1.45516410547142e-06,1.96472992380672e-06,2.15337631335523e-06,100,100
2.379,0,0,0,0,0,0,6.28751622097825e-06,2.81427278322016e-06,6.13186157169534e-06,1.43457823620884e-06,1.93684474406797e-06,2.14507684464871e-06,100,100
2.38,0,0,0,0,0,0,6.26056476743276e-06,2.79184751438716e-06,6.13635097029552e-06,1.4131449586531e-06,1.92819768916344e-06,2.14377092714077e-06,100,100
2.381,0,0,0,0,0,0,6.23243965136423e-06,2.76848832866439e-06,6.14145158585574e-06,1.39146154274081e-06,1.93077577205061e-06,2.14485444706455e-06,100,100
2.382,0,0,0,0,0,0,6.20315588828348e-06,2.74419378109609e-06,6.14718655285073e-06,1.37714037420079e-06,1.93346416003141e-06,2.14596851204698e-06,100,100
2.383,0,0,0,0,0,0,6.17273452065113e-06,2.71896284031597e-06,6.15357883691427e-06,1.36228370472711e-06,1.91977912016205e-06,2.14711820086669e-06,100,100
2.384,0,0,0,0,0,0,6.14119920368794e-06,2.69279488485449e-06,6.16064563965191e-06,1.34689240324882e-06,1.90380949854521e-06,2.14613668922768e-06,100,100
2.385,0,0,0,0,0,0,6.10857780508451e-06,2.66569024927354e-06,6.16839889921149e-06,1.3309676327313e-06,1.91141115965505e-06,2.14093171206127e-06,100,100
2.386,0,0,0,0,0,0,6.0748972022811e-06,2.63765084758172e-06,6.17684641932642e-06,1.31451085200103e-06,1.91928955958259e-06,2.1356956411451e-06,100,100
2.387,0,0,0,0,0,0,6.04018536551016e-06,2.60867972645626e-06,6.18599659839631e-06,1.29752381732103e-06,1.92746324440867e-06,2.13043704178666e-06,100,100
2.388,0,0,0,0,0,0,6.00447681840739e-06,2.57878111467007e-06,6.19585806454438e-06,1.2800085834806e-06,1.93594983230205e-06,2.12516183186553e-06,100,100
2.389,0,0,0,0,0,0,5.96780749937444e-06,2.54796048066403e-06,6.20643023875238e-06,1.26196750435836e-06,1.94476410465096e-06,2.11987320133386e-06,100,100
2.39,0,0,0,0,0,0,5.93021779221952e-06,2.51622344648235e-06,6.21770408682937e-06,1.24340323291787e-06,1.94094164352032e-06,2.1145786461433e-06,100,100
2.391,0,0,0,0,0,0,5.89175568221743e-06,2.4930197807219e-06,6.22967532203766e-06,1.22212008266218e-06,1.94683537166698e-06,2.10929252122406e-06,100,100
2.392,0,0,0,0,0,0,5.85246840376395e-06,2.46674517353301e-06,6.24234621640051e-06,1.20471721604572e-06,1.92816022588017e-06,2.10402914184431e-06,100,100
2.393,0,0,0,0,0,0,5.81239753529988e-06,2.44190951030984e-06,6.25571219781294e-06,1.18460226319889e-06,1.89778804292193e-06,2.09880437550711e-06,100,100
2.394,0,0,0,0,0,0,5.77157927364644e-06,2.43256753425332e-06,6.26975886520036e-06,1.16397769861606e-06,1.90180061093008e-06,2.09258186835201e-06,100,100
2.395,0,0,0,0,0,0,5.73004917136786e-06,2.42294775859578e-06,6.28447020089006e-06,1.14284764809773e-06,1.91568717062476e-06,2.08625954016173e-06,100,100
2.396,0,0,0,0,0,0,5.68784905828566e-06,2.41304935540933e-06,6.29983060289033e-06,1.12121652253557e-06,1.89591783436515e-06,2.08291711938282e-06,100,100
2.397,0,0,0,0,0,0,5.69137846765134e-06,2.40287238958373e-06,6.31582284832681e-06,1.09908901298958e-06,1.87033987486275e-06,2.08615533049469e-06,100,100
2.398,0,0,0,0,0,0,5.69585040957892e-06,2.38279762724462e-06,6.33242837201649e-06,1.0764700849855e-06,1.88756223842825e-06,2.08186062069477e-06,100,100
2.399,0,0,0,0,0,0,5.70019951047564e-06,2.3444402819773e-06,6.34962421712616e-06,1.05336497203528e-06,1.91605661078612e-06,2.07697692699171e-06,100,100
2.4,0,0,0,0,0,0,5.70441211276904e-06,2.30907540734805e-06,6.36737963514603e-06,1.02977916839365e-06,1.91548342829935e-06,2.07314443607814e-06,100,100
2.401,0,0,0,0,0,0,5.70847069572684e-06,2.29235780677045e-06,6.38565939386968e-06,1.00571842107404e-06,1.92945330681395e-06,2.06985472375141e-06,100,100
2.402,0,0,0,0,0,0,5.71235689329624e-06,2.26206910207565e-06,6.40442754476047e-06,9.81188721158518e-07,1.94033248548606e-06,2.06738136394576e-06,100,100
2.403,0,0,0,0,0,0,5.71606003659924e-06,2.23110941833657e-06,6.42364779330173e-06,9.56196294447233e-07,1.93343925213268e-06,2.07444318485537e-06,100,100
2.404,0,0,0,0,0,0,5.71956947949918e-06,2.19948413936299e-06,6.44328209164202e-06,9.30747591504579e-07,1.92591816965605e-06,2.08242628337196e-06,100,100
2.405,0,0,0,0,0,0,5.72285762148447e-06,2.17169124070302e-06,6.46328033496644e-06,9.04849277169926e-07,1.92691493609653e-06,2.09110199524764e-06,100,100
2.406,0,0,0,0,0,0,5.72588703946218e-06,2.17318730014166e-06,6.48357664001323e-06,8.78508219611377e-07,1.93969124497214e-06,2.10045210601094e-06,100,100
2.407,0,0,0,0,0,0,5.72862852936267e-06,2.16867101590403e-06,6.50409863698829e-06,8.51731479206948e-07,1.93546044613137e-06,2.11044706633871e-06,100,100
2.408,0,0,0,0,0,0,5.7310584515346e-06,2.15664635205885e-06,6.52477736317907e-06,8.24526296169931e-07,1.93304849524818e-06,2.11171306372693e-06,100,100
2.409,0,0,0,0,0,0,5.7321574562971e-06,2.14465913319067e-06,6.54555641477666e-06,7.96900079970252e-07,1.97241089807893e-06,2.10271076609387e-06,100,100
2.41,0,0,0,0,0,0,5.72580728578774e-06,2.13271791253457e-06,6.56639181310926e-06,8.22967986507791e-07,2.02282352219542e-06,2.09406577841955e-06,100,100
2.411,0,0,0,0,0,0,5.71928411726123e-06,2.14265596249688e-06,6.58724116880696e-06,8.50957050385671e-07,2.07407099367553e-06,2.10455238767856e-06,100,100
2.412,0,0,0,0,0,0,5.71256488992208e-06,2.1607417413253e-06,6.60805579001798e-06,8.79338908482728e-07,2.11318267904545e-06,2.11756944882645e-06,100,100
2.413,0,0,0,0,0,0,5.73070355144407e-06,2.17924281127152e-06,6.62878013125923e-06,9.08106098924008e-07,2.09690389810324e-06,2.12591215263292e-06,100,100
2.414,0,0,0,0,0,0,5.75043804390113e-06,2.18637717985037e-06,6.64935463613131e-06,9.37251070899773e-07,2.03678049336296e-06,2.11698915214023e-06,100,100
2.415,0,0,0,0,0,0,5.77036165091419e-06,2.18806985106682e-06,6.66972956107662e-06,9.66766194064516e-07,2.01722960497523e-06,2.1039239917567e-06,100,100
2.416,0,0,0,0,0,0,5.79044341408022e-06,2.1897407077707e-06,6.67343116584574e-06,9.96643767189842e-07,2.00913125779224e-06,2.09083412330842e-06,100,100
2.417,0,0,0,0,0,0,5.81064966475861e-06,2.19137851478801e-06,6.67409829571093e-06,1.02687602598681e-06,2.03078024715394e-06,2.09404862107519e-06,100,100
2.418,0,0,0,0,0,0,5.83095232071626e-06,2.19297050379086e-06,6.67494196161726e-06,1.0616677211154e-06,2.02221303924013e-06,2.09836511853056e-06,100,100
2.419,0,0,0,0,0,0,5.85132684771063e-06,2.21294463800717e-06,6.67595340618377e-06,1.0883732686863e-06,2.00269521256746e-06,2.10365178024046e-06,100,100
2.42,0,0,0,0,0,0,5.87174740599411e-06,2.25046730567095e-06,6.67712441148459e-06,1.11962246611116e-06,2.0614397153463e-06,2.10363059079325e-06,100,100
2.421,0,0,0,0,0,0,5.89218878796478e-06,2.28854804685948e-06,6.67842711992904e-06,1.1511947850962e-06,2.06084150790592e-06,2.0960971937849e-06,100,100
2.422,0,0,0,0,0,0,5.91263209399069e-06,2.34981450322556e-06,6.67982051694125e-06,1.18315340472435e-06,2.06432385663664e-06,2.0889586313869e-06,100,100
2.423,0,0,0,0,0,0,5.93306685859752e-06,2.42376101830871e-06,6.68127206041638e-06,1.2383314323411e-06,2.12960759427777e-06,2.08221345095577e-06,100,100
2.424,0,0,0,0,0,0,5.95347973669101e-06,2.49848570879198e-06,6.68275496304572e-06,1.31288494043465e-06,2.13119611926867e-06,2.09440770185824e-06,100,100
2.425,0,0,0,0,0,0,5.97384445473327e-06,2.56028465480605e-06,6.68423546618657e-06,1.36975637552618e-06,2.10052312917007e-06,2.09752084195211e-06,100,100
2.426,0,0,0,0,0,0,6.00794640119437e-06,2.58670693083809e-06,6.68566876177915e-06,1.44406439976092e-06,2.09061321958919e-06,2.09988289915706e-06,100,100
2.427,0,0,0,0,0,0,6.07966006131013e-06,2.60255098560802e-06,6.68700968003906e-06,1.52452771049311e-06,2.06013642467869e-06,2.10192875164691e-06,100,100
2.428,0,0,0,0,0,0,6.15204941866411e-06,2.65800834855591e-06,6.68600831713528e-06,1.60571729641297e-06,2.06837846166021e-06,2.10365519285591e-06,100,100
2.429,0,0,0,0,0,0,6.22508925162139e-06,2.71899794654279e-06,6.66205985244858e-06,1.68760661974929e-06,2.08078686953143e-06,2.10918129029339e-06,100,100
2.43,0,0,0,0,0,0,6.29874832931144e-06,2.78051776692275e-06,6.63766420701527e-06,1.7701685477516e-06,2.05411673131867e-06,2.11804520642779e-06,100,100
2.431,0,0,0,0,0,0,6.37297467902962e-06,2.84254303569351e-06,6.61284696457412e-06,1.84677710433504e-06,2.01772027706869e-06,2.1262313472583e-06,100,100
2.432,0,0,0,0,0,0,6.4477113918028e-06,2.90504635573302e-06,6.58762383997507e-06,1.91146397648518e-06,1.958327719699e-06,2.12645851620327e-06,100,100
2.433,0,0,0,0,0,0,6.52291640833614e-06,2.96799937724802e-06,6.56201393227501e-06,1.9865095742758e-06,1.94646497456884e-06,2.14074948578138e-06,100,100
2.434,0,0,0,0,0,0,6.55078679801005e-06,3.03137438537995e-06,6.53605658685107e-06,2.06797548159289e-06,1.93616094800087e-06,2.16124804996652e-06,100,100
2.435,0,0,0,0,0,0,6.55498377721418e-06,3.09514313445683e-06,6.50978309196119e-06,2.149931688615e-06,1.8919676955398e-06,2.17064798115453e-06,100,100
2.436,0,0,0,0,0,0,6.55935225562188e-06,3.15927834756187e-06,6.4832046966137e-06,2.23235158060855e-06,1.85240513556248e-06,2.1580741347657e-06,100,100
2.437,0,0,0,0,0,0,6.56389828787164e-06,3.22375784222161e-06,6.479181621919e-06,2.31820714255129e-06,1.89317099513948e-06,2.14586887172568e-06,100,100
2.438,0,0,0,0,0,0,6.56862924964914e-06,3.28856011172229e-06,6.48372047715943e-06,2.40547624541213e-06,1.89681016969298e-06,2.13407741844238e-06,100,100
2.439,1,0,0,0,0,0,6.57566732301728e-06,3.35365995440619e-06,6.48777422203551e-06,2.49312558883374e-06,1.85841926347168e-06,2.12272790800077e-06,100,100
2.44,1,0,0,0,0,0,6.64527856726782e-06,3.41903270035392e-06,6.49132579385303e-06,2.58112311090927e-06,1.8564533448438e-06,2.12084363821097e-06,100,100
2.441,1,0,0,0,0,0,6.71486183300669e-06,3.48465544751987e-06,6.49437255814909e-06,2.66943645930114e-06,1.9110125013096e-06,2.12099154523076e-06,100,100
2.442,1,0,1,0,0,0,6.78438920831603e-06,3.55050251719756e-06,6.49690229982273e-06,2.75803302033291e-06,1.96884289407293e-06,2.12135493972546e-06,100,100
2.443,1,0,1,0,0,0,6.85382430084632e-06,3.61654553244872e-06,6.49890498050319e-06,2.84687994813043e-06,2.02611466090524e-06,2.12194796651124e-06,100,100
2.444,1,0,1,0,0,0,6.92313520122502e-06,3.68275797901347e-06,6.50037313255287e-06,2.93594419372175e-06,2.07476437503476e-06,2.12277337325489e-06,100,100
2.445,1,0,1,0,0,0,6.99229461052241e-06,3.74911361469709e-06,6.5012970283983e-06,3.02519253400951e-06,2.10157275133046e-06,2.12383238955771e-06,100,100
2.446,1,0,1,0,0,0,7.06126357724064e-06,3.81671981265219e-06,6.50167165214014e-06,3.11459160053457e-06,2.12790454956709e-06,2.11544638454019e-06,100,100
2.447,1,0,1,0,0,0,7.13000100751546e-06,3.90615800355345e-06,6.50148068615005e-06,3.20410790795447e-06,2.13980419466638e-06,2.10555874836629e-06,100,100
2.448,1,0,1,0,0,0,7.18185953114198e-06,3.99556254492186e-06,6.47941784462482e-06,3.2937078821657e-06,2.15070213968654e-06,2.10424787472038e-06,100,100
2.449,1,0,1,0,0,0,7.21588102333379e-06,4.08490314058335e-06,6.45412459150736e-06,3.38335788800402e-06,2.16145356635734e-06,2.1029103191278e-06,100,100
2.45,1,0,1,0,0,0,7.24951945644133e-06,4.17414808894896e-06,6.42896422525855e-06,3.47302425646262e-06,2.18308954535014e-06,2.10325807686711e-06,100,100
2.451,1,0,1,0,0,0,7.28279679149739e-06,4.26326733330742e-06,6.40655712643337e-06,3.56267331137334e-06,2.21600933396916e-06,2.11309609342714e-06,100,100
2.452,1,0,1,0,0,0,7.31572277170941e-06,4.35223220018996e-06,6.3852010459577e-06,3.65227139550152e-06,2.24167931337441e-06,2.1181105710134e-06,100,100
2.453,1,0,1,0,0,0,7.3483127200756e-06,4.44101530933037e-06,6.36409833120733e-06,3.74178489601078e-06,2.26718568271381e-06,2.11619805301357e-06,100,100
2.454,1,0,1,0,0,0,7.3886653137368e-06,4.52958909185856e-06,6.34328778898381e-06,3.8294102893688e-06,2.29251895439772e-06,2.12472100165679e-06,100,100
2.455,1,0,1,0,0,0,7.44478068686741e-06,4.61792612350927e-06,6.32278947475999e-06,3.91510445796141e-06,2.31767259206483e-06,2.13353266011794e-06,100,100
2.456,1,0,1,0,0,0,7.50101345770933e-06,4.69117107384359e-06,6.30262259984961e-06,4.00064524746324e-06,2.34265363215638e-06,2.14220870924776e-06,100,100
2.457,1,0,1,0,0,0,7.55735773786267e-06,4.76083476119809e-06,6.28282329869082e-06,4.086002110885e-06,2.38280874460551e-06,2.15073997641786e-06,100,100
2.458,1,0,1,0,0,0,7.61381954843031e-06,4.83027924685021e-06,6.26342863611023e-06,4.17114451453934e-06,2.42527078555013e-06,2.15909015730977e-06,100,100
2.459,1,0,1,0,0,0,7.67040017912595e-06,4.89948092892996e-06,6.24446526290964e-06,4.2560419551385e-06,2.4229816161424e-06,2.16723723648589e-06,100,100
2.46,1,0,1,1,0,0,7.72708151507154e-06,4.96841810056275e-06,6.2259382982275e-06,4.34066397687295e-06,2.42774566822376e-06,2.17389203667419e-06,100,100
2.461,1,0,1,1,0,0,7.78384329989011e-06,5.03707295252958e-06,6.20786091445452e-06,4.42498018845517e-06,2.44137582528128e-06,2.17013696346873e-06,100,100
2.462,1,0,1,1,0,0,7.83804308049731e-06,5.10542996103369e-06,6.19026735768643e-06,4.50896028011262e-06,2.44539113661629e-06,2.16520903446825e-06,100,100
2.463,1,0,1,1,0,0,7.87624389611484e-06,5.17347415191394e-06,6.17317410419206e-06,4.59257404051412e-06,2.41253266254179e-06,2.16171514908333e-06,100,100
2.464,1,0,1,1,0,0,7.88983870737423e-06,5.24119101125742e-06,6.15659443876257e-06,4.67579137361386e-06,2.4219167596122e-06,2.15709348480966e-06,100,100
2.465,1,0,1,1,0,0,7.90358722444188e-06,5.30856622321567e-06,6.14056555036254e-06,4.75858231539739e-06,2.44182624965587e-06,2.15190239778031e-06,100,100
2.466,1,0,1,1,0,0,7.91751760430044e-06,5.37558359325637e-06,6.1251231008379e-06,4.84091705051408e-06,2.46138972815476e-06,2.14365877833832e-06,100,100
2.467,1,0,1,1,0,0,7.94939971725063e-06,5.44222512070082e-06,6.11028001862241e-06,4.92276592878069e-06,2.46680660708683e-06,2.13543970037508e-06,100,100
2.468,1,0,1,1,0,0,7.99582175968934e-06,5.50847494999881e-06,6.09604218777463e-06,5.00409948154082e-06,2.50903279454435e-06,2.12722847464528e-06,100,100
2.469,1,0,1,1,0,0,8.04195988324745e-06,5.57431769055942e-06,6.08241943121476e-06,5.08488843786535e-06,2.58324250750511e-06,2.11905352513725e-06,100,100
2.47,1,0,1,1,0,0,8.08779916404583e-06,5.63973475573309e-06,6.06942185281618e-06,5.16510374057907e-06,2.60535757355095e-06,2.11094272130337e-06,100,100
2.471,1,0,1,1,0,0,8.13334559081593e-06,5.70470794250123e-06,6.05706289249233e-06,5.24471656209909e-06,2.62087785518137e-06,2.10338498740931e-06,100,100
2.472,1,0,1,2,0,0,8.17860557335247e-06,5.76922091976345e-06,6.04534499164615e-06,5.3236983200708e-06,2.63627057065041e-06,2.10292938605789e-06,100,100
2.473,1,0,1,2,0,0,8.22355789270817e-06,5.83325517656841e-06,6.03424520622603e-06,5.40202069278753e-06,2.66479874034831e-06,2.10261096430086e-06,100,100
2.474,1,0,1,2,0,0,8.26817347507843e-06,5.8967882028679e-06,6.02373695013997e-06,5.47965563438045e-06,2.69656459042301e-06,2.10238474024161e-06,100,100
2.475,1,0,2,2,0,0,8.31245161749574e-06,5.9597939658129e-06,6.01380166068887e-06,5.55657538976532e-06,2.72748416827568e-06,2.10218778815034e-06,100,100
2.476,1,0,2,2,0,0,8.35640580629049e-06,6.0222455242321e-06,6.00543620877043e-06,5.63275250933361e-06,2.75759055828327e-06,2.10330456039108e-06,100,100
2.477,2,0,2,2,0,0,8.40002694856901e-06,6.08411936256645e-06,6.00086089095627e-06,5.70815986337524e-06,2.78691172819725e-06,2.11132120846362e-06,100,100
2.478,2,0,2,2,0,0,8.44327702758778e-06,6.14990729880363e-06,5.99702409312683e-06,5.7827706562212e-06,2.81548491003618e-06,2.11927259295289e-06,100,100
2.479,2,0,2,2,0,0,8.48610894619235e-06,6.22677635054897e-06,5.99389046547546e-06,5.85655844009443e-06,2.8433488841537e-06,2.1270804358226e-06,100,100
2.48,2,0,3,2,0,0,8.52848666807346e-06,6.29315635364881e-06,5.99141990580436e-06,5.92949712865774e-06,2.87053938564637e-06,2.12759156301965e-06,100,100
2.481,2,0,3,2,0,0,8.57038807501032e-06,6.34400198163286e-06,5.98956425287838e-06,6.00156101024827e-06,2.89821190006156e-06,2.1272090315675e-06,100,100
2.482,2,0,3,2,0,0,8.61180925215837e-06,6.39417505234088e-06,5.98828607209297e-06,6.07272476078828e-06,2.93091354124064e-06,2.13129178865385e-06,100,100
2.483,2,0,3,2,0,0,8.65274730021776e-06,6.443644463883e-06,5.98755399156879e-06,6.14296345636255e-06,2.97987460706428e-06,2.13774492344073e-06,100,100
2.484,2,0,3,2,0,0,8.69317302821587e-06,6.49237759758106e-06,5.98730818522058e-06,6.21225258545326e-06,3.00872718900505e-06,2.14393357600773e-06,100,100
2.485,2,0,4,2,0,0,8.73306589792522e-06,6.54034052889332e-06,5.9874823805495e-06,6.2805680608237e-06,3.01367080314049e-06,2.1454348132997e-06,100,100
2.486,2,0,4,2,0,0,8.77244108294073e-06,6.58750005917559e-06,5.98803426144231e-06,6.34788623104265e-06,3.0388139719753e-06,2.14660949523231e-06,100,100
2.487,2,0,4,2,0,0,8.81130968559342e-06,6.63382191385023e-06,5.98892641863942e-06,6.41418389164184e-06,3.06344472792216e-06,2.14445278516404e-06,100,100
2.488,2,0,4,2,0,0,8.84966568836942e-06,6.67927326100685e-06,5.99010691101672e-06,6.47943829589944e-06,3.06777091008303e-06,2.14267216934402e-06,100,100
2.489,2,0,4,2,0,0,8.88750926880996e-06,6.72382503192013e-06,5.99152110799793e-06,6.54362716524297e-06,3.09303190344174e-06,2.14145580226641e-06,100,100
2.49,3,0,4,2,0,0,8.92484853696089e-06,6.76744600614652e-06,5.99313121845528e-06,6.60672869926577e-06,3.13392277675814e-06,2.14081247865143e-06,100,100
2.491,3,0,4,2,0,0,8.96169062200837e-06,6.8101012211755e-06,5.99490032234641e-06,6.66872158535154e-06,3.15673208805355e-06,2.14072741387439e-06,100,100
2.492,3,0,4,2,0,0,9.0008746489633e-06,6.86547122661787e-06,5.99679157437774e-06,6.72958500790202e-06,3.17867291883206e-06,2.14116648398256e-06,100,100
2.493,3,0,4,2,0,0,9.05448576405402e-06,6.92832107841143e-06,5.99877443857372e-06,6.78929865716359e-06,3.20003451558268e-06,2.14189051989747e-06,100,100
2.494,3,0,4,2,0,0,9.1074465722333e-06,6.99007131640396e-06,6.00080306855606e-06,6.84784273764894e-06,3.22079532735989e-06,2.14047486937528e-06,100,100
2.495,3,0,4,2,0,0,9.1597607097885e-06,7.05068869795198e-06,6.00281795031227e-06,6.90519797615053e-06,3.24094946509706e-06,2.13896085681335e-06,100,100
2.496,3,0,4,2,0,0,9.21139987528272e-06,7.11014124015393e-06,6.00477382972732e-06,6.96134562934331e-06,3.26051213007026e-06,2.14312094982429e-06,100,100
2.497,3,0,4,2,0,0,9.26233208568527e-06,7.1684023523768e-06,6.0066502291928e-06,7.01626749097439e-06,3.27923448895575e-06,2.14705135454389e-06,100,100
2.498,3,0,4,2,0,0,9.31255726923625e-06,7.22544860930588e-06,6.00094629924788e-06,7.06994589863814e-06,3.28653934016206e-06,2.15066687864886e-06,100,100
2.499,3,0,4,2,0,0,9.36209569045935e-06,7.28125970648871e-06,5.98570081198631e-06,7.12236374013561e-06,3.29403859713452e-06,2.1539408901693e-06,100,100
2.5,3,0,4,2,0,0,9.41094525659152e-06,7.33582039680249e-06,5.97033514564345e-06,7.17350445941771e-06,3.30171987461042e-06,2.14794081065448e-06,100,100
2.501,3,0,4,2,0,0,9.45906802248913e-06,7.389118183431e-06,5.95484258842448e-06,7.22335204058236e-06,3.309589247112e-06,2.14260330531938e-06,100,100
2.502,3,0,4,2,0,0,9.50641875212871e-06,7.44113899165411e-06,5.93919864522124e-06,7.27189086699632e-06,3.31764489078537e-06,2.14119511141e-06,100,100
2.503,4,0,4,2,0,0,9.55296276812594e-06,7.49186684292592e-06,5.92338785005231e-06,7.3191053272566e-06,3.32860108327536e-06,2.14006360526583e-06,100,100
2.504,4,0,4,2,0,0,9.59866871461269e-06,7.54128513536001e-06,5.9074140582326e-06,7.36497916844289e-06,3.34594569391946e-06,2.1391730645006e-06,100,100
2.505,4,0,4,2,0,0,9.64351648962741e-06,7.58937756950451e-06,5.89129461247145e-06,7.40949468846268e-06,3.3635104911963e-06,2.14490239728893e-06,100,100
2.506,4,0,4,2,0,0,9.68748630041946e-06,7.63612702809476e-06,5.87506638358702e-06,7.45263186927545e-06,3.37697090437562e-06,2.15218669672061e-06,100,100
2.507,4,0,4,2,0,0,9.73052119554592e-06,7.68151264069692e-06,5.85876489280593e-06,7.4943675756909e-06,3.40968559232217e-06,2.15958681826225e-06,100,100
2.508,4,0,4,2,0,0,9.77254721691186e-06,7.72551104292654e-06,5.84241898889031e-06,7.53467490410895e-06,3.43945513942433e-06,2.16705409151151e-06,100,100
2.509,4,0,4,2,0,0,9.81351853200594e-06,7.76809532692717e-06,5.82606156447084e-06,7.57352269186065e-06,3.46511666348713e-06,2.17454616781353e-06,100,100
2.51,4,0,4,2,0,0,9.85340441759929e-06,7.80923417911875e-06,5.80971529950978e-06,7.61087517461542e-06,3.48991001726492e-06,2.18202677091354e-06,100,100
2.511,5,0,4,2,0,0,9.89216546504712e-06,7.8488954594367e-06,5.79338166314167e-06,7.64669177961592e-06,3.49590185385346e-06,2.18154824101265e-06,100,100
2.512,5,0,4,3,0,0,9.92975364682371e-06,7.88704565630103e-06,5.77703701988711e-06,7.68092704283595e-06,3.50097931294445e-06,2.18012648149511e-06,100,100
2.513,5,0,4,3,0,0,9.96612444444957e-06,7.92364745356938e-06,5.76067047762841e-06,7.71353063852042e-06,3.50545529705271e-06,2.17873725216149e-06,100,100
2.514,5,0,4,3,0,0,1.00012351884291e-05,7.95865740303763e-06,5.74430452055325e-06,7.74444750995128e-06,3.50932128741994e-06,2.17195542012205e-06,100,100
2.515,5,0,4,3,0,0,1.00284944586648e-05,7.99202362286377e-06,5.72795024192522e-06,7.77361809068325e-06,3.53166052390167e-06,2.16386969716732e-06,100,100
2.516,5,0,4,3,0,0,1.00492352120027e-05,8.02368784190661e-06,5.71160943814215e-06,7.80097860590074e-06,3.55557270084582e-06,2.15587682252162e-06,100,100
2.517,6,0,4,3,0,0,1.0068746583259e-05,8.05358753916986e-06,5.69530248844915e-06,7.82646144395956e-06,3.5782050855446e-06,2.14799574065733e-06,100,100
2.518,6,0,4,3,0,0,1.00869531415498e-05,8.08165400310394e-06,5.6790439906418e-06,7.84999558858889e-06,3.5995133302412e-06,2.1402571540503e-06,100,100
2.519,6,0,4,3,0,0,1.01037766602063e-05,8.10781279623405e-06,5.66283637649687e-06,7.87150710263916e-06,3.61943555163533e-06,2.13268308465788e-06,100,100
2.52,6,0,4,3,0,0,1.01191454775744e-05,8.13198852940814e-06,5.64668854555296e-06,7.89091965466827e-06,3.63575498283689e-06,2.12528385885451e-06,100,100
2.521,6,0,4,3,0,0,1.01330078002984e-05,8.15410311521195e-06,5.63061570054412e-06,7.90815508006118e-06,3.64552381273019e-06,2.11804534761219e-06,100,100
2.522,6,0,4,3,0,0,1.01453166580321e-05,8.17407621040524e-06,5.61462688552985e-06,7.92313396877733e-06,3.64822842122948e-06,2.11094480453825e-06,100,100
2.523,6,0,4,3,0,0,1.01560172228858e-05,8.19182989927053e-06,5.59872463922109e-06,7.93577627221638e-06,3.64940318417169e-06,2.10397197689843e-06,100,100
2.524,6,0,4,3,0,0,1.01650804724816e-05,8.20728289717256e-06,5.58293429353778e-06,7.94600192208738e-06,3.64901502147734e-06,2.09713299033255e-06,100,100
2.525,6,0,4,3,0,0,1.01724743197683e-05,8.22034737701856e-06,5.56731304629425e-06,7.95373145456011e-06,3.64704317461896e-06,2.09043816230853e-06,100,100
2.526,6,0,4,3,0,0,1.01781271906435e-05,8.23093423286482e-06,5.55189964357552e-06,7.95888663337211e-06,3.64347631619914e-06,2.08387508234765e-06,100,100
2.527,6,0,4,3,0,0,1.01819398357563e-05,8.23895578736947e-06,5.53670404805204e-06,7.96139106596166e-06,3.63829393072631e-06,2.07462157899251e-06,100,100
2.528,6,0,4,3,0,0,1.01838015599707e-05,8.24432621161553e-06,5.52173297291822e-06,7.96117080709657e-06,3.63144813718485e-06,2.06710170112339e-06,100,100
2.529,6,0,4,3,0,0,1.01836127017577e-05,8.24695987276058e-06,5.50699361142109e-06,7.95815494487254e-06,3.62288652093786e-06,2.06588911500447e-06,100,100
2.53,6,0,4,3,0,0,1.01812874050286e-05,8.24677201811819e-06,5.49249937262128e-06,7.95227616436297e-06,3.61258108000929e-06,2.06482577503856e-06,100,100
2.531,6,0,4,3,0,0,1.01767510366052e-05,8.24368164235192e-06,5.47827502399798e-06,7.94347128461494e-06,3.60050424795132e-06,2.06407130308237e-06,100,100
2.532,6,0,4,3,0,0,1.01699503755243e-05,8.23761220492555e-06,5.46434716393133e-06,7.93168176510301e-06,3.59245284536633e-06,2.06351802403884e-06,100,100
2.533,6,0,4,3,0,0,1.01608380061937e-05,8.22849247953693e-06,5.45072539144593e-06,7.91685417817334e-06,3.58674537042737e-06,2.06285521263786e-06,100,100
2.534,6,0,4,3,0,0,1.01493525170258e-05,8.21625550924642e-06,5.43743560997565e-06,7.89894064443417e-06,3.57983963841112e-06,2.06209977660042e-06,100,100
2.535,6,0,4,3,0,0,1.01354393306963e-05,8.200837784593e-06,5.42452872704926e-06,7.87789922847313e-06,3.57175783978411e-06,2.06238142334406e-06,100,100
2.536,5,0,4,3,0,0,1.01190651335321e-05,8.18218247132505e-06,5.41203680296676e-06,7.85369429270646e-06,3.56252501168077e-06,2.06464000076571e-06,100,100
2.537,5,0,4,3,0,0,1.01001978792206e-05,8.160240043363e-06,5.39997994134001e-06,7.82629680758694e-06,3.55216037707978e-06,2.06658028725366e-06,100,100
2.538,5,0,4,3,0,0,1.00766580577542e-05,8.13496870932084e-06,5.38837915657729e-06,7.79568461681494e-06,3.5406680551737e-06,2.06821110685004e-06,100,100
2.539,5,0,4,3,0,0,1.00484505093213e-05,8.10633887145802e-06,5.37724713940847e-06,7.76184265660739e-06,3.52805967435291e-06,2.06952278272853e-06,100,100
2.54,5,0,4,3,0,0,1.00176661781726e-05,8.07433115185209e-06,5.36660313074703e-06,7.72476312848091e-06,3.51436692193052e-06,2.07052218387717e-06,100,100
2.541,5,0,4,3,0,0,9.98432388395414e-06,8.03893260005509e-06,5.3564826712235e-06,7.68444562539458e-06,3.49963256623531e-06,2.07122260234092e-06,100,100
2.542,5,0,4,2,0,0,9.94846396742746e-06,8.00013719726511e-06,5.34691743738291e-06,7.64089721147325e-06,3.4645920152746e-06,2.06844252587171e-06,100,100
2.543,5,0,4,2,0,0,9.91011735025622e-06,7.95794614451323e-06,5.33792301173341e-06,7.59413245589069e-06,3.42526587211058e-06,2.06408336698532e-06,100,100
2.544,4,0,4,2,0,0,9.86932045404059e-06,7.91236796172793e-06,5.32949471763771e-06,7.54417342183154e-06,3.38365315554666e-06,2.05972775311742e-06,100,100
2.545,3,0,4,2,0,0,9.82612317979404e-06,7.86341845074329e-06,5.32162083918388e-06,7.49104961176967e-06,3.33982036455481e-06,2.05537613321284e-06,100,100
2.546,3,0,4,2,0,0,9.78057237363753e-06,7.81112060704205e-06,5.31430784296942e-06,7.4347978705959e-06,3.31033378124207e-06,2.05101928397388e-06,100,100
2.547,3,0,4,2,0,0,9.73271405840528e-06,7.7555065696732e-06,5.30756372569263e-06,7.37546224839939e-06,3.27971966264452e-06,2.04664641458538e-06,100,100
2.548,3,0,4,2,0,0,9.68259704226739e-06,7.69661938702226e-06,5.30137073193381e-06,7.3130938249515e-06,3.24772555154656e-06,2.04222526696732e-06,100,100
2.549,3,0,3,2,0,0,9.6302632644796e-06,7.6345105359132e-06,5.29569819027128e-06,7.247750498159e-06,3.21439624791396e-06,2.03772719940334e-06,100,100
2.55,3,0,3,2,0,0,9.57575911307094e-06,7.56923751650116e-06,5.29052717829323e-06,7.17949673894312e-06,3.18343976455473e-06,2.0341510180473e-06,100,100
2.551,3,0,3,2,0,0,9.51913684262615e-06,7.50086552380688e-06,5.28585111238922e-06,7.10840331516212e-06,3.16263728483905e-06,2.03088313253451e-06,100,100
2.552,3,0,3,2,0,0,9.46044208871679e-06,7.42946902925701e-06,5.28165278000002e-06,7.03454698732758e-06,3.14479542293162e-06,2.02742503609893e-06,100,100
2.553,3,0,3,2,0,0,9.39971420467273e-06,7.35512946031238e-06,5.27789949648694e-06,6.95801017896854e-06,3.11797916933124e-06,2.02381634838285e-06,100,100
2.554,3,0,3,2,0,0,9.33700348340648e-06,7.2779312139665e-06,5.27457804114572e-06,6.87888062457285e-06,3.0909635053496e-06,2.02007850430005e-06,100,100
2.555,3,0,3,2,0,0,9.2723834672788e-06,7.19796173976471e-06,5.27169810823997e-06,6.79725099808327e-06,3.06714037618436e-06,2.01621594633135e-06,100,100
2.556,2,0,3,2,0,0,9.20594462875082e-06,7.11531513857893e-06,5.2692443496951e-06,6.71321852494654e-06,3.036783090685e-06,2.01221738983007e-06,100,100
2.557,2,0,3,2,0,0,9.1304033566744e-06,7.03008956473873e-06,5.26717471939701e-06,6.62688458070939e-06,2.97336266095868e-06,2.0080817939296e-06,100,100
2.558,1,0,3,2,0,0,9.04336401879257e-06,6.942384914277e-06,5.26545983727903e-06,6.53835427912624e-06,2.91827024291378e-06,2.00381228936065e-06,100,100
2.559,1,0,3,2,0,0,8.95385828468301e-06,6.85230463634053e-06,5.26408448743883e-06,6.44773605269182e-06,2.88981098633355e-06,1.99939920471703e-06,100,100
2.56,1,0,2,2,0,0,8.86199910788528e-06,6.7599557008529e-06,5.26302565608864e-06,6.35514122843881e-06,2.90172603267532e-06,1.99482838767986e-06,100,100
2.561,1,0,2,2,0,0,8.76790777839319e-06,6.66545049600645e-06,5.26223657769973e-06,6.26068360174847e-06,2.88734586777569e-06,1.99010653092098e-06,100,100
2.562,1,0,2,1,0,0,8.67170088629854e-06,6.57669507890448e-06,5.26166484435125e-06,6.16447901081236e-06,2.86747132482267e-06,1.98527703565197e-06,100,100
2.563,1,0,1,1,0,0,8.5735047573868e-06,6.50191864687261e-06,5.26128984280442e-06,6.06664491425802e-06,2.86978694636692e-06,1.97592923745997e-06,100,100
2.564,1,0,0,1,0,0,8.47344563562865e-06,6.42581891172369e-06,5.26110122450762e-06,5.96729997431255e-06,2.90032763879655e-06,1.9659190685296e-06,100,100
2.565,1,0,0,1,0,0,8.37165864156096e-06,6.34849607557896e-06,5.26105700787208e-06,5.86656364772773e-06,2.89453833218602e-06,1.95861287409668e-06,100,100
2.566,0,0,0,0,0,0,8.26830464963287e-06,6.27004859545245e-06,5.26109767502811e-06,5.7645557865303e-06,2.88275643982457e-06,1.95271764838665e-06,100,100
2.567,0,0,0,0,0,0,8.1635351113106e-06,6.19057825560734e-06,5.26117632960638e-06,5.66139625049367e-06,2.84696286004726e-06,1.94671532658188e-06,100,100
2.568,0,0,0,0,0,0,8.05747546202766e-06,6.11018950252545e-06,5.26126056765804e-06,5.55720453305421e-06,2.76662594233837e-06,1.94060838899943e-06,100,100
2.569,0,0,0,0,0,0,7.95025101197033e-06,6.02898547063722e-06,5.26132703252504e-06,5.45209940221846e-06,2.69390298848019e-06,1.9394105415426e-06,100,100
2.57,0,0,0,0,0,0,7.84199976754864e-06,5.93686687785858e-06,5.26136741381701e-06,5.34619855782849e-06,2.62039104159685e-06,1.93923382256695e-06,100,100
2.571,0,0,0,0,0,0,7.75665465915051e-06,5.82405946489966e-06,5.26137794173153e-06,5.23980425889875e-06,2.54617611340923e-06,1.93880925130148e-06,100,100
2.572,0,0,0,0,0,0,7.67326075216621e-06,5.71057450156372e-06,5.26135702216663e-06,5.13533315412957e-06,2.47133897098548e-06,1.93809634296447e-06,100,100
2.573,0,0,0,0,0,0,7.58939136197201e-06,5.59654412077199e-06,5.26130693866543e-06,5.03035222687823e-06,2.3891567593133e-06,1.93707667622976e-06,100,100
2.574,0,0,0,0,0,0,7.50515704124052e-06,5.48210015040223e-06,5.26120725184579e-06,4.92497105575947e-06,2.30985113794408e-06,1.93744048681017e-06,100,100
2.575,0,0,0,0,0,0,7.42068976918519e-06,5.36737502521213e-06,5.26102331182049e-06,4.81929690624441e-06,2.25793674593676e-06,1.93455285470079e-06,100,100
2.576,0,0,0,0,0,0,7.33610897841638e-06,5.25249781387179e-06,5.26073047835067e-06,4.71343449667956e-06,2.24972082920261e-06,1.92712738312229e-06,100,100
2.577,0,0,0,0,0,0,7.25150270612288e-06,5.14690901385448e-06,5.2603186456623e-06,4.60748578493365e-06,2.25446129202883e-06,1.92598652720863e-06,100,100
2.578,0,0,0,0,0,0,7.16694598294685e-06,5.06000377396852e-06,5.25979209825486e-06,4.50154977579564e-06,2.25471656463703e-06,1.92748631184522e-06,100,100
2.579,0,0,0,0,0,0,7.12674015389465e-06,4.97324415829456e-06,5.2591438380092e-06,4.39572234910776e-06,2.22507746203804e-06,1.92883219508295e-06,100,100
2.58,0,0,0,0,0,0,7.09855150784804e-06,4.8867103808234e-06,5.25834547741823e-06,4.29009610848798e-06,2.17247094364754e-06,1.93001690172926e-06,100,100
2.581,0,0,0,0,0,0,7.07069988972203e-06,4.81366631531843e-06,5.25736430685291e-06,4.1847602503746e-06,2.11979026039952e-06,1.93101176798826e-06,100,100
2.582,0,0,0,0,0,0,7.02355023229991e-06,4.75796936254257e-06,5.25617605389233e-06,4.079800453015e-06,2.06707969754229e-06,1.93144052380169e-06,100,100
2.583,0,0,0,0,0,0,6.96622824798301e-06,4.70257801836297e-06,5.25477668336617e-06,3.97529878491827e-06,2.01511257867515e-06,1.9309253538771e-06,100,100
2.584,0,0,0,0,0,0,6.90934180119868e-06,4.6475200490349e-06,5.25317736696919e-06,3.87133363220056e-06,2.0196328902295e-06,1.93028649302522e-06,100,100
2.585,0,0,0,0,0,0,6.85296240414001e-06,4.57576903074922e-06,5.25138861435455e-06,3.76797964416974e-06,2.02420873456558e-06,1.92954453062303e-06,100,100
2.586,0,0,0,0,0,0,6.77984603965683e-06,4.49626035373354e-06,5.24941863483823e-06,3.66530769642448e-06,2.00150504525361e-06,1.92873924326892e-06,100,100
2.587,0,0,0,0,0,0,6.69646465376873e-06,4.41741630554591e-06,5.24727594958613e-06,3.56338487068115e-06,1.92564054138391e-06,1.93028922425526e-06,100,100
2.588,0,0,0,0,0,0,6.58838247339462e-06,4.33926512165402e-06,5.24496294077583e-06,3.46227445048904e-06,1.85040169927679e-06,1.93212883698001e-06,100,100
2.589,0,0,0,0,0,0,6.48124975430694e-06,4.28644514876395e-06,5.24247622555976e-06,3.36203593195183e-06,1.81339060363796e-06,1.93394136485396e-06,100,100
2.59,0,0,0,0,0,0,6.37513048326192e-06,4.2359420532721e-06,5.23981122330269e-06,3.26272504853874e-06,1.77243832023557e-06,1.9357303722222e-06,100,100
2.591,0,0,0,0,0,0,6.2700821562114e-06,4.1858740487163e-06,5.23695767086916e-06,3.16439380904341e-06,1.75105417054453e-06,1.93749729572848e-06,100,100
2.592,0,0,0,0,0,0,6.16615801919522e-06,4.13626209015974e-06,5.23391405827035e-06,3.06709054773078e-06,1.7339592021038e-06,1.93825407492006e-06,100,100
2.593,0,0,0,0,0,0,6.06340937236581e-06,4.08712754938853e-06,5.23069627260299e-06,2.9708599857027e-06,1.73114345339004e-06,1.935778952829e-06,100,100
2.594,0,0,0,0,0,0,5.96189982936887e-06,4.0384932641717e-06,5.2273147866675e-06,2.87574330250995e-06,1.7282967567213e-06,1.93356289185884e-06,100,100
2.595,0,0,0,0,0,0,5.86169624316646e-06,3.99038193819999e-06,5.22377195100464e-06,2.78177821704236e-06,1.72299609729855e-06,1.93162840221334e-06,100,100
2.596,0,0,0,0,0,0,5.76284778393221e-06,3.94281348509453e-06,5.22008471569705e-06,2.68899907673871e-06,1.68869157319042e-06,1.92997604929858e-06,100,100
2.597,0,0,0,0,0,0,5.69138341698585e-06,3.89427521014196e-06,5.2162864159684e-06,2.5974369541734e-06,1.68022363706312e-06,1.92857692816295e-06,100,100
2.598,0,0,0,0,0,0,5.62169193645398e-06,3.82606345866967e-06,5.21240237973093e-06,2.5071197500975e-06,1.70938083130366e-06,1.92740892257963e-06,100,100
2.599,0,0,0,0,0,0,5.55320149223665e-06,3.75881495771101e-06,5.20844372127725e-06,2.41807230203671e-06,1.76261668412275e-06,1.9219597410904e-06,100,100
2.6,0,0,0,0,0,0,5.48591522091223e-06,3.6925561860135e-06,5.20442021611776e-06,2.34786654428663e-06,1.77488326234138e-06,1.91781353351077e-06,100,100
2.601,0,0,0,0,0,0,5.41983944790009e-06,3.62731122586316e-06,5.20034346040641e-06,2.27985650688062e-06,1.75077840536067e-06,1.91601882036049e-06,100,100
2.602,0,0,0,0,0,0,5.35496774540899e-06,3.56310410375324e-06,5.19621912550475e-06,2.21164577211592e-06,1.68935710328854e-06,1.9117152597053e-06,100,100
2.603,0,0,0,0,0,0,5.29129031556679e-06,3.48065540799255e-06,5.19205197640936e-06,2.1444992993155e-06,1.68936533930831e-06,1.90748243838719e-06,100,100
2.604,0,0,0,0,0,0,5.22881882116056e-06,3.39763870868004e-06,5.1878575110008e-06,2.08442937118359e-06,1.70913267210959e-06,1.9033411296416e-06,100,100
2.605,0,0,0,0,0,0,5.1675810666839e-06,3.31602088821847e-06,5.18365062890823e-06,2.02117722573286e-06,1.70684483794001e-06,1.89932158525132e-06,100,100
2.606,0,0,0,0,0,0,5.10759078686304e-06,3.23580632201241e-06,5.17943457378892e-06,1.95465847870459e-06,1.71383455670517e-06,1.89545182159255e-06,100,100
2.607,0,0,0,0,0,0,5.05133680011596e-06,3.15699787674785e-06,5.17520235690623e-06,1.87423463166449e-06,1.73171605486948e-06,1.89175126970207e-06,100,100
2.608,0,0,0,0,0,0,5.05123952717862e-06,3.07959696132825e-06,5.17094964403212e-06,1.79521397532457e-06,1.74918094251918e-06,1.88823567878354e-06,100,100
2.609,0,0,0,0,0,0,5.05127273953285e-06,3.00360353083608e-06,5.16668517231983e-06,1.71759790606236e-06,1.76623780022645e-06,1.8849182668752e-06,100,100
2.61,0,0,0,0,0,0,5.05142278842535e-06,2.92901613556293e-06,5.16241418722611e-06,1.6426433611057e-06,1.81337452202764e-06,1.88138184590362e-06,100,100
2.611,0,0,0,0,0,0,5.08674576198965e-06,2.85583204957938e-06,5.15813544528112e-06,1.59668612615781e-06,1.86573439211006e-06,1.87678075676834e-06,100,100
2.612,0,0,0,0,0,0,5.12298403515104e-06,2.78404743240944e-06,5.15385979703315e-06,1.52103681080175e-06,1.90842751871201e-06,1.87234286377652e-06,100,100
2.613,0,0,0,0,0,0,5.15862613026909e-06,2.7136574413179e-06,5.14960480985023e-06,1.44681336028512e-06,1.90528446885238e-06,1.86806935100017e-06,100,100
2.614,0,0,0,0,0,0,5.19368299852136e-06,2.64465625787268e-06,5.1453767848856e-06,1.37400985046254e-06,1.90224402214396e-06,1.86395266398078e-06,100,100
2.615,0,0,0,0,0,0,5.22815455857052e-06,2.57703710929281e-06,5.14117519633148e-06,1.30261907122261e-06,1.87970986369192e-06,1.85999979337018e-06,100,100
2.616,0,0,0,0,0,0,5.26203272480527e-06,2.51305606271265e-06,5.13699852383619e-06,1.23263263458901e-06,1.89636279035409e-06,1.85622854109339e-06,100,100
2.617,0,0,0,0,0,0,5.29531171004657e-06,2.48093548914515e-06,5.13284221627797e-06,1.16404107878481e-06,1.9144796360998e-06,1.85265138310769e-06,100,100
2.618,0,0,0,0,0,0,5.3279921653087e-06,2.44943784818403e-06,5.12871493463836e-06,1.0968339680726e-06,1.91613938978094e-06,1.84927229735898e-06,100,100
2.619,0,0,0,0,0,0,5.36007747490993e-06,2.42316188660784e-06,5.12463243655489e-06,1.0616386107529e-06,1.86865488087124e-06,1.84609480853679e-06,100,100
2.62,0,0,0,0,0,0,5.39157108883621e-06,2.42360399152846e-06,5.12059605112468e-06,1.03259444748176e-06,1.86236400728683e-06,1.84313854500883e-06,100,100
2.621,0,0,0,0,0,0,5.42247261119886e-06,2.42404382452508e-06,5.1166044613782e-06,1.00415800027596e-06,1.86075522694595e-06,1.84042086709164e-06,100,100
2.622,0,0,0,0,0,0,5.45277382272996e-06,2.42447892522077e-06,5.11265996075779e-06,9.76323326440825e-07,1.85582195370431e-06,1.83793508291956e-06,100,100
2.623,0,0,0,0,0,0,5.48246722279994e-06,2.42490656684487e-06,5.1087666208455e-06,9.49084216527282e-07,1.84043520461836e-06,1.83566829280684e-06,100,100
2.624,0,0,0,0,0,0,5.51155182955253e-06,2.42532368775229e-06,5.10493548895535e-06,9.22434228525748e-07,1.82521404534179e-06,1.83361028653182e-06,100,100
2.625,0,0,0,0,0,0,5.51929457217117e-06,2.43555419014499e-06,5.10117719013657e-06,8.96366719942534e-07,1.83293480804533e-06,1.83175067736733e-06,100,100
2.626,0,0,0,0,0,0,5.52100616278155e-06,2.44879989941336e-06,5.09750385167883e-06,8.74840548145067e-07,1.80704141026008e-06,1.83075143991766e-06,100,100
2.627,0,0,0,0,0,0,5.52274665611032e-06,2.46169775160768e-06,5.09430451577088e-06,8.85666262798235e-07,1.78178202653705e-06,1.83273124366945e-06,100,100
2.628,0,0,0,0,0,0,5.5245109607418e-06,2.47425085827634e-06,5.09110329606868e-06,9.09032447379185e-07,1.78288733948966e-06,1.83469845359126e-06,100,100
2.629,0,0,0,0,0,0,5.51333347243433e-06,2.48646205004085e-06,5.08790968837347e-06,9.31861189179194e-07,1.80654203308244e-06,1.83663726264018e-06,100,100
2.63,0,0,0,0,0,0,5.49513830999016e-06,2.49833474640569e-06,5.08472880755499e-06,9.54159893319998e-07,1.80878706509756e-06,1.83853582511065e-06,100,100
2.631,0,0,0,0,0,0,5.49011751563185e-06,2.50987289962822e-06,5.08156852094689e-06,9.75935958346696e-07,1.81110162851858e-06,1.84039700803832e-06,100,100
2.632,0,0,0,0,0,0,5.48510557329112e-06,2.52108022872083e-06,5.07843593620865e-06,9.97196762961148e-07,1.81717697290734e-06,1.84222835630354e-06,100,100
2.633,0,0,0,0,0,0,5.4801086068556e-06,2.53195960501776e-06,5.0753321341165e-06,1.01794965442899e-06,1.83948109015793e-06,1.84402988485098e-06,100,100
2.634,0,0,0,0,0,0,5.47513393781982e-06,2.53614478123014e-06,5.07225479540608e-06,1.03820193858064e-06,1.84580783924102e-06,1.84579662163906e-06,100,100
2.635,0,0,0,0,0,0,5.47018655851808e-06,2.52456240743252e-06,5.06925395707367e-06,1.05796087126143e-06,1.84394756049846e-06,1.84752559832767e-06,100,100
2.636,0,0,0,0,0,0,5.46526967126786e-06,2.51322359657682e-06,5.06666545523711e-06,1.0772336515237e-06,1.84261108264717e-06,1.84922022565074e-06,100,100
2.637,0,0,0,0,0,0,5.46038623191211e-06,2.50212567961603e-06,5.06419148915278e-06,1.09602741553225e-06,1.85733506570287e-06,1.85088606586647e-06,100,100
2.638,0,0,0,0,0,0,5.45553727784372e-06,2.49126559554891e-06,5.06182548442118e-06,1.11434923235649e-06,1.86000043205318e-06,1.85252455209777e-06,100,100
2.639,0,0,0,0,0,0,5.4507252322258e-06,2.48064137443004e-06,5.05955815227293e-06,1.13220610061625e-06,1.8599241119485e-06,1.85414122341945e-06,100,100
2.64,0,0,0,0,0,0,5.44595607492778e-06,2.47025273171455e-06,5.05738378376764e-06,1.14249211003377e-06,1.86619399600708e-06,1.85574513357961e-06,100,100
2.641,0,0,0,0,0,0,5.44123133027865e-06,2.4611029351998e-06,5.05530388089413e-06,1.15188781215836e-06,1.86910103459433e-06,1.85733603903138e-06,100,100
2.642,0,0,0,0,0,0,5.43654963239053e-06,2.46459859122949e-06,5.05331965691826e-06,1.16103531456823e-06,1.86575732399119e-06,1.85891055219577e-06,100,100
2.643,0,0,0,0,0,0,5.45406883263499e-06,2.4649307157348e-06,5.05142571016715e-06,1.16993831016897e-06,1.86552995291093e-06,1.86046623591781e-06,100,100
2.644,0,0,0,0,0,0,5.47640328267244e-06,2.45773683568818e-06,5.04961606466992e-06,1.17860045165341e-06,1.86529964738141e-06,1.86199916000884e-06,100,100
2.645,0,0,0,0,0,0,5.49808496007623e-06,2.45600597646067e-06,5.04788613370619e-06,1.18702535337899e-06,1.86506608832071e-06,1.86350440836805e-06,100,100
2.646,0,0,0,0,0,0,5.51913037965564e-06,2.45745576158326e-06,5.04623763949646e-06,1.19521659349921e-06,1.86482545431652e-06,1.86497595443729e-06,100,100
2.647,0,0,0,0,0,0,5.53955891775247e-06,2.46795869697178e-06,5.0446769383402e-06,1.20317771630671e-06,1.86457968857732e-06,1.86641374606965e-06,100,100
2.648,0,0,0,0,0,0,5.55939112165752e-06,2.48071687006138e-06,5.04320717665118e-06,1.21091223474747e-06,1.87869537785442e-06,1.86782244107652e-06,100,100
2.649,0,0,0,0,0,0,5.57864881815197e-06,2.48745464758304e-06,5.04182727550899e-06,1.21842363306712e-06,1.89682449305646e-06,1.86920424505188e-06,100,100
2.65,0,0,0,0,0,0,5.59734640086215e-06,2.49393269928387e-06,5.04053247801114e-06,1.23358152746165e-06,1.89511413495583e-06,1.87056119648993e-06,100,100
2.651,0,0,0,0,0,0,5.61549562030422e-06,2.50015755411508e-06,5.03931605456723e-06,1.25372609447007e-06,1.89346056454018e-06,1.8718958262113e-06,100,100
2.652,0,0,0,0,0,0,5.63310954951858e-06,2.50613631465758e-06,5.03816878819718e-06,1.27327067183196e-06,1.89186795837033e-06,1.87320671012174e-06,100,100
2.653,0,0,0,0,0,0,5.6501982661502e-06,2.5118766118313e-06,5.03708331011517e-06,1.29222496993558e-06,1.89033670986794e-06,1.874486487957e-06,100,100
2.654,0,0,0,0,0,0,5.66677524043174e-06,2.51738605801513e-06,5.03605955110073e-06,1.31059864323566e-06,1.88913229071981e-06,1.87572548668392e-06,100,100
2.655,0,0,0,0,0,0,5.68286058476874e-06,2.52407668451271e-06,5.03509979956335e-06,1.32840129707629e-06,1.90678756170871e-06,1.87691804946312e-06,100,100
2.656,0,0,0,0,0,0,5.69846960255032e-06,2.53352000038737e-06,5.03420068688614e-06,1.34564249445296e-06,1.92393516553415e-06,1.87806373287105e-06,100,100
2.657,0,0,0,0,0,0,5.71361208749311e-06,2.54262635923442e-06,5.03335684205706e-06,1.36233176264002e-06,1.94002233814535e-06,1.8791655311215e-06,100,100
2.658,0,0,0,0,0,0,5.72830128648723e-06,2.55140636807306e-06,5.03256859723986e-06,1.37847859961554e-06,1.93511744532263e-06,1.88022934307067e-06,100,100
2.659,0,0,0,0,0,0,5.74254737101042e-06,2.55986984003028e-06,5.03183839267578e-06,1.39409248022126e-06,1.92952773328808e-06,1.88126152475287e-06,100,100
2.66,0,0,0,0,0,0,5.75635216055904e-06,2.56802547105094e-06,5.0311645262075e-06,1.40918286200083e-06,1.92413983054887e-06,1.88226898378883e-06,100,100
2.661,0,0,0,0,0,0,5.76971635293401e-06,2.57588220837472e-06,5.03054279871133e-06,1.42072958681125e-06,1.91895110091852e-06,1.88325617908048e-06,100,100
2.662,0,0,0,0,0,0,5.78264290082651e-06,2.58344910858731e-06,5.02996941785167e-06,1.42967616299202e-06,1.9139619423808e-06,1.88422339758663e-06,100,100
2.663,0,0,0,0,0,0,5.79513595423173e-06,2.59073484543487e-06,5.02943911350127e-06,1.43830856296595e-06,1.91451984522268e-06,1.88517450692308e-06,100,100
2.664,0,0,0,0,0,0,5.80720103790292e-06,2.59774810277928e-06,5.02894620626811e-06,1.44663274534554e-06,1.91558259299526e-06,1.88611566561457e-06,100,100
2.665,0,0,0,0,0,0,5.81884499216158e-06,2.6044971240543e-06,5.0284867573208e-06,1.45465467385437e-06,1.91666522400233e-06,1.88704882894715e-06,100,100
2.666,0,0,0,0,0,0,5.83007276692798e-06,2.61098933830379e-06,5.0280552063735e-06,1.46238031931401e-06,1.91776252374883e-06,1.88797321637542e-06,100,100
2.667,0,0,0,0,0,0,5.84088542396422e-06,2.61723143659957e-06,5.0276421910164e-06,1.46981566126518e-06,1.91887102654693e-06,1.888889530981e-06,100,100
2.668,0,0,0,0,0,0,5.85128233655938e-06,2.62322981106296e-06,5.02723671544999e-06,1.47696668921747e-06,1.91998838155454e-06,1.88980092785444e-06,100,100
2.669,0,0,0,0,0,0,5.8612656535238e-06,2.62899093307663e-06,5.02683354028958e-06,1.48383940352496e-06,1.92111553958599e-06,1.89071036625186e-06,100,100
2.67,0,0,0,0,0,0,5.8708435456254e-06,2.63452132661479e-06,5.02643672168584e-06,1.49043981588899e-06,1.92225126212894e-06,1.89161749406706e-06,100,100
2.671,0,0,0,0,0,0,5.8800248108594e-06,2.63982721726583e-06,5.02604942822294e-06,1.49677394949171e-06,1.92588132729502e-06,1.89251582846905e-06,100,100
2.672,0,0,0,0,0,0,5.88881418881334e-06,2.6449139489163e-06,5.0256683439801e-06,1.50284783876768e-06,1.93641211016241e-06,1.89339598379963e-06,100,100
2.673,0,0,0,0,0,0,5.8972180303352e-06,2.64810734831629e-06,5.02529008396012e-06,1.50866752882282e-06,1.94123155133071e-06,1.89425306516899e-06,100,100
2.674,0,0,0,0,0,0,5.90524645292122e-06,2.64732391519231e-06,5.02491435108648e-06,1.51423907451254e-06,1.94341155360624e-06,1.89508601121692e-06,100,100
2.675,0,0,0,0,0,0,5.91291177002472e-06,2.64660057571162e-06,5.02454308034141e-06,1.51956853919213e-06,1.94545894409825e-06,1.89589391885399e-06,100,100
2.676,0,0,0,0,0,0,5.91351671318085e-06,2.64593199289421e-06,5.02417548326166e-06,1.52466199315307e-06,1.94737563662694e-06,1.89667453361697e-06,100,100
2.677,0,0,0,0,0,0,5.9112102932613e-06,2.64531339979636e-06,5.02380543516057e-06,1.52952551175802e-06,1.94916799999435e-06,1.89742387234856e-06,100,100
2.678,0,0,0,0,0,0,5.90897431715703e-06,2.64474057082362e-06,5.02342872053813e-06,1.53416517328448e-06,1.94654380122343e-06,1.89813867137565e-06,100,100
2.679,0,0,0,0,0,0,5.90681116611134e-06,2.64420955220807e-06,5.02304426977681e-06,1.53858705648159e-06,1.94040963174217e-06,1.89881737047709e-06,100,100
2.68,0,0,0,0,0,0,5.90472413222347e-06,2.64371692547146e-06,5.02265073874602e-06,1.54279723783652e-06,1.9345668473981e-06,1.89945832790996e-06,100,100
2.681,0,0,0,0,0,0,5.90271573083831e-06,2.64325953802704e-06,5.02224624145933e-06,1.54680178853462e-06,1.92900945987062e-06,1.90006064804257e-06,100,100
2.682,0,0,0,0,0,0,5.90078913538779e-06,2.64283450970306e-06,5.0218288846439e-06,1.55060677108318e-06,1.92373114728298e-06,1.90062600724152e-06,100,100
2.683,0,0,0,0,0,0,5.89894652930864e-06,2.64243944677835e-06,5.02139917059083e-06,1.5542182355524e-06,1.91872296803553e-06,1.90115613315802e-06,100,100
2.684,0,0,0,0,0,0,5.89718728224839e-06,2.64207238431077e-06,5.02095993423101e-06,1.55764221537367e-06,1.9139762146573e-06,1.90165039468612e-06,100,100
2.685,0,0,0,0,0,0,5.89551002568698e-06,2.6417312997443e-06,5.02051411290327e-06,1.56088472263005e-06,1.9094834276707e-06,1.90210633616561e-06,100,100
2.686,0,0,0,0,0,0,5.89391269251213e-06,2.6414138915521e-06,5.02006369047007e-06,1.56395174278458e-06,1.90523616306394e-06,1.90252178119189e-06,100,100
2.687,0,0,0,0,0,0,5.89239226259775e-06,2.64236470894792e-06,5.01961008256546e-06,1.56684922882548e-06,1.90122627563999e-06,1.90289533792034e-06,100,100
2.688,0,0,0,0,0,0,5.89094491424882e-06,2.64732824570635e-06,5.01915510416085e-06,1.56958309486541e-06,1.89744833394608e-06,1.9032261651292e-06,100,100
2.689,0,0,0,0,0,0,5.88956730850011e-06,2.65202968084329e-06,5.01870165193889e-06,1.57215920930888e-06,1.89389751391622e-06,1.90351577040026e-06,100,100
2.69,0,0,0,0,0,0,5.888258010341e-06,2.65647583945668e-06,5.0182534097685e-06,1.57458338777935e-06,1.89056644463218e-06,1.90376815105072e-06,100,100
2.691,0,0,0,0,0,0,5.88701613950601e-06,2.66067359979899e-06,5.01781436874066e-06,1.57686138605392e-06,1.88744766005268e-06,1.90398836690034e-06,100,100
2.692,0,0,0,0,0,0,5.885840336747e-06,2.6646298956293e-06,5.01738907367342e-06,1.57899889326773e-06,1.88453520146458e-06,1.90418152263835e-06,100,100
2.693,0,0,0,0,0,0,5.88472877369761e-06,2.66835172304008e-06,5.01698211225351e-06,1.58100152561541e-06,1.88182389561095e-06,1.90435087888995e-06,100,100
2.694,0,0,0,0,0,0,5.88367980638239e-06,2.67184614148077e-06,5.01659649746528e-06,1.58287482070246e-06,1.87930819394082e-06,1.90449863185627e-06,100,100
2.695,0,0,0,0,0,0,5.88269351579668e-06,2.67512026964844e-06,5.0162336632894e-06,1.58462423260765e-06,1.87754789029232e-06,1.90462800847699e-06,100,100
2.696,0,0,0,0,0,0,5.88177228921146e-06,2.6781812912835e-06,5.01589553242644e-06,1.58625512763178e-06,1.87720808052826e-06,1.90474230090389e-06,100,100
2.697,0,0,0,0,0,0,5.88091862137625e-06,2.68103646844701e-06,5.01558370660759e-06,1.58777278064676e-06,1.87690288826739e-06,1.90484434453656e-06,100,100
2.698,0,0,0,0,0,0,5.88013267586941e-06,2.68369315174944e-06,5.01529881168686e-06,1.58918237192652e-06,1.87663272889553e-06,1.90493691250343e-06,100,100
2.699,0,0,0,0,0,0,5.87941254732311e-06,2.68615889347077e-06,5.01504171577603e-06,1.59048898433597e-06,1.8763981267457e-06,1.90502263385572e-06,100,100
2.7,0,0,0,0,0,0,5.87875504691608e-06,2.68844154313914e-06,5.01481307197409e-06,1.59169760076672e-06,1.87619823345706e-06,1.90510336909705e-06,100,100
2.701,0,0,0,0,0,0,5.87815609003605e-06,2.69054901911938e-06,5.01461303534508e-06,1.59281310173033e-06,1.87603106492889e-06,1.90518002423845e-06,100,100
2.702,0,0,0,0,0,0,5.87761142886684e-06,2.69248909931986e-06,5.01444044421294e-06,1.59384026325873e-06,1.87589442183645e-06,1.90525308875077e-06,100,100
2.703,0,0,0,0,0,0,5.87711733868704e-06,2.69426960693752e-06,5.01429282125495e-06,1.59478375547028e-06,1.87578507286714e-06,1.90532269025939e-06,100,100
2.704,0,0,0,0,0,0,5.87667084585582e-06,2.69589857521855e-06,5.0141673353561e-06,1.59564814154095e-06,1.87569899581752e-06,1.90538938881221e-06,100,100
2.705,0,0,0,0,0,0,5.87626928886907e-06,2.69738405673401e-06,5.01406104432405e-06,1.59643787626986e-06,1.87563359700601e-06,1.90545429890542e-06,100,100
2.706,0,0,0,0,0,0,5.87590915685692e-06,2.69873394479886e-06,5.0139712360739e-06,1.59715730402839e-06,1.87558691865284e-06,1.90551820608133e-06,100,100
2.707,0,0,0,0,0,0,5.87558631427084e-06,2.69995603010381e-06,5.01389480970214e-06,1.59781065639535e-06,1.87555672225176e-06,1.90544238088834e-06,100,100
2.708,0,0,0,0,0,0,5.87529702225355e-06,2.70105804080382e-06,5.01382822986351e-06,1.59840204959727e-06,1.87554114922157e-06,1.90534882038026e-06,100,100
2.709,0,0,0,0,0,0,5.8750381079597e-06,2.70204760846952e-06,5.01376880119098e-06,1.59893548174639e-06,1.87553849407439e-06,1.90526461104473e-06,100,100
2.71,0,0,0,0,0,0,5.87480660216882e-06,2.70293229979906e-06,5.01371489869858e-06,1.59941482990701e-06,1.8755471081792e-06,1.90518932344145e-06,100,100
2.711,0,0,0,0,0,0,5.87459943930696e-06,2.70371964609588e-06,5.01366481941955e-06,1.59984384704544e-06,1.87556550590077e-06,1.90512296884314e-06,100,100
2.712,0,0,0,0,0,0,5.87441383162639e-06,2.70441700960208e-06,5.01361661886243e-06,1.60022615893337e-06,1.87559218451337e-06,1.90506518687354e-06,100,100
2.713,0,0,0,0,0,0,5.87424717194716e-06,2.7050314570135e-06,5.01356907747641e-06,1.60056526108213e-06,1.87562524634858e-06,1.9050153934997e-06,100,100
2.714,0,0,0,0,0,0,5.87409686248693e-06,2.70556982253199e-06,5.0135217010373e-06,1.6008645157879e-06,1.87566244454364e-06,1.90497329623665e-06,100,100
2.715,0,0,0,0,0,0,5.87396074048858e-06,2.70603876223656e-06,5.01347438595427e-06,1.60112714936679e-06,1.87570192733796e-06,1.90493876909225e-06,100,100
2.716,0,0,0,0,0,0,5.87383727397598e-06,2.70644465773016e-06,5.01342743973686e-06,1.60135624965488e-06,1.87574284462324e-06,1.90491154967327e-06,100,100
2.717,0,0,0,0,0,0,5.87372540412311e-06,2.70679353961897e-06,5.01338118345538e-06,1.60155476384235e-06,1.87578484183021e-06,1.90489131776099e-06,100,100
2.718,0,0,0,0,0,0,5.87362434846896e-06,2.70709111640799e-06,5.01333589534876e-06,1.60172549670366e-06,1.87582718263048e-06,1.90487775495554e-06,100,100
2.719,0,0,0,0,0,0,5.87353355902725e-06,2.70734279361187e-06,5.01329203302126e-06,1.60187110927733e-06,1.87586886676484e-06,1.90487034046642e-06,100,100
2.72,0,0,0,0,0,0,5.87345262124919e-06,2.70755366340262e-06,5.01325014371324e-06,1.60199411803954e-06,1.87590914145583e-06,1.90486830555009e-06,100,100
2.721,0,0,0,0,0,0,5.8733812420606e-06,2.70772849989487e-06,5.01321078995885e-06,1.60209689460673e-06,1.87594754362638e-06,1.90487063279393e-06,100,100
2.722,0,0,0,0,0,0,5.87331933767386e-06,2.70787175465434e-06,5.01317441844623e-06,1.60218166599237e-06,1.87598360124264e-06,1.90487623098153e-06,100,100
2.723,0,0,0,0,0,0,5.87326682261903e-06,2.70798755251959e-06,5.01314136504948e-06,1.60225051543354e-06,1.8760167668688e-06,1.90488409785773e-06,100,100
2.724,0,0,0,0,0,0,5.87322363055143e-06,2.70807969048889e-06,5.01311203155197e-06,1.60230538379368e-06,1.87604645801028e-06,1.90489316583836e-06,100,100
2.725,0,0,0,0,0,0,5.87318973266045e-06,2.70815163994662e-06,5.01308696753898e-06,1.60234807153879e-06,1.87609980128825e-06,1.90490235688912e-06,100,100
2.726,0,0,0,0,0,0,5.87316492153515e-06,2.70820655101543e-06,5.01306670857769e-06,1.60238024127576e-06,1.87614605345529e-06,1.9049107077731e-06,100,100
2.727,0,0,0,0,0,0,5.87314873321248e-06,2.70824725944545e-06,5.01305159291052e-06,1.60240342083378e-06,1.8761839332763e-06,1.90491729817842e-06,100,100
2.728,0,0,0,0,0,0,5.87314049154215e-06,2.70827629667928e-06,5.0130418201752e-06,1.60241900686251e-06,1.87621378389037e-06,1.90492123271571e-06,100,100
2.729,0,0,0,0,0,0,5.87313943380192e-06,2.7082959024407e-06,5.01303751589678e-06,1.60242826891437e-06,1.87623598674899e-06,1.90492166630891e-06,100,100
2.73,0,0,0,0,0,0,5.87314476447549e-06,2.70830803871342e-06,5.01303874323908e-06,1.60243235397253e-06,1.876250979058e-06,1.90491778441967e-06,100,100
2.731,0,0,0,0,0,0,5.87315567794818e-06,2.70831440463805e-06,5.01304552901537e-06,1.60243229138181e-06,1.87625921390626e-06,1.90490880298878e-06,100,100
2.732,0,0,0,0,0,0,5.87317138491672e-06,2.70831645279258e-06,5.01305784320806e-06,1.60242899813554e-06,1.87626120339419e-06,1.90489404116521e-06,100,100
2.733,0,0,0,0,0,0,5.87319111286974e-06,2.70831540747899e-06,5.01307561192385e-06,1.60242328446875e-06,1.87625753509157e-06,1.90487291982615e-06,100,100
2.734,0,0,0,0,0,0,5.8732141726865e-06,2.70831228477075e-06,5.01309868060737e-06,1.60241585970568e-06,1.87624881705206e-06,1.90484493247674e-06,100,100
2.735,0,0,0,0,0,0,5.87323993354227e-06,2.70830791355717e-06,5.01312683743023e-06,1.60240733830882e-06,1.87623564240974e-06,1.90480972313215e-06,100,100
2.736,0,0,0,0,0,0,5.87326777712682e-06,2.70830295705866e-06,5.01315989955644e-06,1.60239824607568e-06,1.87621861081385e-06,1.9047671123512e-06,100,100
2.737,0,0,0,0,0,0,5.87329715049252e-06,2.70829793360175e-06,5.01319763347226e-06,1.6023890264304e-06,1.87619835415769e-06,1.90471704736165e-06,100,100
2.738,0,0,0,0,0,0,5.87332757443902e-06,2.70829323478523e-06,5.0132397025091e-06,1.60238004675797e-06,1.87617546320882e-06,1.90465961748311e-06,100,100
2.739,0,0,0,0,0,0,5.87335861090532e-06,2.7082891408869e-06,5.01328580092365e-06,1.60237160473066e-06,1.87615048696706e-06,1.90459511580684e-06,100,100
2.74,0,0,0,0,0,0,5.873389833135e-06,2.7082858349545e-06,5.01333563837881e-06,1.60236393457855e-06,1.8761239487786e-06,1.90452399170782e-06,100,100
2.741,0,0,0,0,0,0,5.87342088719595e-06,2.7082834162172e-06,5.01338882606244e-06,1.60235721325886e-06,1.8760962196415e-06,1.90444679146355e-06,100,100
2.742,0,0,0,0,0,0,5.87345147473812e-06,2.70828191306433e-06,5.01344494357824e-06,1.60235156648177e-06,1.87606756755104e-06,1.9043640655447e-06,100,100
2.743,0,0,0,0,0,0,5.87348128993397e-06,2.70828129632606e-06,5.01350358437451e-06,1.60234707455445e-06,1.87603829654363e-06,1.90427635434169e-06,100,100
2.744,0,0,0,0,0,0,5.87351012619441e-06,2.70828150390713e-06,5.01356431223837e-06,1.60234377800831e-06,1.8760086823642e-06,1.90418440184299e-06,100,100
2.745,0,0,0,0,0,0,5.87353789681531e-06,2.70828247690153e-06,5.01362659956564e-06,1.60234168297924e-06,1.87597892618284e-06,1.90408919892029e-06,100,100
2.746,0,0,0,0,0,0,5.87356453429902e-06,2.70828417581672e-06,5.0136898996479e-06,1.60234076631404e-06,1.87594918938903e-06,1.90399179920125e-06,100,100
2.747,0,0,0,0,0,0,5.87359003704683e-06,2.70828657365753e-06,5.01375367281657e-06,1.60234098038143e-06,1.87591956916031e-06,1.90389320454725e-06,100,100
2.748,0,0,0,0,0,0,5.87361434318149e-06,2.70828965193679e-06,5.01381729219256e-06,1.60234225756952e-06,1.87589013811578e-06,1.9037943359577e-06,100,100
2.749,0,0,0,0,0,0,5.87363727465766e-06,2.70829340066108e-06,5.01388013732409e-06,1.6023445144565e-06,1.87586092623508e-06,1.90369601320763e-06,100,100
2.75,0,0,0,0,0,0,5.87365873008123e-06,2.70829781605316e-06,5.01394162505362e-06,1.6023476556451e-06,1.87583189447121e-06,1.90359895932099e-06,100,100
2.751,0,0,0,0,0,0,5.87367871747243e-06,2.70830289803618e-06,5.01400122697413e-06,1.6023515772556e-06,1.87580300434769e-06,1.90350383908414e-06,100,100
2.752,0,0,0,0,0,0,5.87369734282065e-06,2.70830864821269e-06,5.01405857558614e-06,1.60235617007582e-06,1.87577419051177e-06,1.90341126164044e-06,100,100
2.753,0,0,0,0,0,0,5.87371473561249e-06,2.7083150674816e-06,5.01411342696472e-06,1.60236132237028e-06,1.87574543104005e-06,1.90332179486308e-06,100,100
2.754,0,0,0,0,0,0,5.87373106657335e-06,2.70832215299537e-06,5.01416560502982e-06,1.60236692235377e-06,1.87571677872062e-06,1.90323595515476e-06,100,100
2.755,0,0,0,0,0,0,5.87374657456702e-06,2.7083298948424e-06,5.01421492933969e-06,1.60237286033794e-06,1.8756882584467e-06,1.90315407630469e-06,100,100
2.756,0,0,0,0,0,0,5.87376146728958e-06,2.70833827227851e-06,5.01426114700684e-06,1.60237903056198e-06,1.87565990795093e-06,1.9030764088545e-06,100,100
2.757,0,0,0,0,0,0,5.87377594156593e-06,2.70834725033912e-06,5.01430399718406e-06,1.60238533272084e-06,1.8756318257813e-06,1.90300327992044e-06,100,100
2.758,0,0,0,0,0,0,5.8737902102392e-06,2.70835677804009e-06,5.01434330375461e-06,1.60239167320675e-06,1.87560412340361e-06,1.90293503624612e-06,100,100
2.759,0,0,0,0,0,0,5.87380448672685e-06,2.70836678826078e-06,5.01437895055823e-06,1.60239796608125e-06,1.87557694860369e-06,1.90287194736139e-06,100,100
2.76,0,0,0,0,0,0,5.87381892159841e-06,2.7083771992188e-06,5.01441083801773e-06,1.60240413379644e-06,1.87555054810579e-06,1.90281413503191e-06,100,100
2.761,0,0,0,0,0,0,5.87383355943204e-06,2.70838791715581e-06,5.0144389409863e-06,1.60241010768535e-06,1.87552524615225e-06,1.90276158046224e-06,100,100
2.762,0,0,0,0,0,0,5.87384836930199e-06,2.70839883893587e-06,5.01446332549642e-06,1.60241582824182e-06,1.87550130829245e-06,1.90271418694302e-06,100,100
2.763,0,0,0,0,0,0,5.8738632370257e-06,2.70840985379207e-06,5.01448415133401e-06,1.602421245211e-06,1.87547894293845e-06,1.90267184782121e-06,100,100
2.764,0,0,0,0,0,0,5.8738779940159e-06,2.70842084468927e-06,5.01450167407099e-06,1.60242631751153e-06,1.87545836847831e-06,1.90263443407544e-06,100,100
2.765,0,0,0,0,0,0,5.87389246151337e-06,2.70843168969874e-06,5.01451619571972e-06,1.60243101301058e-06,1.87543971177455e-06,1.90260175062015e-06,100,100
2.766,0,0,0,0,0,0,5.87390644758735e-06,2.70844226359576e-06,5.01452800572044e-06,1.60243530817235e-06,1.8754229854509e-06,1.90257356526858e-06,100,100
2.767,0,0,0,0,0,0,5.87391971576364e-06,2.70845243990651e-06,5.01453738117334e-06,1.60243918760031e-06,1.8754081451874e-06,1.90254962052624e-06,100,100
2.768,0,0,0,0,0,0,5.87393202007896e-06,2.70846209299743e-06,5.01454463405421e-06,1.60244264349248e-06,1.87539514807362e-06,1.9025296017029e-06,100,100
2.769,0,0,0,0,0,0,5.87394314236165e-06,2.70847109974999e-06,5.01455010437781e-06,1.60244567502834e-06,1.87538400459188e-06,1.9025131410007e-06,100,100
2.77,0,0,0,0,0,0,5.87395286833864e-06,2.7084793409709e-06,5.01455413068003e-06,1.60244828770476e-06,1.87537472675993e-06,1.90249985985362e-06,100,100
2.771,0,0,0,0,0,0,5.87396098917735e-06,2.70848670279862e-06,5.01455700991475e-06,1.6024504926372e-06,1.87536726325066e-06,1.90248940122934e-06,100,100
2.772,0,0,0,0,0,0,5.87396733413158e-06,2.70849307832257e-06,5.0145589986634e-06,1.60245230584107e-06,1.87536151021224e-06,1.90248144051211e-06,100,100
2.773,0,0,0,0,0,0,5.87397180225426e-06,2.70849836949153e-06,5.01456032764036e-06,1.60245374750709e-06,1.8753573332347e-06,1.90247567674095e-06,100,100
2.774,0,0,0,0,0,0,5.87397436072978e-06,2.70850248886247e-06,5.01456117458471e-06,1.60245484128256e-06,1.87535456504178e-06,1.90247181923932e-06,100,100
2.775,0,0,0,0,0,0,5.87397504174163e-06,2.70850536075999e-06,5.01456166565465e-06,1.60245561356967e-06,1.87535302953128e-06,1.90246959918781e-06,100,100
2.776,0,0,0,0,0,0,5.87397391780233e-06,2.70850692207924e-06,5.01456187853352e-06,1.60245609284999e-06,1.8753525602381e-06,1.90246877448211e-06,100,100
2.777,0,0,0,0,0,0,5.87397107423365e-06,2.70850712300893e-06,5.0145618497209e-06,1.60245630904338e-06,1.87535298781973e-06,1.90246912165676e-06,100,100
2.778,0,0,0,0,0,0,5.87396662524011e-06,2.70850592754286e-06,5.01456159112394e-06,1.60245629290761e-06,1.87535413777433e-06,1.9024704562343e-06,100,100
2.779,0,0,0,0,0,0,5.87396071993052e-06,2.70850331369967e-06,5.01456109425177e-06,1.60245607548439e-06,1.87535583392475e-06,1.90247263580651e-06,100,100
2.78,0,0,0,0,0,0,5.8739535196985e-06,2.70849927349853e-06,5.01456033308618e-06,1.60245568759549e-06,1.8753579025424e-06,1.90247554246585e-06,100,100
2.781,0,0,0,0,0,0,5.87394519229614e-06,2.70849381260906e-06,5.01455926817027e-06,1.60245515939197e-06,1.87536018190277e-06,1.90247908652937e-06,100,100
2.782,0,0,0,0,0,0,5.87393590703731e-06,2.70848694959866e-06,5.01455784636585e-06,1.60245451995825e-06,1.87536252766527e-06,1.90248320545333e-06,100,100
2.783,0,0,0,0,0,0,5.87392582533343e-06,2.70847871498938e-06,5.01455600612009e-06,1.60245379697166e-06,1.87536481048489e-06,1.90248785417894e-06,100,100
2.784,0,0,0,0,0,0,5.8739151341215e-06,2.70846915049132e-06,5.01455368934273e-06,1.60245301641729e-06,1.87536691382654e-06,1.90249298178795e-06,100,100
2.785,0,0,0,0,0,0,5.87390405409378e-06,2.70845830835152e-06,5.01455085057878e-06,1.60245220235707e-06,1.87536873250949e-06,1.90249851721976e-06,100,100
2.786,0,0,0,0,0,0,5.87389280151818e-06,2.70844625033509e-06,5.01454744789075e-06,1.60245137675135e-06,1.87537018023192e-06,1.90250438723679e-06,100,100
2.787,0,0,0,0,0,0,5.87388155852044e-06,2.70843304628585e-06,5.0145434205211e-06,1.60245055933052e-06,1.87537117652374e-06,1.90251052096905e-06,100,100
2.788,0,0,0,0,0,0,5.87387047732265e-06,2.7084187727513e-06,5.01453871782112e-06,1.60244976751376e-06,1.87537162281099e-06,1.90251683168538e-06,100,100
2.789,0,0,0,0,0,0,5.87385971826383e-06,2.70840351179207e-06,5.0145333228112e-06,1.60244901637146e-06,1.87537642223835e-06,1.90252322428754e-06,100,100
2.79,0,0,0,0,0,0,5.87384944224843e-06,2.7083873497427e-06,5.01452722442432e-06,1.60244831862782e-06,1.87538402714219e-06,1.90252959760248e-06,100,100
2.791,0,0,0,0,0,0,5.87383978418175e-06,2.7083703761577e-06,5.01452041795979e-06,1.60244768469936e-06,1.87539125136279e-06,1.90253582639101e-06,100,100
2.792,0,0,0,0,0,0,5.87383085959003e-06,2.70835268315656e-06,5.0145129145734e-06,1.60244712276555e-06,1.87539802012643e-06,1.90254180166957e-06,100,100
2.793,0,0,0,0,0,0,5.87382275179027e-06,2.70833436478706e-06,5.01450475889528e-06,1.60244663886699e-06,1.87540427057069e-06,1.90254748753731e-06,100,100
2.794,0,0,0,0,0,0,5.87381551505348e-06,2.70831551630131e-06,5.01449604094576e-06,1.60244623702731e-06,1.87540995115826e-06,1.90255287755515e-06,100,100
2.795,0,0,0,0,0,0,5.87380918307777e-06,2.70829623358273e-06,5.01448685854838e-06,1.60244591939426e-06,1.87541501484174e-06,1.90255791406153e-06,100,100
2.796,0,0,0,0,0,0,5.87380375215997e-06,2.70827661260142e-06,5.01447728656218e-06,1.60244568639617e-06,1.87541942226115e-06,1.90256251056135e-06,100,100
2.797,0,0,0,0,0,0,5.87379919887102e-06,2.70825674871287e-06,5.01446736922189e-06,1.60244553690976e-06,1.87542314626429e-06,1.90256660727656e-06,100,100
2.798,0,0,0,0,0,0,5.87379550863937e-06,2.70823673573433e-06,5.01445714267164e-06,1.60244546843564e-06,1.87542617806382e-06,1.90257019339711e-06,100,100
2.799,0,0,0,0,0,0,5.873792684562e-06,2.70821666469756e-06,5.01444667140107e-06,1.60244547727807e-06,1.87542854567664e-06,1.90257326563065e-06,100,100
2.8,0,0,0,0,0,0,5.87379073840739e-06,2.70819662264955e-06,5.0144360414221e-06,1.60244555872572e-06,1.87543028851583e-06,1.9025757752227e-06,100,100
2.801,0,0,0,0,0,0,5.87378968846153e-06,2.7081766921408e-06,5.01442534538687e-06,1.60244570723065e-06,1.87543137394949e-06,1.90257768704902e-06,100,100
2.802,0,0,0,0,0,0,5.87378953697225e-06,2.70815695125973e-06,5.01441468529675e-06,1.60244591658274e-06,1.87543170600862e-06,1.90257902571932e-06,100,100
2.803,0,0,0,0,0,0,5.87379025419769e-06,2.70813747365988e-06,5.01440415184862e-06,1.60244618007758e-06,1.87543122862049e-06,1.90257984184775e-06,100,100
2.804,0,0,0,0,0,0,5.87379177515237e-06,2.70811832860347e-06,5.01439382580482e-06,1.60244649067554e-06,1.87542994717328e-06,1.90258015019411e-06,100,100
2.805,0,0,0,0,0,0,5.87379400514025e-06,2.70809958125946e-06,5.01438380344048e-06,1.6024468411507e-06,1.87542792954814e-06,1.90257992638166e-06,100,100
2.806,0,0,0,0,0,0,5.87379685914801e-06,2.70808129310572e-06,5.01437419141675e-06,1.60244722422809e-06,1.87542532049315e-06,1.90257916493759e-06,100,100
2.807,0,0,0,0,0,0,5.87380023815318e-06,2.70806352223917e-06,5.01436506725285e-06,1.60244763270837e-06,1.87542228416318e-06,1.90257786348956e-06,100,100
2.808,0,0,0,0,0,0,5.8738040040983e-06,2.70804632375815e-06,5.01435645821578e-06,1.60244805957922e-06,1.87541895589467e-06,1.90257601791594e-06,100,100
2.809,0,0,0,0,0,0,5.87380801381854e-06,2.70802975029444e-06,5.01434837333735e-06,1.60244849811288e-06,1.8754154568588e-06,1.90257365128832e-06,100,100
2.81,0,0,0,0,0,0,5.87381214851157e-06,2.70801385225001e-06,5.0143408343503e-06,1.6024489419498e-06,1.87541191218391e-06,1.90257079391839e-06,100,100
2.811,0,0,0,0,0,0,5.87381629554289e-06,2.70799867744885e-06,5.01433385036419e-06,1.60244938516837e-06,1.87540843396363e-06,1.9025674699324e-06,100,100
2.812,0,0,0,0,0,0,5.87382034777836e-06,2.70798427058547e-06,5.01432741372117e-06,1.60244982234093e-06,1.87540509068113e-06,1.90256368456316e-06,100,100
2.813,0,0,0,0,0,0,5.87382424448441e-06,2.70797067274535e-06,5.01432152847763e-06,1.6024502485766e-06,1.87540191379425e-06,1.9025594485608e-06,100,100
2.814,0,0,0,0,0,0,5.87382794315639e-06,2.70795792080427e-06,5.01431619684737e-06,1.60245065955146e-06,1.87539892542933e-06,1.90255481660782e-06,100,100
2.815,0,0,0,0,0,0,5.87383138906356e-06,2.70794604670972e-06,5.01431141942676e-06,1.60245105152682e-06,1.87539613924419e-06,1.90254986729249e-06,100,100
2.816,0,0,0,0,0,0,5.87383454805741e-06,2.70793507686816e-06,5.0143071830827e-06,1.60245142135649e-06,1.87539356315019e-06,1.90254467482151e-06,100,100
2.817,0,0,0,0,0,0,5.87383741422228e-06,2.70792503176015e-06,5.0143034458925e-06,1.60245176648386e-06,1.87539120567396e-06,1.90253930732979e-06,100,100
2.818,0,0,0,0,0,0,5.87383998160024e-06,2.70791592589131e-06,5.0143001838032e-06,1.60245208492997e-06,1.87538906892494e-06,1.90253384618024e-06,100,100
2.819,0,0,0,0,0,0,5.87384223860638e-06,2.70790776795625e-06,5.01429739685751e-06,1.60245237527345e-06,1.87538715706055e-06,1.9025283758349e-06,100,100
2.82,0,0,0,0,0,0,5.87384417474629e-06,2.70790056091209e-06,5.01429505744022e-06,1.60245263662353e-06,1.87538548244373e-06,1.902522961848e-06,100,100
2.821,0,0,0,0,0,0,5.87384578249828e-06,2.70789430195873e-06,5.01429311311194e-06,1.60245286858712e-06,1.8753840483783e-06,1.90251766154706e-06,100,100
2.822,0,0,0,0,0,0,5.87384706432918e-06,2.70788898253817e-06,5.01429151671292e-06,1.60245307123109e-06,1.87538283943164e-06,1.90251253963023e-06,100,100
2.823,0,0,0,0,0,0,5.87384803497693e-06,2.70788458830354e-06,5.01429022591996e-06,1.60245324504074e-06,1.87538183184632e-06,1.90250765981898e-06,100,100
2.824,0,0,0,0,0,0,5.87384871602429e-06,2.70788109909293e-06,5.01428920370062e-06,1.60245339087549e-06,1.87538099860772e-06,1.90250307248425e-06,100,100
2.825,0,0,0,0,0,0,5.87384913429748e-06,2.70787848911858e-06,5.01428841871731e-06,1.60245350992274e-06,1.87538031245405e-06,1.90249881236393e-06,100,100
2.826,0,0,0,0,0,0,5.87384932178341e-06,2.70787672751929e-06,5.01428783559718e-06,1.6024536036508e-06,1.87537974893349e-06,1.90249490543487e-06,100,100
2.827,0,0,0,0,0,0,5.87384931166925e-06,2.70787577916288e-06,5.01428741223788e-06,1.6024536737617e-06,1.87537928242648e-06,1.90249138481598e-06,100,100
2.828,0,0,0,0,0,0,5.8738491403098e-06,2.70787560540546e-06,5.01428711178343e-06,1.60245372214461e-06,1.87537888775555e-06,1.9024882818351e-06,100,100
2.829,0,0,0,0,0,0,5.87384884746196e-06,2.70787616466118e-06,5.01428690775935e-06,1.60245375083056e-06,1.87537854856529e-06,1.90248560983957e-06,100,100
2.83,0,0,0,0,0,0,5.87384847129788e-06,2.70787741286076e-06,5.01428677651974e-06,1.60245376194904e-06,1.87537826179926e-06,1.90248336636271e-06,100,100
2.831,0,0,0,0,0,0,5.87384804612425e-06,2.70787930381695e-06,5.01428669319014e-06,1.60245375768701e-06,1.87537802947036e-06,1.90248154149135e-06,100,100
2.832,0,0,0,0,0,0,5.87384760098463e-06,2.70788178944667e-06,5.01428663527523e-06,1.60245374025062e-06,1.87537785274559e-06,1.90248012039128e-06,100,100
2.833,0,0,0,0,0,0,5.87384715697332e-06,2.70788481996613e-06,5.01428658542226e-06,1.6024537118302e-06,1.87537773405404e-06,1.902479076124e-06,100,100
2.834,0,0,0,0,0,0,5.87384672797424e-06,2.70788834426459e-06,5.01428653180177e-06,1.60245367456848e-06,1.87537767679386e-06,1.90247836540695e-06,100,100
2.835,0,0,0,0,0,0,5.87384632748816e-06,2.70789231053749e-06,5.01428646850754e-06,1.60245363053255e-06,1.87537768347567e-06,1.9024779328197e-06,100,100
2.836,0,0,0,0,0,0,5.87384597361548e-06,2.70789666705938e-06,5.01428639826171e-06,1.60245358168932e-06,1.87537775558362e-06,1.90247772218085e-06,100,100
2.837,0,0,0,0,0,0,5.87384568441779e-06,2.70790136286727e-06,5.01428633396271e-06,1.60245352988487e-06,1.87537789321124e-06,1.90247768049656e-06,100,100
2.838,0,0,0,0,0,0,5.87384547271245e-06,2.70790634823346e-06,5.01428629407281e-06,1.60245347682738e-06,1.87537809095317e-06,1.90247775270198e-06,100,100
2.839,0,0,0,0,0,0,5.87384534708985e-06,2.70791157496311e-06,5.01428629876227e-06,1.60245342407375e-06,1.87537834178666e-06,1.90247788023386e-06,100,100
2.84,0,0,0,0,0,0,5.87384531210989e-06,2.70791699656775e-06,5.01428636838238e-06,1.60245337301971e-06,1.87537863617128e-06,1.90247800593158e-06,100,100
2.841,0,0,0,0,0,0,5.87384537326874e-06,2.70792256836342e-06,5.0142865262122e-06,1.60245332489324e-06,1.87537895793879e-06,1.90247807334891e-06,100,100
2.842,0,0,0,0,0,0,5.87384554279456e-06,2.70792824758841e-06,5.01428680073274e-06,1.60245328075121e-06,1.87537929065004e-06,1.90247803512835e-06,100,100
2.843,0,0,0,0,0,0,5.87384583645069e-06,2.7079339935676e-06,5.01428721869622e-06,1.60245324147883e-06,1.87537961494841e-06,1.90247787249588e-06,100,100
2.844,0,0,0,0,0,0,5.87384627624949e-06,2.70793976788899e-06,5.01428780590228e-06,1.6024532077918e-06,1.87537991029805e-06,1.90247758010371e-06,100,100
2.845,0,0,0,0,0,0,5.87384688717006e-06,2.70794553464205e-06,5.01428858349975e-06,1.60245318024084e-06,1.87538016312188e-06,1.90247714079984e-06,100,100
2.846,0,0,0,0,0,0,5.87384768182398e-06,2.7079512606636e-06,5.01428956101449e-06,1.60245315921834e-06,1.87538036220303e-06,1.90247652748428e-06,100,100
2.847,0,0,0,0,0,0,5.87384866849538e-06,2.70795691558548e-06,5.01429074159122e-06,1.60245314496674e-06,1.87538049556769e-06,1.90247571172165e-06,100,100
2.848,0,0,0,0,0,0,5.87384985898961e-06,2.70796247175872e-06,5.01429212493342e-06,1.60245313758849e-06,1.8753805545464e-06,1.90247467257586e-06,100,100
2.849,0,0,0,0,0,0,5.87385125538723e-06,2.70796790434515e-06,5.01429370021891e-06,1.60245313705727e-06,1.87538053149629e-06,1.90247339344189e-06,100,100
2.85,0,0,0,0,0,0,5.87385284672479e-06,2.70797319153959e-06,5.01429543989593e-06,1.60245314323006e-06,1.87538041933791e-06,1.90247186256727e-06,100,100
2.851,0,0,0,0,0,0,5.87385461975606e-06,2.70797831470057e-06,5.01429731278945e-06,1.60245315585994e-06,1.87538021725266e-06,1.90247007724599e-06,100,100
2.852,0,0,0,0,0,0,5.87385656696481e-06,2.70798325836071e-06,5.01429928679667e-06,1.60245317460936e-06,1.87537992692232e-06,1.90246803121347e-06,100,100
2.853,0,0,0,0,0,0,5.87385868582412e-06,2.70798801009047e-06,5.01430132741118e-06,1.60245319906353e-06,1.8753795514015e-06,1.90246572486191e-06,100,100
2.854,0,0,0,0,0,0,5.87386097630795e-06,2.70799256014902e-06,5.01430340042546e-06,1.6024532287438e-06,1.87537909973604e-06,1.90246318070899e-06,100,100
2.855,0,0,0,0,0,0,5.87386343360557e-06,2.70799690105251e-06,5.01430546916337e-06,1.6024532631208e-06,1.87537858698632e-06,1.9024604260368e-06,100,100
2.856,0,0,0,0,0,0,5.87386604650994e-06,2.708001027254e-06,5.01430750005181e-06,1.60245330162718e-06,1.87537803010346e-06,1.90245748705972e-06,100,100
2.857,0,0,0,0,0,0,5.87386880790517e-06,2.70800493499181e-06,5.01430945814811e-06,1.60245334366982e-06,1.87537744423604e-06,1.9024543989602e-06,100,100
2.858,0,0,0,0,0,0,5.87387171443426e-06,2.70800862228252e-06,5.01431130387209e-06,1.60245338864121e-06,1.87537684580398e-06,1.90245119104818e-06,100,100
2.859,0,0,0,0,0,0,5.87387475602521e-06,2.70801208891773e-06,5.0143130026645e-06,1.60245343593023e-06,1.87537625385143e-06,1.90244788786435e-06,100,100
2.86,0,0,0,0,0,0,5.87387791895468e-06,2.70801533627778e-06,5.01431452626383e-06,1.60245348493184e-06,1.87537568875303e-06,1.9024445243474e-06,100,100
2.861,0,0,0,0,0,0,5.87388118951794e-06,2.70801836701174e-06,5.01431584581359e-06,1.60245353505589e-06,1.87537517201086e-06,1.90244113844272e-06,100,100
2.862,0,0,0,0,0,0,5.87388455289451e-06,2.70802118472664e-06,5.0143172091763e-06,1.60245358573494e-06,1.87537472009803e-06,1.90243991977671e-06,93,68
2.863,0,0,0,0,0,0,5.87388427505738e-06,2.70802139730548e-06,5.0143172091763e-06,1.60245363643103e-06,1.87537413600478e-06,1.90243991977671e-06,65,10
2.864,0,0,0,0,0,0,5.87388427505738e-06,2.70802157945078e-06,5.0143172091763e-06,1.60245363643103e-06,1.87537413600478e-06,1.90243991977671e-06,16,0
2.865,0,0,0,0,0,0,5.87388427505738e-06,2.70802157945078e-06,5.0143172091763e-06,1.60245363643103e-06,1.87537413600478e-06,1.90243991977671e-06,2,0
2.866,0,0,0,0,0,0,5.87388427505738e-06,2.70802157945078e-06,5.0143172091763e-06,1.60245363643103e-06,1.87537413600478e-06,1.90243991977671e-06,0,0
2.867,0,0,0,0,0,0,5.87388427505738e-06,2.70802157945078e-06,5.0143172091763e-06,1.60245363643103e-06,1.87537413600478e-06,1.90243991977671e-06,0,0
2.868,0,0,0,0,0,0,5.87388427505738e-06,2.70802157945078e-06,5.0143172091763e-06,1.60245363643103e-06,1.87537413600478e-06,1.90243991977671e-06,0,0
2.869,0,0,0,0,0,0,5.87388427505738e-06,2.70802157945078e-06,5.0143172091763e-06,1.60245363643103e-06,1.87537413600478e-06,1.90243991977671e-06,0,0
2.87,0,0,0,0,0,0,5.87388427505738e-06,2.70802157945078e-06,5.0143172091763e-06,1.60245363643103e-06,1.87537413600478e-06,1.90243991977671e-06,0,0
2.871,0,0,0,0,0,0,5.87388427505738e-06,2.70802157945078e-06,5.0143172091763e-06,1.60245363643103e-06,1.87537413600478e-06,1.90243991977671e-06,0,0
2.872,0,0,0,0,0,0,5.87388427505738e-06,2.70802157945078e-06,5.0143172091763e-06,1.60245363643103e-06,1.87537413600478e-06,1.90243991977671e-06,0,0
2.873,0,0,0,0,0,0,5.87388427505738e-06,2.70802157945078e-06,5.0143172091763e-06,1.60245363643103e-06,1.87537413600478e-06,1.90243991977671e-06,0,0
2.874,0,0,0,0,0,0,5.87388427505738e-06,2.70802157945078e-06,5.0143172091763e-06,1.60245363643103e-06,1.87537413600478e-06,1.90243991977671e-06,0,0
2.875,0,0,0,0,0,0,5.87388427505738e-06,2.70802157945078e-06,5.0143172091763e-06,1.60245363643103e-06,1.87537413600478e-06,1.90243991977671e-06,0,0
2.876,0,0,0,0,0,0,5.87388427505738e-06,2.70802157945078e-06,5.0143172091763e-06,1.60245363643103e-06,1.87537413600478e-06,1.90243991977671e-06,0,0
2.877,0,0,0,0,0,0,5.87388427505738e-06,2.70802157945078e-06,5.0143172091763e-06,1.60245363643103e-06,1.87537413600478e-06,1.90243991977671e-06,0,0
2.878,0,0,0,0,0,0,5.87388427505738e-06,2.70802157945078e-06,5.0143172091763e-06,1.60245363643103e-06,1.87537413600478e-06,1.90243991977671e-06,0,0
2.879,0,0,0,0,0,0,5.87388427505738e-06,2.70802157945078e-06,5.0143172091763e-06,1.60245363643103e-06,1.87537413600478e-06,1.90243991977671e-06,0,0
2.88,0,0,0,0,0,0,5.87388427505738e-06,2.70802157945078e-06,5.0143172091763e-06,1.60245363643103e-06,1.87537413600478e-06,1.90243991977671e-06,0,0
2.881,0,0,0,0,0,0,5.87388427505738e-06,2.70802157945078e-06,5.0143172091763e-06,1.60245363643103e-06,1.87537413600478e-06,1.90243991977671e-06,0,0
2.882,0,0,0,0,0,0,5.87388427505738e-06,2.70802157945078e-06,5.0143172091763e-06,1.60245363643103e-06,1.87537413600478e-06,1.90243991977671e-06,0,0
2.883,0,0,0,0,0,0,5.87388427505738e-06,2.70802157945078e-06,5.0143172091763e-06,1.60245363643103e-06,1.87537413600478e-06,1.90243991977671e-06,0,0
2.884,0,0,0,0,0,0,5.87388427505738e-06,2.70802157945078e-06,5.0143172091763e-06,1.60245363643103e-06,1.87537413600478e-06,1.90243991977671e-06,0,0
2.885,0,0,0,0,0,0,5.87388427505738e-06,2.70802157945078e-06,5.0143172091763e-06,1.60245363643103e-06,1.87537413600478e-06,1.90243991977671e-06,0,0
2.886,0,0,0,0,0,0,5.87388427505738e-06,2.70802157945078e-06,5.0143172091763e-06,1.60245363643103e-06,1.87537413600478e-06,1.90243991977671e-06,0,0
2.887,0,0,0,0,0,0,5.87388427505738e-06,2.70802157945078e-06,5.0143172091763e-06,1.60245363643103e-06,1.87537413600478e-06,1.90243991977671e-06,0,0
2.888,0,0,0,0,0,0,5.87388427505738e-06,2.70802157945078e-06,5.0143172091763e-06,1.60245363643103e-06,1.87537413600478e-06,1.90243991977671e-06,0,0
2.889,0,0,0,0,0,0,5.87388427505738e-06,2.70802157945078e-06,5.0143172091763e-06,1.60245363643103e-06,1.87537413600478e-06,1.90243991977671e-06,0,0
2.89,0,0,0,0,0,0,5.87388427505738e-06,2.70802157945078e-06,5.0143172091763e-06,1.60245363643103e-06,1.87537413600478e-06,1.90243991977671e-06,0,0
2.891,0,0,0,0,0,0,5.87388427505738e-06,2.70802157945078e-06,5.0143172091763e-06,1.60245363643103e-06,1.87537413600478e-06,1.90243991977671e-06,0,0
2.892,0,0,0,0,0,0,5.87388427505738e-06,2.70802157945078e-06,5.0143172091763e-06,1.60245363643103e-06,1.87537413600478e-06,1.90243991977671e-06,0,0
2.893,0,0,0,0,0,0,5.87388427505738e-06,2.70802157945078e-06,5.0143172091763e-06,1.60245363643103e-06,1.87537413600478e-06,1.90243991977671e-06,0,0
2.894,0,0,0,0,0,0,5.87388427505738e-06,2.70802157945078e-06,5.0143172091763e-06,1.60245363643103e-06,1.87537413600478e-06,1.90243991977671e-06,0,0
2.895,0,0,0,0,0,0,5.87388427505738e-06,2.70802157945078e-06,5.0143172091763e-06,1.60245363643103e-06,1.87537413600478e-06,1.90243991977671e-06,0,0
2.896,0,0,0,0,0,0,5.87388427505738e-06,2.70802157945078e-06,5.0143172091763e-06,1.60245363643103e-06,1.87537413600478e-06,1.90243991977671e-06,0,0
2.897,0,0,0,0,0,0,5.87388427505738e-06,2.70802157945078e-06,5.0143172091763e-06,1.60245363643103e-06,1.87537413600478e-06,1.90243991977671e-06,0,0
2.898,0,0,0,0,0,0,5.87388427505738e-06,2.70802157945078e-06,5.0143172091763e-06,1.60245363643103e-06,1.87537413600478e-06,1.90243991977671e-06,0,0
2.899,0,0,0,0,0,0,5.87388427505738e-06,2.70802157945078e-06,5.0143172091763e-06,1.60245363643103e-06,1.87537413600478e-06,1.90243991977671e-06,0,0
2.9,0,0,0,0,0,0,5.87388427505738e-06,2.70802157945078e-06,5.0143172091763e-06,1.60245363643103e-06,1.87537413600478e-06,1.90243991977671e-06,0,0
2.901,0,0,0,0,0,0,5.87388427505738e-06,2.70802157945078e-06,5.0143172091763e-06,1.60245363643103e-06,1.87537413600478e-06,1.90243991977671e-06,0,0
2.902,0,0,0,0,0,0,5.87388427505738e-06,2.70802157945078e-06,5.0143172091763e-06,1.60245363643103e-06,1.87537413600478e-06,1.90243991977671e-06,0,0
2.903,0,0,0,0,0,0,5.87388427505738e-06,2.70802157945078e-06,5.0143172091763e-06,1.60245363643103e-06,1.87537413600478e-06,1.90243991977671e-06,0,0
2.904,0,0,0,0,0,0,5.87388427505738e-06,2.70802157945078e-06,5.0143172091763e-06,1.60245363643103e-06,1.87537413600478e-06,1.90243991977671e-06,0,0
2.905,0,0,0,0,0,0,5.87388427505738e-06,2.70802157945078e-06,5.0143172091763e-06,1.60245363643103e-06,1.87537413600478e-06,1.90243991977671e-06,0,0
2.906,0,0,0,0,0,0,5.87388427505738e-06,2.70802157945078e-06,5.0143172091763e-06,1.60245363643103e-06,1.87537413600478e-06,1.90243991977671e-06,0,0
2.907,0,0,0,0,0,0,5.87388427505738e-06,2.70802157945078e-06,5.0143172091763e-06,1.60245363643103e-06,1.87537413600478e-06,1.90243991977671e-06,0,0
2.908,0,0,0,0,0,0,5.87388427505738e-06,2.70802157945078e-06,5.0143172091763e-06,1.60245363643103e-06,1.87537413600478e-06,1.90243991977671e-06,0,0
2.909,0,0,0,0,0,0,5.87388427505738e-06,2.70802157945078e-06,5.0143172091763e-06,1.60245363643103e-06,1.87537413600478e-06,1.90243991977671e-06,0,0
2.91,0,0,0,0,0,0,5.87388427505738e-06,2.70802157945078e-06,5.0143172091763e-06,1.60245363643103e-06,1.87537413600478e-06,1.90243991977671e-06,0,0
2.911,0,0,0,0,0,0,5.87388427505738e-06,2.70802157945078e-06,5.0143172091763e-06,1.60245363643103e-06,1.87537413600478e-06,1.90243991977671e-06,0,0
2.912,0,0,0,0,0,0,5.87388427505738e-06,2.70802157945078e-06,5.0143172091763e-06,1.60245363643103e-06,1.87537413600478e-06,1.90243991977671e-06,0,0
2.913,0,0,0,0,0,0,5.87388427505738e-06,2.70802157945078e-06,5.0143172091763e-06,1.60245363643103e-06,1.87537413600478e-06,1.90243991977671e-06,0,0
2.914,0,0,0,0,0,0,5.87388427505738e-06,2.70802157945078e-06,5.0143172091763e-06,1.60245363643103e-06,1.87537413600478e-06,1.90243991977671e-06,0,0
2.915,0,0,0,0,0,0,5.87388427505738e-06,2.70802157945078e-06,5.0143172091763e-06,1.60245363643103e-06,1.87537413600478e-06,1.90243991977671e-06,0,0
2.916,0,0,0,0,0,0,5.87388427505738e-06,2.70802157945078e-06,5.0143172091763e-06,1.60245363643103e-06,1.87537413600478e-06,1.90243991977671e-06,0,0
2.917,0,0,0,0,0,0,5.87388427505738e-06,2.70802157945078e-06,5.0143172091763e-06,1.60245363643103e-06,1.87537413600478e-06,1.90243991977671e-06,0,0
2.918,0,0,0,0,0,0,5.87388427505738e-06,2.70802157945078e-06,5.0143172091763e-06,1.60245363643103e-06,1.87537413600478e-06,1.90243991977671e-06,0,0
2.919,0,0,0,0,0,0,5.87388427505738e-06,2.70802157945078e-06,5.0143172091763e-06,1.60245363643103e-06,1.87537413600478e-06,1.90243991977671e-06,0,0
2.92,0,0,0,0,0,0,5.87388427505738e-06,2.70802157945078e-06,5.0143172091763e-06,1.60245363643103e-06,1.87537413600478e-06,1.90243991977671e-06,0,0
2.921,0,0,0,0,0,0,5.87388427505738e-06,2.70802157945078e-06,5.0143172091763e-06,1.60245363643103e-06,1.87537413600478e-06,1.90243991977671e-06,0,0
2.922,0,0,0,0,0,0,5.87388427505738e-06,2.70802157945078e-06,5.0143172091763e-06,1.60245363643103e-06,1.87537413600478e-06,1.90243991977671e-06,0,0
2.923,0,0,0,0,0,0,5.87388427505738e-06,2.70802157945078e-06,5.0143172091763e-06,1.60245363643103e-06,1.87537413600478e-06,1.90243991977671e-06,0,0
2.924,0,0,0,0,0,0,5.87388427505738e-06,2.70802157945078e-06,5.0143172091763e-06,1.60245363643103e-06,1.87537413600478e-06,1.90243991977671e-06,0,0
2.925,0,0,0,0,0,0,5.87388427505738e-06,2.70802157945078e-06,5.0143172091763e-06,1.60245363643103e-06,1.87537413600478e-06,1.90243991977671e-06,0,0
2.926,0,0,0,0,0,0,5.87388427505738e-06,2.70802157945078e-06,5.0143172091763e-06,1.60245363643103e-06,1.87537413600478e-06,1.90243991977671e-06,0,0
2.927,0,0,0,0,0,0,5.87388427505738e-06,2.70802157945078e-06,5.0143172091763e-06,1.60245363643103e-06,1.87537413600478e-06,1.90243991977671e-06,0,0
2.928,0,0,0,0,0,0,5.87388427505738e-06,2.70802157945078e-06,5.0143172091763e-06,1.60245363643103e-06,1.87537413600478e-06,1.90243991977671e-06,0,0
2.929,0,0,0,0,0,0,5.87388427505738e-06,2.70802157945078e-06,5.0143172091763e-06,1.60245363643103e-06,1.87537413600478e-06,1.90243991977671e-06,0,0
2.93,0,0,0,0,0,0,5.87388427505738e-06,2.70802157945078e-06,5.0143172091763e-06,1.60245363643103e-06,1.87537413600478e-06,1.90243991977671e-06,0,0
2.931,0,0,0,0,0,0,5.87388427505738e-06,2.70802157945078e-06,5.0143172091763e-06,1.60245363643103e-06,1.87537413600478e-06,1.90243991977671e-06,0,0
2.932,0,0,0,0,0,0,5.87388427505738e-06,2.70802157945078e-06,5.0143172091763e-06,1.60245363643103e-06,1.87537413600478e-06,1.90243991977671e-06,0,0
2.933,0,0,0,0,0,0,5.87388427505738e-06,2.70802157945078e-06,5.0143172091763e-06,1.60245363643103e-06,1.87537413600478e-06,1.90243991977671e-06,0,0
2.934,0,0,0,0,0,0,5.87388427505738e-06,2.70802157945078e-06,5.0143172091763e-06,1.60245363643103e-06,1.87537413600478e-06,1.90243991977671e-06,0,0
2.935,0,0,0,0,0,0,5.87388427505738e-06,2.70802157945078e-06,5.0143172091763e-06,1.60245363643103e-06,1.87537413600478e-06,1.90243991977671e-06,0,0
2.936,0,0,0,0,0,0,5.87388427505738e-06,2.70802157945078e-06,5.0143172091763e-06,1.60245363643103e-06,1.87537413600478e-06,1.90243991977671e-06,0,0
2.937,0,0,0,0,0,0,5.87388427505738e-06,2.70802157945078e-06,5.0143172091763e-06,1.60245363643103e-06,1.87537413600478e-06,1.90243991977671e-06,0,0
2.938,0,0,0,0,0,0,5.87388427505738e-06,2.70802157945078e-06,5.0143172091763e-06,1.60245363643103e-06,1.87537413600478e-06,1.90243991977671e-06,0,0
2.939,0,0,0,0,0,0,5.87388427505738e-06,2.70802157945078e-06,5.0143172091763e-06,1.60245363643103e-06,1.87537413600478e-06,1.90243991977671e-06,0,0
2.94,0,0,0,0,0,0,5.87388427505738e-06,2.70802157945078e-06,5.0143172091763e-06,1.60245363643103e-06,1.87537413600478e-06,1.90243991977671e-06,0,0
2.941,0,0,0,0,0,0,5.87388427505738e-06,2.70802157945078e-06,5.0143172091763e-06,1.60245363643103e-06,1.87537413600478e-06,1.90243991977671e-06,0,0
2.942,0,0,0,0,0,0,5.87388427505738e-06,2.70802157945078e-06,5.0143172091763e-06,1.60245363643103e-06,1.87537413600478e-06,1.90243991977671e-06,0,0
2.943,0,0,0,0,0,0,5.87388427505738e-06,2.70802157945078e-06,5.0143172091763e-06,1.60245363643103e-06,1.87537413600478e-06,1.90243991977671e-06,0,0
2.944,0,0,0,0,0,0,5.87388427505738e-06,2.70802157945078e-06,5.0143172091763e-06,1.60245363643103e-06,1.87537413600478e-06,1.90243991977671e-06,0,0
2.945,0,0,0,0,0,0,5.87388427505738e-06,2.70802157945078e-06,5.0143172091763e-06,1.60245363643103e-06,1.87537413600478e-06,1.90243991977671e-06,0,0
2.946,0,0,0,0,0,0,5.87388427505738e-06,2.70802157945078e-06,5.0143172091763e-06,1.60245363643103e-06,1.87537413600478e-06,1.90243991977671e-06,0,0
2.947,0,0,0,0,0,0,5.87388427505738e-06,2.70802157945078e-06,5.0143172091763e-06,1.60245363643103e-06,1.87537413600478e-06,1.90243991977671e-06,0,0
2.948,0,0,0,0,0,0,5.87388427505738e-06,2.70802157945078e-06,5.0143172091763e-06,1.60245363643103e-06,1.87537413600478e-06,1.90243991977671e-06,0,0
2.949,0,0,0,0,0,0,5.87388427505738e-06,2.70802157945078e-06,5.0143172091763e-06,1.60245363643103e-06,1.87537413600478e-06,1.90243991977671e-06,0,0
2.95,0,0,0,0,0,0,5.87388427505738e-06,2.70802157945078e-06,5.0143172091763e-06,1.60245363643103e-06,1.87537413600478e-06,1.90243991977671e-06,0,0
2.951,0,0,0,0,0,0,5.87388427505738e-06,2.70802157945078e-06,5.0143172091763e-06,1.60245363643103e-06,1.87537413600478e-06,1.90243991977671e-06,0,0
2.952,0,0,0,0,0,0,5.87388427505738e-06,2.70802157945078e-06,5.0143172091763e-06,1.60245363643103e-06,1.87537413600478e-06,1.90243991977671e-06,0,0
2.953,0,0,0,0,0,0,5.87388427505738e-06,2.70802157945078e-06,5.0143172091763e-06,1.60245363643103e-06,1.87537413600478e-06,1.90243991977671e-06,0,0
2.954,0,0,0,0,0,0,5.87388427505738e-06,2.70802157945078e-06,5.0143172091763e-06,1.60245363643103e-06,1.87537413600478e-06,1.90243991977671e-06,0,0
2.955,0,0,0,0,0,0,5.87388427505738e-06,2.70802157945078e-06,5.0143172091763e-06,1.60245363643103e-06,1.87537413600478e-06,1.90243991977671e-06,0,0
2.956,0,0,0,0,0,0,5.87388427505738e-06,2.70802157945078e-06,5.0143172091763e-06,1.60245363643103e-06,1.87537413600478e-06,1.90243991977671e-06,0,0
2.957,0,0,0,0,0,0,5.87388427505738e-06,2.70802157945078e-06,5.0143172091763e-06,1.60245363643103e-06,1.87537413600478e-06,1.90243991977671e-06,0,0
2.958,0,0,0,0,0,0,5.87388427505738e-06,2.70802157945078e-06,5.0143172091763e-06,1.60245363643103e-06,1.87537413600478e-06,1.90243991977671e-06,0,0
2.959,0,0,0,0,0,0,5.87388427505738e-06,2.70802157945078e-06,5.0143172091763e-06,1.60245363643103e-06,1.87537413600478e-06,1.90243991977671e-06,0,0
2.96,0,0,0,0,0,0,5.87388427505738e-06,2.70802157945078e-06,5.0143172091763e-06,1.60245363643103e-06,1.87537413600478e-06,1.90243991977671e-06,0,0
2.961,0,0,0,0,0,0,5.87388427505738e-06,2.70802157945078e-06,5.0143172091763e-06,1.60245363643103e-06,1.87537413600478e-06,1.90243991977671e-06,0,0
2.962,0,0,0,0,0,0,5.87388427505738e-06,2.70802157945078e-06,5.0143172091763e-06,1.60245363643103e-06,1.87537413600478e-06,1.90243991977671e-06,0,0
2.963,0,0,0,0,0,0,5.87388427505738e-06,2.70802157945078e-06,5.0143172091763e-06,1.60245363643103e-06,1.87537413600478e-06,1.90243991977671e-06,0,0
2.964,0,0,0,0,0,0,5.87388427505738e-06,2.70802157945078e-06,5.0143172091763e-06,1.60245363643103e-06,1.87537413600478e-06,1.90243991977671e-06,0,0
2.965,0,0,0,0,0,0,5.87388427505738e-06,2.70802157945078e-06,5.0143172091763e-06,1.60245363643103e-06,1.87537413600478e-06,1.90243991977671e-06,0,0
2.966,0,0,0,0,0,0,5.87388427505738e-06,2.70802157945078e-06,5.0143172091763e-06,1.60245363643103e-06,1.87537413600478e-06,1.90243991977671e-06,0,0
2.967,0,0,0,0,0,0,5.87388427505738e-06,2.70802157945078e-06,5.0143172091763e-06,1.60245363643103e-06,1.87537413600478e-06,1.90243991977671e-06,0,0
2.968,0,0,0,0,0,0,5.87388427505738e-06,2.70802157945078e-06,5.0143172091763e-06,1.60245363643103e-06,1.87537413600478e-06,1.90243991977671e-06,0,0
2.969,0,0,0,0,0,0,5.87388427505738e-06,2.70802157945078e-06,5.0143172091763e-06,1.60245363643103e-06,1.87537413600478e-06,1.90243991977671e-06,0,0
2.97,0,0,0,0,0,0,5.87388427505738e-06,2.70802157945078e-06,5.0143172091763e-06,1.60245363643103e-06,1.87537413600478e-06,1.90243991977671e-06,0,0
2.971,0,0,0,0,0,0,5.87388427505738e-06,2.70802157945078e-06,5.0143172091763e-06,1.60245363643103e-06,1.87537413600478e-06,1.90243991977671e-06,0,0
2.972,0,0,0,0,0,0,5.87388427505738e-06,2.70802157945078e-06,5.0143172091763e-06,1.60245363643103e-06,1.87537413600478e-06,1.90243991977671e-06,0,0
2.973,0,0,0,0,0,0,5.87388427505738e-06,2.70802157945078e-06,5.0143172091763e-06,1.60245363643103e-06,1.87537413600478e-06,1.90243991977671e-06,0,0
2.974,0,0,0,0,0,0,5.87388427505738e-06,2.70802157945078e-06,5.0143172091763e-06,1.60245363643103e-06,1.87537413600478e-06,1.90243991977671e-06,0,0
2.975,0,0,0,0,0,0,5.87388427505738e-06,2.70802157945078e-06,5.0143172091763e-06,1.60245363643103e-06,1.87537413600478e-06,1.90243991977671e-06,0,0
2.976,0,0,0,0,0,0,5.87388427505738e-06,2.70802157945078e-06,5.0143172091763e-06,1.60245363643103e-06,1.87537413600478e-06,1.90243991977671e-06,0,0
2.977,0,0,0,0,0,0,5.87388427505738e-06,2.70802157945078e-06,5.0143172091763e-06,1.60245363643103e-06,1.87537413600478e-06,1.90243991977671e-06,0,0
2.978,0,0,0,0,0,0,5.87388427505738e-06,2.70802157945078e-06,5.0143172091763e-06,1.60245363643103e-06,1.87537413600478e-06,1.90243991977671e-06,0,0
2.979,0,0,0,0,0,0,5.87388427505738e-06,2.70802157945078e-06,5.0143172091763e-06,1.60245363643103e-06,1.87537413600478e-06,1.90243991977671e-06,0,0
2.98,0,0,0,0,0,0,5.87388427505738e-06,2.70802157945078e-06,5.0143172091763e-06,1.60245363643103e-06,1.87537413600478e-06,1.90243991977671e-06,0,0
2.981,0,0,0,0,0,0,5.87388427505738e-06,2.70802157945078e-06,5.0143172091763e-06,1.60245363643103e-06,1.87537413600478e-06,1.90243991977671e-06,0,0
2.982,0,0,0,0,0,0,5.87388427505738e-06,2.70802157945078e-06,5.0143172091763e-06,1.60245363643103e-06,1.87537413600478e-06,1.90243991977671e-06,0,0
2.983,0,0,0,0,0,0,5.87388427505738e-06,2.70802157945078e-06,5.0143172091763e-06,1.60245363643103e-06,1.87537413600478e-06,1.90243991977671e-06,0,0
2.984,0,0,0,0,0,0,5.87388427505738e-06,2.70802157945078e-06,5.0143172091763e-06,1.60245363643103e-06,1.87537413600478e-06,1.90243991977671e-06,0,0
2.985,0,0,0,0,0,0,5.87388427505738e-06,2.70802157945078e-06,5.0143172091763e-06,1.60245363643103e-06,1.87537413600478e-06,1.90243991977671e-06,0,0
2.986,0,0,0,0,0,0,5.87388427505738e-06,2.70802157945078e-06,5.0143172091763e-06,1.60245363643103e-06,1.87537413600478e-06,1.90243991977671e-06,0,0
2.987,0,0,0,0,0,0,5.87388427505738e-06,2.70802157945078e-06,5.0143172091763e-06,1.60245363643103e-06,1.87537413600478e-06,1.90243991977671e-06,0,0
2.988,0,0,0,0,0,0,5.87388427505738e-06,2.70802157945078e-06,5.0143172091763e-06,1.60245363643103e-06,1.87537413600478e-06,1.90243991977671e-06,0,0
2.989,0,0,0,0,0,0,5.87388427505738e-06,2.70802157945078e-06,5.0143172091763e-06,1.60245363643103e-06,1.87537413600478e-06,1.90243991977671e-06,0,0
2.99,0,0,0,0,0,0,5.87388427505738e-06,2.70802157945078e-06,5.0143172091763e-06,1.60245363643103e-06,1.87537413600478e-06,1.90243991977671e-06,0,0
2.991,0,0,0,0,0,0,5.87388427505738e-06,2.70802157945078e-06,5.0143172091763e-06,1.60245363643103e-06,1.87537413600478e-06,1.90243991977671e-06,0,0
2.992,0,0,0,0,0,0,5.87388427505738e-06,2.70802157945078e-06,5.0143172091763e-06,1.60245363643103e-06,1.87537413600478e-06,1.90243991977671e-06,0,0
2.993,0,0,0,0,0,0,5.87388427505738e-06,2.70802157945078e-06,5.0143172091763e-06,1.60245363643103e-06,1.87537413600478e-06,1.90243991977671e-06,0,0
2.994,0,0,0,0,0,0,5.87388427505738e-06,2.70802157945078e-06,5.0143172091763e-06,1.60245363643103e-06,1.87537413600478e-06,1.90243991977671e-06,0,0
2.995,0,0,0,0,0,0,5.87388427505738e-06,2.70802157945078e-06,5.0143172091763e-06,1.60245363643103e-06,1.87537413600478e-06,1.90243991977671e-06,0,0
2.996,0,0,0,0,0,0,5.87388427505738e-06,2.70802157945078e-06,5.0143172091763e-06,1.60245363643103e-06,1.87537413600478e-06,1.90243991977671e-06,0,0
2.997,0,0,0,0,0,0,5.87388427505738e-06,2.70802157945078e-06,5.0143172091763e-06,1.60245363643103e-06,1.87537413600478e-06,1.90243991977671e-06,0,0
2.998,0,0,0,0,0,0,5.87388427505738e-06,2.70802157945078e-06,5.0143172091763e-06,1.60245363643103e-06,1.87537413600478e-06,1.90243991977671e-06,0,0
2.999,0,0,0,0,0,0,5.87388427505738e-06,2.70802157945078e-06,5.0143172091763e-06,1.60245363643103e-06,1.87537413600478e-06,1.90243991977671e-06,0,0
3,0,0,0,0,0,0,5.87388427505738e-06,2.70802157945078e-06,5.0143172091763e-06,1.60245363643103e-06,1.87537413600478e-06,1.90243991977671e-06,0,0
3.001,0,0,0,0,0,0,5.87388427505738e-06,2.70802157945078e-06,5.0143172091763e-06,1.60245363643103e-06,1.87537413600478e-06,1.90243991977671e-06,0,0
3.002,0,0,0,0,0,0,5.87388427505738e-06,2.70802157945078e-06,5.0143172091763e-06,1.60245363643103e-06,1.87537413600478e-06,1.90243991977671e-06,0,0
3.003,0,0,0,0,0,0,5.87388427505738e-06,2.70802157945078e-06,5.0143172091763e-06,1.60245363643103e-06,1.87537413600478e-06,1.90243991977671e-06,0,0
3.004,0,0,0,0,0,0,5.87388427505738e-06,2.70802157945078e-06,5.0143172091763e-06,1.60245363643103e-06,1.87537413600478e-06,1.90243991977671e-06,0,0
3.005,0,0,0,0,0,0,5.87388427505738e-06,2.70802157945078e-06,5.0143172091763e-06,1.60245363643103e-06,1.87537413600478e-06,1.90243991977671e-06,0,0
3.006,0,0,0,0,0,0,5.87388427505738e-06,2.70802157945078e-06,5.0143172091763e-06,1.60245363643103e-06,1.87537413600478e-06,1.90243991977671e-06,0,0
3.007,0,0,0,0,0,0,5.87388427505738e-06,2.70802157945078e-06,5.0143172091763e-06,1.60245363643103e-06,1.87537413600478e-06,1.90243991977671e-06,0,0
3.008,0,0,0,0,0,0,5.87388427505738e-06,2.70802157945078e-06,5.0143172091763e-06,1.60245363643103e-06,1.87537413600478e-06,1.90243991977671e-06,0,0
3.009,0,0,0,0,0,0,5.87388427505738e-06,2.70802157945078e-06,5.0143172091763e-06,1.60245363643103e-06,1.87537413600478e-06,1.90243991977671e-06,0,0
3.01,0,0,0,0,0,0,5.87388427505738e-06,2.70802157945078e-06,5.0143172091763e-06,1.60245363643103e-06,1.87537413600478e-06,1.90243991977671e-06,0,0
3.011,0,0,0,0,0,0,5.87388427505738e-06,2.70802157945078e-06,5.0143172091763e-06,1.60245363643103e-06,1.87537413600478e-06,1.90243991977671e-06,0,0
3.012,0,0,0,0,0,0,5.87388427505738e-06,2.70802157945078e-06,5.0143172091763e-06,1.60245363643103e-06,1.87537413600478e-06,1.90243991977671e-06,0,0
3.013,0,0,0,0,0,0,5.87388427505738e-06,2.70802157945078e-06,5.0143172091763e-06,1.60245363643103e-06,1.87537413600478e-06,1.90243991977671e-06,0,0
3.014,0,0,0,0,0,0,5.87388427505738e-06,2.70802157945078e-06,5.0143172091763e-06,1.60245363643103e-06,1.87537413600478e-06,1.90243991977671e-06,0,0
3.015,0,0,0,0,0,0,5.87388427505738e-06,2.70802157945078e-06,5.0143172091763e-06,1.60245363643103e-06,1.87537413600478e-06,1.90243991977671e-06,0,0
3.016,0,0,0,0,0,0,5.87388427505738e-06,2.70802157945078e-06,5.0143172091763e-06,1.60245363643103e-06,1.87537413600478e-06,1.90243991977671e-06,0,0
3.017,0,0,0,0,0,0,5.87388427505738e-06,2.70802157945078e-06,5.0143172091763e-06,1.60245363643103e-06,1.87537413600478e-06,1.90243991977671e-06,0,0
3.018,0,0,0,0,0,0,5.87388427505738e-06,2.70802157945078e-06,5.0143172091763e-06,1.60245363643103e-06,1.87537413600478e-06,1.90243991977671e-06,0,0
3.019,0,0,0,0,0,0,5.87388427505738e-06,2.70802157945078e-06,5.0143172091763e-06,1.60245363643103e-06,1.87537413600478e-06,1.90243991977671e-06,0,0
3.02,0,0,0,0,0,0,5.87388427505738e-06,2.70802157945078e-06,5.0143172091763e-06,1.60245363643103e-06,1.87537413600478e-06,1.90243991977671e-06,0,0
3.021,0,0,0,0,0,0,5.87388427505738e-06,2.70802157945078e-06,5.0143172091763e-06,1.60245363643103e-06,1.87537413600478e-06,1.90243991977671e-06,0,0
3.022,0,0,0,0,0,0,5.87388427505738e-06,2.70802157945078e-06,5.0143172091763e-06,1.60245363643103e-06,1.87537413600478e-06,1.90243991977671e-06,0,0
3.023,0,0,0,0,0,0,5.87388427505738e-06,2.70802157945078e-06,5.0143172091763e-06,1.60245363643103e-06,1.87537413600478e-06,1.90243991977671e-06,0,0
3.024,0,0,0,0,0,0,5.87388427505738e-06,2.70802157945078e-06,5.0143172091763e-06,1.60245363643103e-06,1.87537413600478e-06,1.90243991977671e-06,0,0
3.025,0,0,0,0,0,0,5.87388427505738e-06,2.70802157945078e-06,5.0143172091763e-06,1.60245363643103e-06,1.87537413600478e-06,1.90243991977671e-06,0,0
3.026,0,0,0,0,0,0,5.87388427505738e-06,2.70802157945078e-06,5.0143172091763e-06,1.60245363643103e-06,1.87537413600478e-06,1.90243991977671e-06,0,0
3.027,0,0,0,0,0,0,5.87388427505738e-06,2.70802157945078e-06,5.0143172091763e-06,1.60245363643103e-06,1.87537413600478e-06,1.90243991977671e-06,0,0
3.028,0,0,0,0,0,0,5.87388427505738e-06,2.70802157945078e-06,5.0143172091763e-06,1.60245363643103e-06,1.87537413600478e-06,1.90243991977671e-06,0,0
3.029,0,0,0,0,0,0,5.87388427505738e-06,2.70802157945078e-06,5.0143172091763e-06,1.60245363643103e-06,1.87537413600478e-06,1.90243991977671e-06,0,0
3.03,0,0,0,0,0,0,5.87388427505738e-06,2.70802157945078e-06,5.0143172091763e-06,1.60245363643103e-06,1.87537413600478e-06,1.90243991977671e-06,0,0
3.031,0,0,0,0,0,0,5.87388427505738e-06,2.70802157945078e-06,5.0143172091763e-06,1.60245363643103e-06,1.87537413600478e-06,1.90243991977671e-06,0,0
3.032,0,0,0,0,0,0,5.87388427505738e-06,2.70802157945078e-06,5.0143172091763e-06,1.60245363643103e-06,1.87537413600478e-06,1.90243991977671e-06,0,0
3.033,0,0,0,0,0,0,5.87388427505738e-06,2.70802157945078e-06,5.0143172091763e-06,1.60245363643103e-06,1.87537413600478e-06,1.90243991977671e-06,0,0
3.034,0,0,0,0,0,0,5.87388427505738e-06,2.70802157945078e-06,5.0143172091763e-06,1.60245363643103e-06,1.87537413600478e-06,1.90243991977671e-06,0,0
3.035,0,0,0,0,0,0,5.87388427505738e-06,2.70802157945078e-06,5.0143172091763e-06,1.60245363643103e-06,1.87537413600478e-06,1.90243991977671e-06,0,0
3.036,0,0,0,0,0,0,5.87388427505738e-06,2.70802157945078e-06,5.0143172091763e-06,1.60245363643103e-06,1.87537413600478e-06,1.90243991977671e-06,0,0
3.037,0,0,0,0,0,0,5.87388427505738e-06,2.70802157945078e-06,5.0143172091763e-06,1.60245363643103e-06,1.87537413600478e-06,1.90243991977671e-06,0,0
3.038,0,0,0,0,0,0,5.87388427505738e-06,2.70802157945078e-06,5.0143172091763e-06,1.60245363643103e-06,1.87537413600478e-06,1.90243991977671e-06,0,0
3.039,0,0,0,0,0,0,5.87388427505738e-06,2.70802157945078e-06,5.0143172091763e-06,1.60245363643103e-06,1.87537413600478e-06,1.90243991977671e-06,0,0
3.04,0,0,0,0,0,0,5.87388427505738e-06,2.70802157945078e-06,5.0143172091763e-06,1.60245363643103e-06,1.87537413600478e-06,1.90243991977671e-06,0,0
3.041,0,0,0,0,0,0,5.87388427505738e-06,2.70802157945078e-06,5.0143172091763e-06,1.60245363643103e-06,1.87537413600478e-06,1.90243991977671e-06,0,0
3.042,0,0,0,0,0,0,5.87388427505738e-06,2.70802157945078e-06,5.0143172091763e-06,1.60245363643103e-06,1.87537413600478e-06,1.90243991977671e-06,0,0
3.043,0,0,0,0,0,0,5.87388427505738e-06,2.70802157945078e-06,5.0143172091763e-06,1.60245363643103e-06,1.87537413600478e-06,1.90243991977671e-06,0,0
3.044,0,0,0,0,0,0,5.87388427505738e-06,2.70802157945078e-06,5.0143172091763e-06,1.60245363643103e-06,1.87537413600478e-06,1.90243991977671e-06,0,0
3.045,0,0,0,0,0,0,5.87388427505738e-06,2.70802157945078e-06,5.0143172091763e-06,1.60245363643103e-06,1.87537413600478e-06,1.90243991977671e-06,0,0
3.046,0,0,0,0,0,0,5.87388427505738e-06,2.70802157945078e-06,5.0143172091763e-06,1.60245363643103e-06,1.87537413600478e-06,1.90243991977671e-06,0,0
3.047,0,0,0,0,0,0,5.87388427505738e-06,2.70802157945078e-06,5.0143172091763e-06,1.60245363643103e-06,1.87537413600478e-06,1.90243991977671e-06,0,0
3.048,0,0,0,0,0,0,5.87388427505738e-06,2.70802157945078e-06,5.0143172091763e-06,1.60245363643103e-06,1.87537413600478e-06,1.90243991977671e-06,0,0
3.049,0,0,0,0,0,0,5.87388427505738e-06,2.70802157945078e-06,5.0143172091763e-06,1.60245363643103e-06,1.87537413600478e-06,1.90243991977671e-06,0,0
3.05,0,0,0,0,0,0,5.87388427505738e-06,2.70802157945078e-06,5.0143172091763e-06,1.60245363643103e-06,1.87537413600478e-06,1.90243991977671e-06,0,0
3.051,0,0,0,0,0,0,5.87388427505738e-06,2.70802157945078e-06,5.0143172091763e-06,1.60245363643103e-06,1.87537413600478e-06,1.90243991977671e-06,0,0
3.052,0,0,0,0,0,0,5.87388427505738e-06,2.70802157945078e-06,5.0143172091763e-06,1.60245363643103e-06,1.87537413600478e-06,1.90243991977671e-06,0,0
3.053,0,0,0,0,0,0,5.87388427505738e-06,2.70802157945078e-06,5.0143172091763e-06,1.60245363643103e-06,1.87537413600478e-06,1.90243991977671e-06,0,0
3.054,0,0,0,0,0,0,5.87388427505738e-06,2.70802157945078e-06,5.0143172091763e-06,1.60245363643103e-06,1.87537413600478e-06,1.90243991977671e-06,0,0
3.055,0,0,0,0,0,0,5.87388427505738e-06,2.70802157945078e-06,5.0143172091763e-06,1.60245363643103e-06,1.87537413600478e-06,1.90243991977671e-06,0,0
3.056,0,0,0,0,0,0,5.87388427505738e-06,2.70802157945078e-06,5.0143172091763e-06,1.60245363643103e-06,1.87537413600478e-06,1.90243991977671e-06,0,0
3.057,0,0,0,0,0,0,5.87388427505738e-06,2.70802157945078e-06,5.0143172091763e-06,1.60245363643103e-06,1.87537413600478e-06,1.90243991977671e-06,0,0
3.058,0,0,0,0,0,0,5.87388427505738e-06,2.70802157945078e-06,5.0143172091763e-06,1.60245363643103e-06,1.87537413600478e-06,1.90243991977671e-06,0,0
3.059,0,0,0,0,0,0,5.87388427505738e-06,2.70802157945078e-06,5.0143172091763e-06,1.60245363643103e-06,1.87537413600478e-06,1.90243991977671e-06,0,0
3.06,0,0,0,0,0,0,5.87388427505738e-06,2.70802157945078e-06,5.0143172091763e-06,1.60245363643103e-06,1.87537413600478e-06,1.90243991977671e-06,0,0
3.061,0,0,0,0,0,0,5.87388427505738e-06,2.70802157945078e-06,5.0143172091763e-06,1.60245363643103e-06,1.87537413600478e-06,1.90243991977671e-06,0,0
3.062,0,0,0,0,0,0,5.87388427505738e-06,2.70802157945078e-06,5.0143172091763e-06,1.60245363643103e-06,1.87537413600478e-06,1.90243991977671e-06,0,0
3.063,0,0,0,0,0,0,5.87388427505738e-06,2.70802157945078e-06,5.0143172091763e-06,1.60245363643103e-06,1.87537413600478e-06,1.90243991977671e-06,0,0
3.064,0,0,0,0,0,0,5.87388427505738e-06,2.70802157945078e-06,5.0143172091763e-06,1.60245363643103e-06,1.87537413600478e-06,1.90243991977671e-06,0,0
3.065,0,0,0,0,0,0,5.87388427505738e-06,2.70802157945078e-06,5.0143172091763e-06,1.60245363643103e-06,1.87537413600478e-06,1.90243991977671e-06,0,0
3.066,0,0,0,0,0,0,5.87388427505738e-06,2.70802157945078e-06,5.0143172091763e-06,1.60245363643103e-06,1.87537413600478e-06,1.90243991977671e-06,0,0
3.067,0,0,0,0,0,0,5.87388427505738e-06,2.70802157945078e-06,5.0143172091763e-06,1.60245363643103e-06,1.87537413600478e-06,1.90243991977671e-06,0,0
3.068,0,0,0,0,0,0,5.87388427505738e-06,2.70802157945078e-06,5.0143172091763e-06,1.60245363643103e-06,1.87537413600478e-06,1.90243991977671e-06,0,0
3.069,0,0,0,0,0,0,5.87388427505738e-06,2.70802157945078e-06,5.0143172091763e-06,1.60245363643103e-06,1.87537413600478e-06,1.90243991977671e-06,0,0
3.07,0,0,0,0,0,0,5.87388427505738e-06,2.70802157945078e-06,5.0143172091763e-06,1.60245363643103e-06,1.87537413600478e-06,1.90243991977671e-06,0,0
3.071,0,0,0,0,0,0,5.87388427505738e-06,2.70802157945078e-06,5.0143172091763e-06,1.60245363643103e-06,1.87537413600478e-06,1.90243991977671e-06,0,0
3.072,0,0,0,0,0,0,5.87388427505738e-06,2.70802157945078e-06,5.0143172091763e-06,1.60245363643103e-06,1.87537413600478e-06,1.90243991977671e-06,0,0
3.073,0,0,0,0,0,0,5.87388427505738e-06,2.70802157945078e-06,5.0143172091763e-06,1.60245363643103e-06,1.87537413600478e-06,1.90243991977671e-06,0,0
3.074,0,0,0,0,0,0,5.87388427505738e-06,2.70802157945078e-06,5.0143172091763e-06,1.60245363643103e-06,1.87537413600478e-06,1.90243991977671e-06,0,0
3.075,0,0,0,0,0,0,5.87388427505738e-06,2.70802157945078e-06,5.0143172091763e-06,1.60245363643103e-06,1.87537413600478e-06,1.90243991977671e-06,0,0
3.076,0,0,0,0,0,0,5.87388427505738e-06,2.70802157945078e-06,5.0143172091763e-06,1.60245363643103e-06,1.87537413600478e-06,1.90243991977671e-06,0,0
3.077,0,0,0,0,0,0,5.87388427505738e-06,2.70802157945078e-06,5.0143172091763e-06,1.60245363643103e-06,1.87537413600478e-06,1.90243991977671e-06,0,0
3.078,0,0,0,0,0,0,5.87388427505738e-06,2.70802157945078e-06,5.0143172091763e-06,1.60245363643103e-06,1.87537413600478e-06,1.90243991977671e-06,0,0
3.079,0,0,0,0,0,0,5.87388427505738e-06,2.70802157945078e-06,5.0143172091763e-06,1.60245363643103e-06,1.87537413600478e-06,1.90243991977671e-06,0,0
3.08,0,0,0,0,0,0,5.87388427505738e-06,2.70802157945078e-06,5.0143172091763e-06,1.60245363643103e-06,1.87537413600478e-06,1.90243991977671e-06,0,0
3.081,0,0,0,0,0,0,5.87388427505738e-06,2.70802157945078e-06,5.0143172091763e-06,1.60245363643103e-06,1.87537413600478e-06,1.90243991977671e-06,0,0
3.082,0,0,0,0,0,0,5.87388427505738e-06,2.70802157945078e-06,5.0143172091763e-06,1.60245363643103e-06,1.87537413600478e-06,1.90243991977671e-06,0,0
3.083,0,0,0,0,0,0,5.87388427505738e-06,2.70802157945078e-06,5.0143172091763e-06,1.60245363643103e-06,1.87537413600478e-06,1.90243991977671e-06,0,0
3.084,0,0,0,0,0,0,5.87388427505738e-06,2.70802157945078e-06,5.0143172091763e-06,1.60245363643103e-06,1.87537413600478e-06,1.90243991977671e-06,0,0
3.085,0,0,0,0,0,0,5.87388427505738e-06,2.70802157945078e-06,5.0143172091763e-06,1.60245363643103e-06,1.87537413600478e-06,1.90243991977671e-06,0,0
3.086,0,0,0,0,0,0,5.87388427505738e-06,2.70802157945078e-06,5.0143172091763e-06,1.60245363643103e-06,1.87537413600478e-06,1.90243991977671e-06,0,0
3.087,0,0,0,0,0,0,5.87388427505738e-06,2.70802157945078e-06,5.0143172091763e-06,1.60245363643103e-06,1.87537413600478e-06,1.90243991977671e-06,0,0
3.088,0,0,0,0,0,0,5.87388427505738e-06,2.70802157945078e-06,5.0143172091763e-06,1.60245363643103e-06,1.87537413600478e-06,1.90243991977671e-06,0,0
3.089,0,0,0,0,0,0,5.87388427505738e-06,2.70802157945078e-06,5.0143172091763e-06,1.60245363643103e-06,1.87537413600478e-06,1.90243991977671e-06,0,0
3.09,0,0,0,0,0,0,5.87388427505738e-06,2.70802157945078e-06,5.0143172091763e-06,1.60245363643103e-06,1.87537413600478e-06,1.90243991977671e-06,0,0
3.091,0,0,0,0,0,0,5.87388427505738e-06,2.70802157945078e-06,5.0143172091763e-06,1.60245363643103e-06,1.87537413600478e-06,1.90243991977671e-06,0,0
3.092,0,0,0,0,0,0,5.87388427505738e-06,2.70802157945078e-06,5.0143172091763e-06,1.60245363643103e-06,1.87537413600478e-06,1.90243991977671e-06,0,0
3.093,0,0,0,0,0,0,5.87388427505738e-06,2.70802157945078e-06,5.0143172091763e-06,1.60245363643103e-06,1.87537413600478e-06,1.90243991977671e-06,0,0
3.094,0,0,0,0,0,0,5.87388427505738e-06,2.70802157945078e-06,5.0143172091763e-06,1.60245363643103e-06,1.87537413600478e-06,1.90243991977671e-06,0,0
3.095,0,0,0,0,0,0,5.87388427505738e-06,2.70802157945078e-06,5.0143172091763e-06,1.60245363643103e-06,1.87537413600478e-06,1.90243991977671e-06,0,0
3.096,0,0,0,0,0,0,5.87388427505738e-06,2.70802157945078e-06,5.0143172091763e-06,1.60245363643103e-06,1.87537413600478e-06,1.90243991977671e-06,0,0
3.097,0,0,0,0,0,0,5.87388427505738e-06,2.70802157945078e-06,5.0143172091763e-06,1.60245363643103e-06,1.87537413600478e-06,1.90243991977671e-06,0,0
3.098,0,0,0,0,0,0,5.87388427505738e-06,2.70802157945078e-06,5.0143172091763e-06,1.60245363643103e-06,1.87537413600478e-06,1.90243991977671e-06,0,0
3.099,0,0,0,0,0,0,5.87388427505738e-06,2.70802157945078e-06,5.0143172091763e-06,1.60245363643103e-06,1.87537413600478e-06,1.90243991977671e-06,0,0
3.1,0,0,0,0,0,0,5.87388427505738e-06,2.70802157945078e-06,5.0143172091763e-06,1.60245363643103e-06,1.87537413600478e-06,1.90243991977671e-06,0,0
3.101,0,0,0,0,0,0,5.87388427505738e-06,2.70802157945078e-06,5.0143172091763e-06,1.60245363643103e-06,1.87537413600478e-06,1.90243991977671e-06,0,0
3.102,0,0,0,0,0,0,5.87388427505738e-06,2.70802157945078e-06,5.0143172091763e-06,1.60245363643103e-06,1.87537413600478e-06,1.90243991977671e-06,0,0
3.103,0,0,0,0,0,0,5.87388427505738e-06,2.70802157945078e-06,5.0143172091763e-06,1.60245363643103e-06,1.87537413600478e-06,1.90243991977671e-06,0,0
3.104,0,0,0,0,0,0,5.87388427505738e-06,2.70802157945078e-06,5.0143172091763e-06,1.60245363643103e-06,1.87537413600478e-06,1.90243991977671e-06,0,0
3.105,0,0,0,0,0,0,5.87388427505738e-06,2.70802157945078e-06,5.0143172091763e-06,1.60245363643103e-06,1.87537413600478e-06,1.90243991977671e-06,0,0
3.106,0,0,0,0,0,0,5.87388427505738e-06,2.70802157945078e-06,5.0143172091763e-06,1.60245363643103e-06,1.87537413600478e-06,1.90243991977671e-06,0,0
3.107,0,0,0,0,0,0,5.87388427505738e-06,2.70802157945078e-06,5.0143172091763e-06,1.60245363643103e-06,1.87537413600478e-06,1.90243991977671e-06,0,0
3.108,0,0,0,0,0,0,5.87388427505738e-06,2.70802157945078e-06,5.0143172091763e-06,1.60245363643103e-06,1.87537413600478e-06,1.90243991977671e-06,0,0
3.109,0,0,0,0,0,0,5.87388427505738e-06,2.70802157945078e-06,5.0143172091763e-06,1.60245363643103e-06,1.87537413600478e-06,1.90243991977671e-06,0,0
3.11,0,0,0,0,0,0,5.87388427505738e-06,2.70802157945078e-06,5.0143172091763e-06,1.60245363643103e-06,1.87537413600478e-06,1.90243991977671e-06,0,0
3.111,0,0,0,0,0,0,5.87388427505738e-06,2.70802157945078e-06,5.0143172091763e-06,1.60245363643103e-06,1.87537413600478e-06,1.90243991977671e-06,0,0
3.112,0,0,0,0,0,0,5.87388427505738e-06,2.70802157945078e-06,5.0143172091763e-06,1.60245363643103e-06,1.87537413600478e-06,1.90243991977671e-06,0,0
3.113,0,0,0,0,0,0,5.87388427505738e-06,2.70802157945078e-06,5.0143172091763e-06,1.60245363643103e-06,1.87537413600478e-06,1.90243991977671e-06,0,0
3.114,0,0,0,0,0,0,5.87388427505738e-06,2.70802157945078e-06,5.0143172091763e-06,1.60245363643103e-06,1.87537413600478e-06,1.90243991977671e-06,0,0
3.115,0,0,0,0,0,0,5.87388427505738e-06,2.70802157945078e-06,5.0143172091763e-06,1.60245363643103e-06,1.87537413600478e-06,1.90243991977671e-06,0,0
3.116,0,0,0,0,0,0,5.87388427505738e-06,2.70802157945078e-06,5.0143172091763e-06,1.60245363643103e-06,1.87537413600478e-06,1.90243991977671e-06,0,0
3.117,0,0,0,0,0,0,5.87388427505738e-06,2.70802157945078e-06,5.0143172091763e-06,1.60245363643103e-06,1.87537413600478e-06,1.90243991977671e-06,0,0
3.118,0,0,0,0,0,0,5.87388427505738e-06,2.70802157945078e-06,5.0143172091763e-06,1.60245363643103e-06,1.87537413600478e-06,1.90243991977671e-06,0,0
3.119,0,0,0,0,0,0,5.87388427505738e-06,2.70802157945078e-06,5.0143172091763e-06,1.60245363643103e-06,1.87537413600478e-06,1.90243991977671e-06,0,0
3.12,0,0,0,0,0,0,5.87388427505738e-06,2.70802157945078e-06,5.0143172091763e-06,1.60245363643103e-06,1.87537413600478e-06,1.90243991977671e-06,0,0
3.121,0,0,0,0,0,0,5.87388427505738e-06,2.70802157945078e-06,5.0143172091763e-06,1.60245363643103e-06,1.87537413600478e-06,1.90243991977671e-06,0,0
3.122,0,0,0,0,0,0,5.87388427505738e-06,2.70802157945078e-06,5.0143172091763e-06,1.60245363643103e-06,1.87537413600478e-06,1.90243991977671e-06,0,0
3.123,0,0,0,0,0,0,5.87388427505738e-06,2.70802157945078e-06,5.0143172091763e-06,1.60245363643103e-06,1.87537413600478e-06,1.90243991977671e-06,0,0
3.124,0,0,0,0,0,0,5.87388427505738e-06,2.70802157945078e-06,5.0143172091763e-06,1.60245363643103e-06,1.87537413600478e-06,1.90243991977671e-06,0,0
3.125,0,0,0,0,0,0,5.87388427505738e-06,2.70802157945078e-06,5.0143172091763e-06,1.60245363643103e-06,1.87537413600478e-06,1.90243991977671e-06,0,0
3.126,0,0,0,0,0,0,5.87388427505738e-06,2.70802157945078e-06,5.0143172091763e-06,1.60245363643103e-06,1.87537413600478e-06,1.90243991977671e-06,0,0
3.127,0,0,0,0,0,0,5.87388427505738e-06,2.70802157945078e-06,5.0143172091763e-06,1.60245363643103e-06,1.87537413600478e-06,1.90243991977671e-06,0,0
3.128,0,0,0,0,0,0,5.87388427505738e-06,2.70802157945078e-06,5.0143172091763e-06,1.60245363643103e-06,1.87537413600478e-06,1.90243991977671e-06,0,0
3.129,0,0,0,0,0,0,5.87388427505738e-06,2.70802157945078e-06,5.0143172091763e-06,1.60245363643103e-06,1.87537413600478e-06,1.90243991977671e-06,0,0
3.13,0,0,0,0,0,0,5.87388427505738e-06,2.70802157945078e-06,5.0143172091763e-06,1.60245363643103e-06,1.87537413600478e-06,1.90243991977671e-06,0,0
3.131,0,0,0,0,0,0,5.87388427505738e-06,2.70802157945078e-06,5.0143172091763e-06,1.60245363643103e-06,1.87537413600478e-06,1.90243991977671e-06,0,0
3.132,0,0,0,0,0,0,5.87388427505738e-06,2.70802157945078e-06,5.0143172091763e-06,1.60245363643103e-06,1.87537413600478e-06,1.90243991977671e-06,0,0
3.133,0,0,0,0,0,0,5.87388427505738e-06,2.70802157945078e-06,5.0143172091763e-06,1.60245363643103e-06,1.87537413600478e-06,1.90243991977671e-06,0,0
3.134,0,0,0,0,0,0,5.87388427505738e-06,2.70802157945078e-06,5.0143172091763e-06,1.60245363643103e-06,1.87537413600478e-06,1.90243991977671e-06,0,0
3.135,0,0,0,0,0,0,5.87388427505738e-06,2.70802157945078e-06,5.0143172091763e-06,1.60245363643103e-06,1.87537413600478e-06,1.90243991977671e-06,0,0
3.136,0,0,0,0,0,0,5.87388427505738e-06,2.70802157945078e-06,5.0143172091763e-06,1.60245363643103e-06,1.87537413600478e-06,1.90243991977671e-06,0,0
3.137,0,0,0,0,0,0,5.87388427505738e-06,2.70802157945078e-06,5.0143172091763e-06,1.60245363643103e-06,1.87537413600478e-06,1.90243991977671e-06,0,0
3.138,0,0,0,0,0,0,5.87388427505738e-06,2.70802157945078e-06,5.0143172091763e-06,1.60245363643103e-06,1.87537413600478e-06,1.90243991977671e-06,0,0
3.139,0,0,0,0,0,0,5.87388427505738e-06,2.70802157945078e-06,5.0143172091763e-06,1.60245363643103e-06,1.87537413600478e-06,1.90243991977671e-06,0,0
3.14,0,0,0,0,0,0,5.87388427505738e-06,2.70802157945078e-06,5.0143172091763e-06,1.60245363643103e-06,1.87537413600478e-06,1.90243991977671e-06,0,0
3.141,0,0,0,0,0,0,5.87388427505738e-06,2.70802157945078e-06,5.0143172091763e-06,1.60245363643103e-06,1.87537413600478e-06,1.90243991977671e-06,0,0
3.142,0,0,0,0,0,0,5.87388427505738e-06,2.70802157945078e-06,5.0143172091763e-06,1.60245363643103e-06,1.87537413600478e-06,1.90243991977671e-06,0,0
3.143,0,0,0,0,0,0,5.87388427505738e-06,2.70802157945078e-06,5.0143172091763e-06,1.60245363643103e-06,1.87537413600478e-06,1.90243991977671e-06,0,0
3.144,0,0,0,0,0,0,5.87388427505738e-06,2.70802157945078e-06,5.0143172091763e-06,1.60245363643103e-06,1.87537413600478e-06,1.90243991977671e-06,0,0
3.145,0,0,0,0,0,0,5.87388427505738e-06,2.70802157945078e-06,5.0143172091763e-06,1.60245363643103e-06,1.87537413600478e-06,1.90243991977671e-06,0,0
3.146,0,0,0,0,0,0,5.87388427505738e-06,2.70802157945078e-06,5.0143172091763e-06,1.60245363643103e-06,1.87537413600478e-06,1.90243991977671e-06,0,0
3.147,0,0,0,0,0,0,5.87388427505738e-06,2.70802157945078e-06,5.0143172091763e-06,1.60245363643103e-06,1.87537413600478e-06,1.90243991977671e-06,0,0
3.148,0,0,0,0,0,0,5.87388427505738e-06,2.70802157945078e-06,5.0143172091763e-06,1.60245363643103e-06,1.87537413600478e-06,1.90243991977671e-06,0,0
3.149,0,0,0,0,0,0,5.87388427505738e-06,2.70802157945078e-06,5.0143172091763e-06,1.60245363643103e-06,1.87537413600478e-06,1.90243991977671e-06,0,0
3.15,0,0,0,0,0,0,5.87388427505738e-06,2.70802157945078e-06,5.0143172091763e-06,1.60245363643103e-06,1.87537413600478e-06,1.90243991977671e-06,0,0
3.151,0,0,0,0,0,0,5.87388427505738e-06,2.70802157945078e-06,5.0143172091763e-06,1.60245363643103e-06,1.87537413600478e-06,1.90243991977671e-06,0,0
3.152,0,0,0,0,0,0,5.87388427505738e-06,2.70802157945078e-06,5.0143172091763e-06,1.60245363643103e-06,1.87537413600478e-06,1.90243991977671e-06,0,0
3.153,0,0,0,0,0,0,5.87388427505738e-06,2.70802157945078e-06,5.0143172091763e-06,1.60245363643103e-06,1.87537413600478e-06,1.90243991977671e-06,0,0
3.154,0,0,0,0,0,0,5.87388427505738e-06,2.70802157945078e-06,5.0143172091763e-06,1.60245363643103e-06,1.87537413600478e-06,1.90243991977671e-06,0,0
3.155,0,0,0,0,0,0,5.87388427505738e-06,2.70802157945078e-06,5.0143172091763e-06,1.60245363643103e-06,1.87537413600478e-06,1.90243991977671e-06,0,0
3.156,0,0,0,0,0,0,5.87388427505738e-06,2.70802157945078e-06,5.0143172091763e-06,1.60245363643103e-06,1.87537413600478e-06,1.90243991977671e-06,0,0
3.157,0,0,0,0,0,0,5.87388427505738e-06,2.70802157945078e-06,5.0143172091763e-06,1.60245363643103e-06,1.87537413600478e-06,1.90243991977671e-06,0,0
3.158,0,0,0,0,0,0,5.87388427505738e-06,2.70802157945078e-06,5.0143172091763e-06,1.60245363643103e-06,1.87537413600478e-06,1.90243991977671e-06,0,0
3.159,0,0,0,0,0,0,5.87388427505738e-06,2.70802157945078e-06,5.0143172091763e-06,1.60245363643103e-06,1.87537413600478e-06,1.90243991977671e-06,0,0
3.16,0,0,0,0,0,0,5.87388427505738e-06,2.70802157945078e-06,5.0143172091763e-06,1.60245363643103e-06,1.87537413600478e-06,1.90243991977671e-06,0,0
3.161,0,0,0,0,0,0,5.87388427505738e-06,2.70802157945078e-06,5.0143172091763e-06,1.60245363643103e-06,1.87537413600478e-06,1.90243991977671e-06,0,0
3.162,0,0,0,0,0,0,5.87388427505738e-06,2.70802157945078e-06,5.0143172091763e-06,1.60245363643103e-06,1.87537413600478e-06,1.90243991977671e-06,0,0
3.163,0,0,0,0,0,0,5.87388427505738e-06,2.70802157945078e-06,5.0143172091763e-06,1.60245363643103e-06,1.87537413600478e-06,1.90243991977671e-06,0,0
3.164,0,0,0,0,0,0,5.87388427505738e-06,2.70802157945078e-06,5.0143172091763e-06,1.60245363643103e-06,1.87537413600478e-06,1.90243991977671e-06,0,0
3.165,0,0,0,0,0,0,5.87388427505738e-06,2.70802157945078e-06,5.0143172091763e-06,1.60245363643103e-06,1.87537413600478e-06,1.90243991977671e-06,0,0
3.166,0,0,0,0,0,0,5.87388427505738e-06,2.70802157945078e-06,5.0143172091763e-06,1.60245363643103e-06,1.87537413600478e-06,1.90243991977671e-06,0,0
3.167,0,0,0,0,0,0,5.87388427505738e-06,2.70802157945078e-06,5.0143172091763e-06,1.60245363643103e-06,1.87537413600478e-06,1.90243991977671e-06,0,0
3.168,0,0,0,0,0,0,5.87388427505738e-06,2.70802157945078e-06,5.0143172091763e-06,1.60245363643103e-06,1.87537413600478e-06,1.90243991977671e-06,0,0
3.169,0,0,0,0,0,0,5.87388427505738e-06,2.70802157945078e-06,5.0143172091763e-06,1.60245363643103e-06,1.87537413600478e-06,1.90243991977671e-06,0,0
3.17,0,0,0,0,0,0,5.87388427505738e-06,2.70802157945078e-06,5.0143172091763e-06,1.60245363643103e-06,1.87537413600478e-06,1.90243991977671e-06,0,0
3.171,0,0,0,0,0,0,5.87388427505738e-06,2.70802157945078e-06,5.0143172091763e-06,1.60245363643103e-06,1.87537413600478e-06,1.90243991977671e-06,0,0
3.172,0,0,0,0,0,0,5.87388427505738e-06,2.70802157945078e-06,5.0143172091763e-06,1.60245363643103e-06,1.87537413600478e-06,1.90243991977671e-06,0,0
3.173,0,0,0,0,0,0,5.87388427505738e-06,2.70802157945078e-06,5.0143172091763e-06,1.60245363643103e-06,1.87537413600478e-06,1.90243991977671e-06,0,0
3.174,0,0,0,0,0,0,5.87388427505738e-06,2.70802157945078e-06,5.0143172091763e-06,1.60245363643103e-06,1.87537413600478e-06,1.90243991977671e-06,0,0
3.175,0,0,0,0,0,0,5.87388427505738e-06,2.70802157945078e-06,5.0143172091763e-06,1.60245363643103e-06,1.87537413600478e-06,1.90243991977671e-06,0,0
3.176,0,0,0,0,0,0,5.87388427505738e-06,2.70802157945078e-06,5.0143172091763e-06,1.60245363643103e-06,1.87537413600478e-06,1.90243991977671e-06,0,0
3.177,0,0,0,0,0,0,5.87388427505738e-06,2.70802157945078e-06,5.0143172091763e-06,1.60245363643103e-06,1.87537413600478e-06,1.90243991977671e-06,0,0
3.178,0,0,0,0,0,0,5.87388427505738e-06,2.70802157945078e-06,5.0143172091763e-06,1.60245363643103e-06,1.87537413600478e-06,1.90243991977671e-06,0,0
3.179,0,0,0,0,0,0,5.87388427505738e-06,2.70802157945078e-06,5.0143172091763e-06,1.60245363643103e-06,1.87537413600478e-06,1.90243991977671e-06,0,0
3.18,0,0,0,0,0,0,5.87388427505738e-06,2.70802157945078e-06,5.0143172091763e-06,1.60245363643103e-06,1.87537413600478e-06,1.90243991977671e-06,0,0
3.181,0,0,0,0,0,0,5.87388427505738e-06,2.70802157945078e-06,5.0143172091763e-06,1.60245363643103e-06,1.87537413600478e-06,1.90243991977671e-06,0,0
3.182,0,0,0,0,0,0,5.87388427505738e-06,2.70802157945078e-06,5.0143172091763e-06,1.60245363643103e-06,1.87537413600478e-06,1.90243991977671e-06,0,0
3.183,0,0,0,0,0,0,5.87388427505738e-06,2.70802157945078e-06,5.0143172091763e-06,1.60245363643103e-06,1.87537413600478e-06,1.90243991977671e-06,0,0
3.184,0,0,0,0,0,0,5.87388427505738e-06,2.70802157945078e-06,5.0143172091763e-06,1.60245363643103e-06,1.87537413600478e-06,1.90243991977671e-06,0,0
3.185,0,0,0,0,0,0,5.87388427505738e-06,2.70802157945078e-06,5.0143172091763e-06,1.60245363643103e-06,1.87537413600478e-06,1.90243991977671e-06,0,0
3.186,0,0,0,0,0,0,5.87388427505738e-06,2.70802157945078e-06,5.0143172091763e-06,1.60245363643103e-06,1.87537413600478e-06,1.90243991977671e-06,0,0
3.187,0,0,0,0,0,0,5.87388427505738e-06,2.70802157945078e-06,5.0143172091763e-06,1.60245363643103e-06,1.87537413600478e-06,1.90243991977671e-06,0,0
3.188,0,0,0,0,0,0,5.87388427505738e-06,2.70802157945078e-06,5.0143172091763e-06,1.60245363643103e-06,1.87537413600478e-06,1.90243991977671e-06,0,0
3.189,0,0,0,0,0,0,5.87388427505738e-06,2.70802157945078e-06,5.0143172091763e-06,1.60245363643103e-06,1.87537413600478e-06,1.90243991977671e-06,0,0
3.19,0,0,0,0,0,0,5.87388427505738e-06,2.70802157945078e-06,5.0143172091763e-06,1.60245363643103e-06,1.87537413600478e-06,1.90243991977671e-06,0,0
3.191,0,0,0,0,0,0,5.87388427505738e-06,2.70802157945078e-06,5.0143172091763e-06,1.60245363643103e-06,1.87537413600478e-06,1.90243991977671e-06,0,0
3.192,0,0,0,0,0,0,5.87388427505738e-06,2.70802157945078e-06,5.0143172091763e-06,1.60245363643103e-06,1.87537413600478e-06,1.90243991977671e-06,0,0
3.193,0,0,0,0,0,0,5.87388427505738e-06,2.70802157945078e-06,5.0143172091763e-06,1.60245363643103e-06,1.87537413600478e-06,1.90243991977671e-06,0,0
3.194,0,0,0,0,0,0,5.87388427505738e-06,2.70802157945078e-06,5.0143172091763e-06,1.60245363643103e-06,1.87537413600478e-06,1.90243991977671e-06,0,0
3.195,0,0,0,0,0,0,5.87388427505738e-06,2.70802157945078e-06,5.0143172091763e-06,1.60245363643103e-06,1.87537413600478e-06,1.90243991977671e-06,0,0
3.196,0,0,0,0,0,0,5.87388427505738e-06,2.70802157945078e-06,5.0143172091763e-06,1.60245363643103e-06,1.87537413600478e-06,1.90243991977671e-06,0,0
3.197,0,0,0,0,0,0,5.87388427505738e-06,2.70802157945078e-06,5.0143172091763e-06,1.60245363643103e-06,1.87537413600478e-06,1.90243991977671e-06,0,0
3.198,0,0,0,0,0,0,5.87388427505738e-06,2.70802157945078e-06,5.0143172091763e-06,1.60245363643103e-06,1.87537413600478e-06,1.90243991977671e-06,0,0
3.199,0,0,0,0,0,0,5.87388427505738e-06,2.70802157945078e-06,5.0143172091763e-06,1.60245363643103e-06,1.87537413600478e-06,1.90243991977671e-06,0,0
3.2,0,0,0,0,0,0,5.87388427505738e-06,2.70802157945078e-06,5.0143172091763e-06,1.60245363643103e-06,1.87537413600478e-06,1.90243991977671e-06,0,0
3.201,0,0,0,0,0,0,5.87388427505738e-06,2.70802157945078e-06,5.0143172091763e-06,1.60245363643103e-06,1.87537413600478e-06,1.90243991977671e-06,0,0
3.202,0,0,0,0,0,0,5.87388427505738e-06,2.70802157945078e-06,5.0143172091763e-06,1.60245363643103e-06,1.87537413600478e-06,1.90243991977671e-06,0,0
3.203,0,0,0,0,0,0,5.87388427505738e-06,2.70802157945078e-06,5.0143172091763e-06,1.60245363643103e-06,1.87537413600478e-06,1.90243991977671e-06,0,0
3.204,0,0,0,0,0,0,5.87388427505738e-06,2.70802157945078e-06,5.0143172091763e-06,1.60245363643103e-06,1.87537413600478e-06,1.90243991977671e-06,0,0
3.205,0,0,0,0,0,0,5.87388427505738e-06,2.70802157945078e-06,5.0143172091763e-06,1.60245363643103e-06,1.87537413600478e-06,1.90243991977671e-06,0,0
3.206,0,0,0,0,0,0,5.87388427505738e-06,2.70802157945078e-06,5.0143172091763e-06,1.60245363643103e-06,1.87537413600478e-06,1.90243991977671e-06,0,0
3.207,0,0,0,0,0,0,5.87388427505738e-06,2.70802157945078e-06,5.0143172091763e-06,1.60245363643103e-06,1.87537413600478e-06,1.90243991977671e-06,0,0
3.208,0,0,0,0,0,0,5.87388427505738e-06,2.70802157945078e-06,5.0143172091763e-06,1.60245363643103e-06,1.87537413600478e-06,1.90243991977671e-06,0,0
3.209,0,0,0,0,0,0,5.87388427505738e-06,2.70802157945078e-06,5.0143172091763e-06,1.60245363643103e-06,1.87537413600478e-06,1.90243991977671e-06,0,0
3.21,0,0,0,0,0,0,5.87388427505738e-06,2.70802157945078e-06,5.0143172091763e-06,1.60245363643103e-06,1.87537413600478e-06,1.90243991977671e-06,0,0
3.211,0,0,0,0,0,0,5.87388427505738e-06,2.70802157945078e-06,5.0143172091763e-06,1.60245363643103e-06,1.87537413600478e-06,1.90243991977671e-06,0,0
3.212,0,0,0,0,0,0,5.87388427505738e-06,2.70802157945078e-06,5.0143172091763e-06,1.60245363643103e-06,1.87537413600478e-06,1.90243991977671e-06,0,0
3.213,0,0,0,0,0,0,5.87388427505738e-06,2.70802157945078e-06,5.0143172091763e-06,1.60245363643103e-06,1.87537413600478e-06,1.90243991977671e-06,0,0
3.214,0,0,0,0,0,0,5.87388427505738e-06,2.70802157945078e-06,5.0143172091763e-06,1.60245363643103e-06,1.87537413600478e-06,1.90243991977671e-06,0,0
3.215,0,0,0,0,0,0,5.87388427505738e-06,2.70802157945078e-06,5.0143172091763e-06,1.60245363643103e-06,1.87537413600478e-06,1.90243991977671e-06,0,0
3.216,0,0,0,0,0,0,5.87388427505738e-06,2.70802157945078e-06,5.0143172091763e-06,1.60245363643103e-06,1.87537413600478e-06,1.90243991977671e-06,0,0
3.217,0,0,0,0,0,0,5.87388427505738e-06,2.70802157945078e-06,5.0143172091763e-06,1.60245363643103e-06,1.87537413600478e-06,1.90243991977671e-06,0,0
3.218,0,0,0,0,0,0,5.87388427505738e-06,2.70802157945078e-06,5.0143172091763e-06,1.60245363643103e-06,1.87537413600478e-06,1.90243991977671e-06,0,0
3.219,0,0,0,0,0,0,5.87388427505738e-06,2.70802157945078e-06,5.0143172091763e-06,1.60245363643103e-06,1.87537413600478e-06,1.90243991977671e-06,0,0
3.22,0,0,0,0,0,0,5.87388427505738e-06,2.70802157945078e-06,5.0143172091763e-06,1.60245363643103e-06,1.87537413600478e-06,1.90243991977671e-06,0,0
3.221,0,0,0,0,0,0,5.87388427505738e-06,2.70802157945078e-06,5.0143172091763e-06,1.60245363643103e-06,1.87537413600478e-06,1.90243991977671e-06,0,0
3.222,0,0,0,0,0,0,5.87388427505738e-06,2.70802157945078e-06,5.0143172091763e-06,1.60245363643103e-06,1.87537413600478e-06,1.90243991977671e-06,0,0
3.223,0,0,0,0,0,0,5.87388427505738e-06,2.70802157945078e-06,5.0143172091763e-06,1.60245363643103e-06,1.87537413600478e-06,1.90243991977671e-06,0,0
3.224,0,0,0,0,0,0,5.87388427505738e-06,2.70802157945078e-06,5.0143172091763e-06,1.60245363643103e-06,1.87537413600478e-06,1.90243991977671e-06,0,0
3.225,0,0,0,0,0,0,5.87388427505738e-06,2.70802157945078e-06,5.0143172091763e-06,1.60245363643103e-06,1.87537413600478e-06,1.90243991977671e-06,0,0
3.226,0,0,0,0,0,0,5.87388427505738e-06,2.70802157945078e-06,5.0143172091763e-06,1.60245363643103e-06,1.87537413600478e-06,1.90243991977671e-06,0,0
3.227,0,0,0,0,0,0,5.87388427505738e-06,2.70802157945078e-06,5.0143172091763e-06,1.60245363643103e-06,1.87537413600478e-06,1.90243991977671e-06,0,0
3.228,0,0,0,0,0,0,5.87388427505738e-06,2.70802157945078e-06,5.0143172091763e-06,1.60245363643103e-06,1.87537413600478e-06,1.90243991977671e-06,0,0
3.229,0,0,0,0,0,0,5.87388427505738e-06,2.70802157945078e-06,5.0143172091763e-06,1.60245363643103e-06,1.87537413600478e-06,1.90243991977671e-06,0,0
3.23,0,0,0,0,0,0,5.87388427505738e-06,2.70802157945078e-06,5.0143172091763e-06,1.60245363643103e-06,1.87537413600478e-06,1.90243991977671e-06,0,0
3.231,0,0,0,0,0,0,5.87388427505738e-06,2.70802157945078e-06,5.0143172091763e-06,1.60245363643103e-06,1.87537413600478e-06,1.90243991977671e-06,0,0
3.232,0,0,0,0,0,0,5.87388427505738e-06,2.70802157945078e-06,5.0143172091763e-06,1.60245363643103e-06,1.87537413600478e-06,1.90243991977671e-06,0,0
3.233,0,0,0,0,0,0,5.87388427505738e-06,2.70802157945078e-06,5.0143172091763e-06,1.60245363643103e-06,1.87537413600478e-06,1.90243991977671e-06,0,0
3.234,0,0,0,0,0,0,5.87388427505738e-06,2.70802157945078e-06,5.0143172091763e-06,1.60245363643103e-06,1.87537413600478e-06,1.90243991977671e-06,0,0
3.235,0,0,0,0,0,0,5.87388427505738e-06,2.70802157945078e-06,5.0143172091763e-06,1.60245363643103e-06,1.87537413600478e-06,1.90243991977671e-06,0,0
3.236,0,0,0,0,0,0,5.87388427505738e-06,2.70802157945078e-06,5.0143172091763e-06,1.60245363643103e-06,1.87537413600478e-06,1.90243991977671e-06,0,0
3.237,0,0,0,0,0,0,5.87388427505738e-06,2.70802157945078e-06,5.0143172091763e-06,1.60245363643103e-06,1.87537413600478e-06,1.90243991977671e-06,0,0
3.238,0,0,0,0,0,0,5.87388427505738e-06,2.70802157945078e-06,5.0143172091763e-06,1.60245363643103e-06,1.87537413600478e-06,1.90243991977671e-06,0,0
3.239,0,0,0,0,0,0,5.87388427505738e-06,2.70802157945078e-06,5.0143172091763e-06,1.60245363643103e-06,1.87537413600478e-06,1.90243991977671e-06,0,0
3.24,0,0,0,0,0,0,5.87388427505738e-06,2.70802157945078e-06,5.0143172091763e-06,1.60245363643103e-06,1.87537413600478e-06,1.90243991977671e-06,0,0
3.241,0,0,0,0,0,0,5.87388427505738e-06,2.70802157945078e-06,5.0143172091763e-06,1.60245363643103e-06,1.87537413600478e-06,1.90243991977671e-06,0,0
3.242,0,0,0,0,0,0,5.87388427505738e-06,2.70802157945078e-06,5.0143172091763e-06,1.60245363643103e-06,1.87537413600478e-06,1.90243991977671e-06,0,0
3.243,0,0,0,0,0,0,5.87388427505738e-06,2.70802157945078e-06,5.0143172091763e-06,1.60245363643103e-06,1.87537413600478e-06,1.90243991977671e-06,0,0
3.244,0,0,0,0,0,0,5.87388427505738e-06,2.70802157945078e-06,5.0143172091763e-06,1.60245363643103e-06,1.87537413600478e-06,1.90243991977671e-06,0,0
3.245,0,0,0,0,0,0,5.87388427505738e-06,2.70802157945078e-06,5.0143172091763e-06,1.60245363643103e-06,1.87537413600478e-06,1.90243991977671e-06,0,0
3.246,0,0,0,0,0,0,5.87388427505738e-06,2.70802157945078e-06,5.0143172091763e-06,1.60245363643103e-06,1.87537413600478e-06,1.90243991977671e-06,0,0
3.247,0,0,0,0,0,0,5.87388427505738e-06,2.70802157945078e-06,5.0143172091763e-06,1.60245363643103e-06,1.87537413600478e-06,1.90243991977671e-06,0,0
3.248,0,0,0,0,0,0,5.87388427505738e-06,2.70802157945078e-06,5.0143172091763e-06,1.60245363643103e-06,1.87537413600478e-06,1.90243991977671e-06,0,0
3.249,0,0,0,0,0,0,5.87388427505738e-06,2.70802157945078e-06,5.0143172091763e-06,1.60245363643103e-06,1.87537413600478e-06,1.90243991977671e-06,0,0
3.25,0,0,0,0,0,0,5.87388427505738e-06,2.70802157945078e-06,5.0143172091763e-06,1.60245363643103e-06,1.87537413600478e-06,1.90243991977671e-06,0,0
3.251,0,0,0,0,0,0,5.87388427505738e-06,2.70802157945078e-06,5.0143172091763e-06,1.60245363643103e-06,1.87537413600478e-06,1.90243991977671e-06,0,0
3.252,0,0,0,0,0,0,5.87388427505738e-06,2.70802157945078e-06,5.0143172091763e-06,1.60245363643103e-06,1.87537413600478e-06,1.90243991977671e-06,0,0
3.253,0,0,0,0,0,0,5.87388427505738e-06,2.70802157945078e-06,5.0143172091763e-06,1.60245363643103e-06,1.87537413600478e-06,1.90243991977671e-06,0,0
3.254,0,0,0,0,0,0,5.87388427505738e-06,2.70802157945078e-06,5.0143172091763e-06,1.60245363643103e-06,1.87537413600478e-06,1.90243991977671e-06,0,0
3.255,0,0,0,0,0,0,5.87388427505738e-06,2.70802157945078e-06,5.0143172091763e-06,1.60245363643103e-06,1.87537413600478e-06,1.90243991977671e-06,0,0
3.256,0,0,0,0,0,0,5.87388427505738e-06,2.70802157945078e-06,5.0143172091763e-06,1.60245363643103e-06,1.87537413600478e-06,1.90243991977671e-06,0,0
3.257,0,0,0,0,0,0,5.87388427505738e-06,2.70802157945078e-06,5.0143172091763e-06,1.60245363643103e-06,1.87537413600478e-06,1.90243991977671e-06,0,0
3.258,0,0,0,0,0,0,5.87388427505738e-06,2.70802157945078e-06,5.0143172091763e-06,1.60245363643103e-06,1.87537413600478e-06,1.90243991977671e-06,0,0
3.259,0,0,0,0,0,0,5.87388427505738e-06,2.70802157945078e-06,5.0143172091763e-06,1.60245363643103e-06,1.87537413600478e-06,1.90243991977671e-06,0,0
3.26,0,0,0,0,0,0,5.87388427505738e-06,2.70802157945078e-06,5.0143172091763e-06,1.60245363643103e-06,1.87537413600478e-06,1.90243991977671e-06,0,0
3.261,0,0,0,0,0,0,5.87388427505738e-06,2.70802157945078e-06,5.0143172091763e-06,1.60245363643103e-06,1.87537413600478e-06,1.90243991977671e-06,0,0
3.262,0,0,0,0,0,0,5.87388427505738e-06,2.70802157945078e-06,5.0143172091763e-06,1.60245363643103e-06,1.87537413600478e-06,1.90243991977671e-06,0,0
3.263,0,0,0,0,0,0,5.87388427505738e-06,2.70802157945078e-06,5.0143172091763e-06,1.60245363643103e-06,1.87537413600478e-06,1.90243991977671e-06,0,0
3.264,0,0,0,0,0,0,5.87388427505738e-06,2.70802157945078e-06,5.0143172091763e-06,1.60245363643103e-06,1.87537413600478e-06,1.90243991977671e-06,0,0
3.265,0,0,0,0,0,0,5.87388427505738e-06,2.70802157945078e-06,5.0143172091763e-06,1.60245363643103e-06,1.87537413600478e-06,1.90243991977671e-06,0,0
3.266,0,0,0,0,0,0,5.87388427505738e-06,2.70802157945078e-06,5.0143172091763e-06,1.60245363643103e-06,1.87537413600478e-06,1.90243991977671e-06,0,0
3.267,0,0,0,0,0,0,5.87388427505738e-06,2.70802157945078e-06,5.0143172091763e-06,1.60245363643103e-06,1.87537413600478e-06,1.90243991977671e-06,0,0
3.268,0,0,0,0,0,0,5.87388427505738e-06,2.70802157945078e-06,5.0143172091763e-06,1.60245363643103e-06,1.87537413600478e-06,1.90243991977671e-06,0,0
3.269,0,0,0,0,0,0,5.87388427505738e-06,2.70802157945078e-06,5.0143172091763e-06,1.60245363643103e-06,1.87537413600478e-06,1.90243991977671e-06,0,0
3.27,0,0,0,0,0,0,5.87388427505738e-06,2.70802157945078e-06,5.0143172091763e-06,1.60245363643103e-06,1.87537413600478e-06,1.90243991977671e-06,0,0
3.271,0,0,0,0,0,0,5.87388427505738e-06,2.70802157945078e-06,5.0143172091763e-06,1.60245363643103e-06,1.87537413600478e-06,1.90243991977671e-06,0,0
3.272,0,0,0,0,0,0,5.87388427505738e-06,2.70802157945078e-06,5.0143172091763e-06,1.60245363643103e-06,1.87537413600478e-06,1.90243991977671e-06,0,0
3.273,0,0,0,0,0,0,5.87388427505738e-06,2.70802157945078e-06,5.0143172091763e-06,1.60245363643103e-06,1.87537413600478e-06,1.90243991977671e-06,0,0
3.274,0,0,0,0,0,0,5.87388427505738e-06,2.70802157945078e-06,5.0143172091763e-06,1.60245363643103e-06,1.87537413600478e-06,1.90243991977671e-06,0,0
3.275,0,0,0,0,0,0,5.87388427505738e-06,2.70802157945078e-06,5.0143172091763e-06,1.60245363643103e-06,1.87537413600478e-06,1.90243991977671e-06,0,0
3.276,0,0,0,0,0,0,5.87388427505738e-06,2.70802157945078e-06,5.0143172091763e-06,1.60245363643103e-06,1.87537413600478e-06,1.90243991977671e-06,0,0
3.277,0,0,0,0,0,0,5.87388427505738e-06,2.70802157945078e-06,5.0143172091763e-06,1.60245363643103e-06,1.87537413600478e-06,1.90243991977671e-06,0,0
3.278,0,0,0,0,0,0,5.87388427505738e-06,2.70802157945078e-06,5.0143172091763e-06,1.60245363643103e-06,1.87537413600478e-06,1.90243991977671e-06,0,0
3.279,0,0,0,0,0,0,5.87388427505738e-06,2.70802157945078e-06,5.0143172091763e-06,1.60245363643103e-06,1.87537413600478e-06,1.90243991977671e-06,0,0
3.28,0,0,0,0,0,0,5.87388427505738e-06,2.70802157945078e-06,5.0143172091763e-06,1.60245363643103e-06,1.87537413600478e-06,1.90243991977671e-06,0,0
3.281,0,0,0,0,0,0,5.87388427505738e-06,2.70802157945078e-06,5.0143172091763e-06,1.60245363643103e-06,1.87537413600478e-06,1.90243991977671e-06,0,0
3.282,0,0,0,0,0,0,5.87388427505738e-06,2.70802157945078e-06,5.0143172091763e-06,1.60245363643103e-06,1.87537413600478e-06,1.90243991977671e-06,0,0
3.283,0,0,0,0,0,0,5.87388427505738e-06,2.70802157945078e-06,5.0143172091763e-06,1.60245363643103e-06,1.87537413600478e-06,1.90243991977671e-06,0,0
3.284,0,0,0,0,0,0,5.87388427505738e-06,2.70802157945078e-06,5.0143172091763e-06,1.60245363643103e-06,1.87537413600478e-06,1.90243991977671e-06,0,0
3.285,0,0,0,0,0,0,5.87388427505738e-06,2.70802157945078e-06,5.0143172091763e-06,1.60245363643103e-06,1.87537413600478e-06,1.90243991977671e-06,0,0
3.286,0,0,0,0,0,0,5.87388427505738e-06,2.70802157945078e-06,5.0143172091763e-06,1.60245363643103e-06,1.87537413600478e-06,1.90243991977671e-06,0,0
3.287,0,0,0,0,0,0,5.87388427505738e-06,2.70802157945078e-06,5.0143172091763e-06,1.60245363643103e-06,1.87537413600478e-06,1.90243991977671e-06,0,0
3.288,0,0,0,0,0,0,5.87388427505738e-06,2.70802157945078e-06,5.0143172091763e-06,1.60245363643103e-06,1.87537413600478e-06,1.90243991977671e-06,0,0
3.289,0,0,0,0,0,0,5.87388427505738e-06,2.70802157945078e-06,5.0143172091763e-06,1.60245363643103e-06,1.87537413600478e-06,1.90243991977671e-06,0,0
3.29,0,0,0,0,0,0,5.87388427505738e-06,2.70802157945078e-06,5.0143172091763e-06,1.60245363643103e-06,1.87537413600478e-06,1.90243991977671e-06,0,0
3.291,0,0,0,0,0,0,5.87388427505738e-06,2.70802157945078e-06,5.0143172091763e-06,1.60245363643103e-06,1.87537413600478e-06,1.90243991977671e-06,0,0
3.292,0,0,0,0,0,0,5.87388427505738e-06,2.70802157945078e-06,5.0143172091763e-06,1.60245363643103e-06,1.87537413600478e-06,1.90243991977671e-06,0,0
3.293,0,0,0,0,0,0,5.87388427505738e-06,2.70802157945078e-06,5.0143172091763e-06,1.60245363643103e-06,1.87537413600478e-06,1.90243991977671e-06,0,0
3.294,0,0,0,0,0,0,5.87388427505738e-06,2.70802157945078e-06,5.0143172091763e-06,1.60245363643103e-06,1.87537413600478e-06,1.90243991977671e-06,0,0
3.295,0,0,0,0,0,0,5.87388427505738e-06,2.70802157945078e-06,5.0143172091763e-06,1.60245363643103e-06,1.87537413600478e-06,1.90243991977671e-06,0,0
3.296,0,0,0,0,0,0,5.87388427505738e-06,2.70802157945078e-06,5.0143172091763e-06,1.60245363643103e-06,1.87537413600478e-06,1.90243991977671e-06,0,0
3.297,0,0,0,0,0,0,5.87388427505738e-06,2.70802157945078e-06,5.0143172091763e-06,1.60245363643103e-06,1.87537413600478e-06,1.90243991977671e-06,0,0
3.298,0,0,0,0,0,0,5.87388427505738e-06,2.70802157945078e-06,5.0143172091763e-06,1.60245363643103e-06,1.87537413600478e-06,1.90243991977671e-06,0,0
3.299,0,0,0,0,0,0,5.87388427505738e-06,2.70802157945078e-06,5.0143172091763e-06,1.60245363643103e-06,1.87537413600478e-06,1.90243991977671e-06,0,0
3.3,0,0,0,0,0,0,5.87388427505738e-06,2.70802157945078e-06,5.0143172091763e-06,1.60245363643103e-06,1.87537413600478e-06,1.90243991977671e-06,0,0
3.301,0,0,0,0,0,0,5.87388427505738e-06,2.70802157945078e-06,5.0143172091763e-06,1.60245363643103e-06,1.87537413600478e-06,1.90243991977671e-06,0,0
3.302,0,0,0,0,0,0,5.87388427505738e-06,2.70802157945078e-06,5.0143172091763e-06,1.60245363643103e-06,1.87537413600478e-06,1.90243991977671e-06,0,0
3.303,0,0,0,0,0,0,5.87388427505738e-06,2.70802157945078e-06,5.0143172091763e-06,1.60245363643103e-06,1.87537413600478e-06,1.90243991977671e-06,0,0
3.304,0,0,0,0,0,0,5.87388427505738e-06,2.70802157945078e-06,5.0143172091763e-06,1.60245363643103e-06,1.87537413600478e-06,1.90243991977671e-06,0,0
3.305,0,0,0,0,0,0,5.87388427505738e-06,2.70802157945078e-06,5.0143172091763e-06,1.60245363643103e-06,1.87537413600478e-06,1.90243991977671e-06,0,0
3.306,0,0,0,0,0,0,5.87388427505738e-06,2.70802157945078e-06,5.0143172091763e-06,1.60245363643103e-06,1.87537413600478e-06,1.90243991977671e-06,0,0
3.307,0,0,0,0,0,0,5.87388427505738e-06,2.70802157945078e-06,5.0143172091763e-06,1.60245363643103e-06,1.87537413600478e-06,1.90243991977671e-06,0,0
3.308,0,0,0,0,0,0,5.87388427505738e-06,2.70802157945078e-06,5.0143172091763e-06,1.60245363643103e-06,1.87537413600478e-06,1.90243991977671e-06,0,0
3.309,0,0,0,0,0,0,5.87388427505738e-06,2.70802157945078e-06,5.0143172091763e-06,1.60245363643103e-06,1.87537413600478e-06,1.90243991977671e-06,0,0
3.31,0,0,0,0,0,0,5.87388427505738e-06,2.70802157945078e-06,5.0143172091763e-06,1.60245363643103e-06,1.87537413600478e-06,1.90243991977671e-06,0,0
3.311,0,0,0,0,0,0,5.87388427505738e-06,2.70802157945078e-06,5.0143172091763e-06,1.60245363643103e-06,1.87537413600478e-06,1.90243991977671e-06,0,0
3.312,0,0,0,0,0,0,5.87388427505738e-06,2.70802157945078e-06,5.0143172091763e-06,1.60245363643103e-06,1.87537413600478e-06,1.90243991977671e-06,0,0
3.313,0,0,0,0,0,0,5.87388427505738e-06,2.70802157945078e-06,5.0143172091763e-06,1.60245363643103e-06,1.87537413600478e-06,1.90243991977671e-06,0,0
3.314,0,0,0,0,0,0,5.87388427505738e-06,2.70802157945078e-06,5.0143172091763e-06,1.60245363643103e-06,1.87537413600478e-06,1.90243991977671e-06,0,0
3.315,0,0,0,0,0,0,5.87388427505738e-06,2.70802157945078e-06,5.0143172091763e-06,1.60245363643103e-06,1.87537413600478e-06,1.90243991977671e-06,0,0
3.316,0,0,0,0,0,0,5.87388427505738e-06,2.70802157945078e-06,5.0143172091763e-06,1.60245363643103e-06,1.87537413600478e-06,1.90243991977671e-06,0,0
3.317,0,0,0,0,0,0,5.87388427505738e-06,2.70802157945078e-06,5.0143172091763e-06,1.60245363643103e-06,1.87537413600478e-06,1.90243991977671e-06,0,0
3.318,0,0,0,0,0,0,5.87388427505738e-06,2.70802157945078e-06,5.0143172091763e-06,1.60245363643103e-06,1.87537413600478e-06,1.90243991977671e-06,0,0
3.319,0,0,0,0,0,0,5.87388427505738e-06,2.70802157945078e-06,5.0143172091763e-06,1.60245363643103e-06,1.87537413600478e-06,1.90243991977671e-06,0,0
3.32,0,0,0,0,0,0,5.87388427505738e-06,2.70802157945078e-06,5.0143172091763e-06,1.60245363643103e-06,1.87537413600478e-06,1.90243991977671e-06,0,0
3.321,0,0,0,0,0,0,5.87388427505738e-06,2.70802157945078e-06,5.0143172091763e-06,1.60245363643103e-06,1.87537413600478e-06,1.90243991977671e-06,0,0
3.322,0,0,0,0,0,0,5.87388427505738e-06,2.70802157945078e-06,5.0143172091763e-06,1.60245363643103e-06,1.87537413600478e-06,1.90243991977671e-06,0,0
3.323,0,0,0,0,0,0,5.87388427505738e-06,2.70802157945078e-06,5.0143172091763e-06,1.60245363643103e-06,1.87537413600478e-06,1.90243991977671e-06,0,0
3.324,0,0,0,0,0,0,5.87388427505738e-06,2.70802157945078e-06,5.0143172091763e-06,1.60245363643103e-06,1.87537413600478e-06,1.90243991977671e-06,0,0
3.325,0,0,0,0,0,0,5.87388427505738e-06,2.70802157945078e-06,5.0143172091763e-06,1.60245363643103e-06,1.87537413600478e-06,1.90243991977671e-06,0,0
3.326,0,0,0,0,0,0,5.87388427505738e-06,2.70802157945078e-06,5.0143172091763e-06,1.60245363643103e-06,1.87537413600478e-06,1.90243991977671e-06,0,0
3.327,0,0,0,0,0,0,5.87388427505738e-06,2.70802157945078e-06,5.0143172091763e-06,1.60245363643103e-06,1.87537413600478e-06,1.90243991977671e-06,0,0
3.328,0,0,0,0,0,0,5.87388427505738e-06,2.70802157945078e-06,5.0143172091763e-06,1.60245363643103e-06,1.87537413600478e-06,1.90243991977671e-06,0,0
3.329,0,0,0,0,0,0,5.87388427505738e-06,2.70802157945078e-06,5.0143172091763e-06,1.60245363643103e-06,1.87537413600478e-06,1.90243991977671e-06,0,0
3.33,0,0,0,0,0,0,5.87388427505738e-06,2.70802157945078e-06,5.0143172091763e-06,1.60245363643103e-06,1.87537413600478e-06,1.90243991977671e-06,0,0
3.331,0,0,0,0,0,0,5.87388427505738e-06,2.70802157945078e-06,5.0143172091763e-06,1.60245363643103e-06,1.87537413600478e-06,1.90243991977671e-06,0,0
3.332,0,0,0,0,0,0,5.87388427505738e-06,2.70802157945078e-06,5.0143172091763e-06,1.60245363643103e-06,1.87537413600478e-06,1.90243991977671e-06,0,0
3.333,0,0,0,0,0,0,5.87388427505738e-06,2.70802157945078e-06,5.0143172091763e-06,1.60245363643103e-06,1.87537413600478e-06,1.90243991977671e-06,0,0
3.334,0,0,0,0,0,0,5.87388427505738e-06,2.70802157945078e-06,5.0143172091763e-06,1.60245363643103e-06,1.87537413600478e-06,1.90243991977671e-06,0,0
3.335,0,0,0,0,0,0,5.87388427505738e-06,2.70802157945078e-06,5.0143172091763e-06,1.60245363643103e-06,1.87537413600478e-06,1.90243991977671e-06,0,0
3.336,0,0,0,0,0,0,5.87388427505738e-06,2.70802157945078e-06,5.0143172091763e-06,1.60245363643103e-06,1.87537413600478e-06,1.90243991977671e-06,0,0
3.337,0,0,0,0,0,0,5.87388427505738e-06,2.70802157945078e-06,5.0143172091763e-06,1.60245363643103e-06,1.87537413600478e-06,1.90243991977671e-06,0,0
3.338,0,0,0,0,0,0,5.87388427505738e-06,2.70802157945078e-06,5.0143172091763e-06,1.60245363643103e-06,1.87537413600478e-06,1.90243991977671e-06,0,0
3.339,0,0,0,0,0,0,5.87388427505738e-06,2.70802157945078e-06,5.0143172091763e-06,1.60245363643103e-06,1.87537413600478e-06,1.90243991977671e-06,0,0
3.34,0,0,0,0,0,0,5.87388427505738e-06,2.70802157945078e-06,5.0143172091763e-06,1.60245363643103e-06,1.87537413600478e-06,1.90243991977671e-06,0,0
3.341,0,0,0,0,0,0,5.87388427505738e-06,2.70802157945078e-06,5.0143172091763e-06,1.60245363643103e-06,1.87537413600478e-06,1.90243991977671e-06,0,0
3.342,0,0,0,0,0,0,5.87388427505738e-06,2.70802157945078e-06,5.0143172091763e-06,1.60245363643103e-06,1.87537413600478e-06,1.90243991977671e-06,0,0
3.343,0,0,0,0,0,0,5.87388427505738e-06,2.70802157945078e-06,5.0143172091763e-06,1.60245363643103e-06,1.87537413600478e-06,1.90243991977671e-06,0,0
3.344,0,0,0,0,0,0,5.87388427505738e-06,2.70802157945078e-06,5.0143172091763e-06,1.60245363643103e-06,1.87537413600478e-06,1.90243991977671e-06,0,0
3.345,0,0,0,0,0,0,5.87388427505738e-06,2.70802157945078e-06,5.0143172091763e-06,1.60245363643103e-06,1.87537413600478e-06,1.90243991977671e-06,0,0
3.346,0,0,0,0,0,0,5.87388427505738e-06,2.70802157945078e-06,5.0143172091763e-06,1.60245363643103e-06,1.87537413600478e-06,1.90243991977671e-06,0,0
3.347,0,0,0,0,0,0,5.87388427505738e-06,2.70802157945078e-06,5.0143172091763e-06,1.60245363643103e-06,1.87537413600478e-06,1.90243991977671e-06,0,0
3.348,0,0,0,0,0,0,5.87388427505738e-06,2.70802157945078e-06,5.0143172091763e-06,1.60245363643103e-06,1.87537413600478e-06,1.90243991977671e-06,0,0
3.349,0,0,0,0,0,0,5.87388427505738e-06,2.70802157945078e-06,5.0143172091763e-06,1.60245363643103e-06,1.87537413600478e-06,1.90243991977671e-06,0,0
3.35,0,0,0,0,0,0,5.87388427505738e-06,2.70802157945078e-06,5.0143172091763e-06,1.60245363643103e-06,1.87537413600478e-06,1.90243991977671e-06,0,0
3.351,0,0,0,0,0,0,5.87388427505738e-06,2.70802157945078e-06,5.0143172091763e-06,1.60245363643103e-06,1.87537413600478e-06,1.90243991977671e-06,0,0
3.352,0,0,0,0,0,0,5.87388427505738e-06,2.70802157945078e-06,5.0143172091763e-06,1.60245363643103e-06,1.87537413600478e-06,1.90243991977671e-06,0,0
3.353,0,0,0,0,0,0,5.87388427505738e-06,2.70802157945078e-06,5.0143172091763e-06,1.60245363643103e-06,1.87537413600478e-06,1.90243991977671e-06,0,0
3.354,0,0,0,0,0,0,5.87388427505738e-06,2.70802157945078e-06,5.0143172091763e-06,1.60245363643103e-06,1.87537413600478e-06,1.90243991977671e-06,0,0
3.355,0,0,0,0,0,0,5.87388427505738e-06,2.70802157945078e-06,5.0143172091763e-06,1.60245363643103e-06,1.87537413600478e-06,1.90243991977671e-06,0,0
3.356,0,0,0,0,0,0,5.87388427505738e-06,2.70802157945078e-06,5.0143172091763e-06,1.60245363643103e-06,1.87537413600478e-06,1.90243991977671e-06,0,0
3.357,0,0,0,0,0,0,5.87388427505738e-06,2.70802157945078e-06,5.0143172091763e-06,1.60245363643103e-06,1.87537413600478e-06,1.90243991977671e-06,0,0
3.358,0,0,0,0,0,0,5.87388427505738e-06,2.70802157945078e-06,5.0143172091763e-06,1.60245363643103e-06,1.87537413600478e-06,1.90243991977671e-06,0,0
3.359,0,0,0,0,0,0,5.87388427505738e-06,2.70802157945078e-06,5.0143172091763e-06,1.60245363643103e-06,1.87537413600478e-06,1.90243991977671e-06,0,0
3.36,0,0,0,0,0,0,5.87388427505738e-06,2.70802157945078e-06,5.0143172091763e-06,1.60245363643103e-06,1.87537413600478e-06,1.90243991977671e-06,0,0
3.361,0,0,0,0,0,0,5.87388427505738e-06,2.70802157945078e-06,5.0143172091763e-06,1.60245363643103e-06,1.87537413600478e-06,1.90243991977671e-06,0,0
3.362,0,0,0,0,0,0,5.87388427505738e-06,2.70802157945078e-06,5.0143172091763e-06,1.60245363643103e-06,1.87537413600478e-06,1.90243991977671e-06,0,0
3.363,0,0,0,0,0,0,5.87388427505738e-06,2.70802157945078e-06,5.0143172091763e-06,1.60245363643103e-06,1.87537413600478e-06,1.90243991977671e-06,0,0
3.364,0,0,0,0,0,0,5.87388427505738e-06,2.70802157945078e-06,5.0143172091763e-06,1.60245363643103e-06,1.87537413600478e-06,1.90243991977671e-06,0,0
3.365,0,0,0,0,0,0,5.87388427505738e-06,2.70802157945078e-06,5.0143172091763e-06,1.60245363643103e-06,1.87537413600478e-06,1.90243991977671e-06,0,0
3.366,0,0,0,0,0,0,5.87388427505738e-06,2.70802157945078e-06,5.0143172091763e-06,1.60245363643103e-06,1.87537413600478e-06,1.90243991977671e-06,0,0
3.367,0,0,0,0,0,0,5.87388427505738e-06,2.70802157945078e-06,5.0143172091763e-06,1.60245363643103e-06,1.87537413600478e-06,1.90243991977671e-06,0,0
3.368,0,0,0,0,0,0,5.87388427505738e-06,2.70802157945078e-06,5.0143172091763e-06,1.60245363643103e-06,1.87537413600478e-06,1.90243991977671e-06,0,0
3.369,0,0,0,0,0,0,5.87388427505738e-06,2.70802157945078e-06,5.0143172091763e-06,1.60245363643103e-06,1.87537413600478e-06,1.90243991977671e-06,0,0
3.37,0,0,0,0,0,0,5.87388427505738e-06,2.70802157945078e-06,5.0143172091763e-06,1.60245363643103e-06,1.87537413600478e-06,1.90243991977671e-06,0,0
3.371,0,0,0,0,0,0,5.87388427505738e-06,2.70802157945078e-06,5.0143172091763e-06,1.60245363643103e-06,1.87537413600478e-06,1.90243991977671e-06,0,0
3.372,0,0,0,0,0,0,5.87388427505738e-06,2.70802157945078e-06,5.0143172091763e-06,1.60245363643103e-06,1.87537413600478e-06,1.90243991977671e-06,0,0
3.373,0,0,0,0,0,0,5.87388427505738e-06,2.70802157945078e-06,5.0143172091763e-06,1.60245363643103e-06,1.87537413600478e-06,1.90243991977671e-06,0,0
3.374,0,0,0,0,0,0,5.87388427505738e-06,2.70802157945078e-06,5.0143172091763e-06,1.60245363643103e-06,1.87537413600478e-06,1.90243991977671e-06,0,0
3.375,0,0,0,0,0,0,5.87388427505738e-06,2.70802157945078e-06,5.0143172091763e-06,1.60245363643103e-06,1.87537413600478e-06,1.90243991977671e-06,0,0
3.376,0,0,0,0,0,0,5.87388427505738e-06,2.70802157945078e-06,5.0143172091763e-06,1.60245363643103e-06,1.87537413600478e-06,1.90243991977671e-06,0,0
3.377,0,0,0,0,0,0,5.87388427505738e-06,2.70802157945078e-06,5.0143172091763e-06,1.60245363643103e-06,1.87537413600478e-06,1.90243991977671e-06,0,0
3.378,0,0,0,0,0,0,5.87388427505738e-06,2.70802157945078e-06,5.0143172091763e-06,1.60245363643103e-06,1.87537413600478e-06,1.90243991977671e-06,0,0
3.379,0,0,0,0,0,0,5.87388427505738e-06,2.70802157945078e-06,5.0143172091763e-06,1.60245363643103e-06,1.87537413600478e-06,1.90243991977671e-06,0,0
3.38,0,0,0,0,0,0,5.87388427505738e-06,2.70802157945078e-06,5.0143172091763e-06,1.60245363643103e-06,1.87537413600478e-06,1.90243991977671e-06,0,0
3.381,0,0,0,0,0,0,5.87388427505738e-06,2.70802157945078e-06,5.0143172091763e-06,1.60245363643103e-06,1.87537413600478e-06,1.90243991977671e-06,0,0
3.382,0,0,0,0,0,0,5.87388427505738e-06,2.70802157945078e-06,5.0143172091763e-06,1.60245363643103e-06,1.87537413600478e-06,1.90243991977671e-06,0,0
3.383,0,0,0,0,0,0,5.87388427505738e-06,2.70802157945078e-06,5.0143172091763e-06,1.60245363643103e-06,1.87537413600478e-06,1.90243991977671e-06,0,0
3.384,0,0,0,0,0,0,5.87388427505738e-06,2.70802157945078e-06,5.0143172091763e-06,1.60245363643103e-06,1.87537413600478e-06,1.90243991977671e-06,0,0
3.385,0,0,0,0,0,0,5.87388427505738e-06,2.70802157945078e-06,5.0143172091763e-06,1.60245363643103e-06,1.87537413600478e-06,1.90243991977671e-06,0,0
3.386,0,0,0,0,0,0,5.87388427505738e-06,2.70802157945078e-06,5.0143172091763e-06,1.60245363643103e-06,1.87537413600478e-06,1.90243991977671e-06,0,0
3.387,0,0,0,0,0,0,5.87388427505738e-06,2.70802157945078e-06,5.0143172091763e-06,1.60245363643103e-06,1.87537413600478e-06,1.90243991977671e-06,0,0
3.388,0,0,0,0,0,0,5.87388427505738e-06,2.70802157945078e-06,5.0143172091763e-06,1.60245363643103e-06,1.87537413600478e-06,1.90243991977671e-06,0,0
3.389,0,0,0,0,0,0,5.87388427505738e-06,2.70802157945078e-06,5.0143172091763e-06,1.60245363643103e-06,1.87537413600478e-06,1.90243991977671e-06,0,0
3.39,0,0,0,0,0,0,5.87388427505738e-06,2.70802157945078e-06,5.0143172091763e-06,1.60245363643103e-06,1.87537413600478e-06,1.90243991977671e-06,0,0
3.391,0,0,0,0,0,0,5.87388427505738e-06,2.70802157945078e-06,5.0143172091763e-06,1.60245363643103e-06,1.87537413600478e-06,1.90243991977671e-06,0,0
3.392,0,0,0,0,0,0,5.87388427505738e-06,2.70802157945078e-06,5.0143172091763e-06,1.60245363643103e-06,1.87537413600478e-06,1.90243991977671e-06,0,0
3.393,0,0,0,0,0,0,5.87388427505738e-06,2.70802157945078e-06,5.0143172091763e-06,1.60245363643103e-06,1.87537413600478e-06,1.90243991977671e-06,0,0
3.394,0,0,0,0,0,0,5.87388427505738e-06,2.70802157945078e-06,5.0143172091763e-06,1.60245363643103e-06,1.87537413600478e-06,1.90243991977671e-06,0,0
3.395,0,0,0,0,0,0,5.87388427505738e-06,2.70802157945078e-06,5.0143172091763e-06,1.60245363643103e-06,1.87537413600478e-06,1.90243991977671e-06,0,0
3.396,0,0,0,0,0,0,5.87388427505738e-06,2.70802157945078e-06,5.0143172091763e-06,1.60245363643103e-06,1.87537413600478e-06,1.90243991977671e-06,0,0
3.397,0,0,0,0,0,0,5.87388427505738e-06,2.70802157945078e-06,5.0143172091763e-06,1.60245363643103e-06,1.87537413600478e-06,1.90243991977671e-06,0,0
3.398,0,0,0,0,0,0,5.87388427505738e-06,2.70802157945078e-06,5.0143172091763e-06,1.60245363643103e-06,1.87537413600478e-06,1.90243991977671e-06,0,0
3.399,0,0,0,0,0,0,5.87388427505738e-06,2.70802157945078e-06,5.0143172091763e-06,1.60245363643103e-06,1.87537413600478e-06,1.90243991977671e-06,0,0
3.4,0,0,0,0,0,0,5.87388427505738e-06,2.70802157945078e-06,5.0143172091763e-06,1.60245363643103e-06,1.87537413600478e-06,1.90243991977671e-06,0,0
3.401,0,0,0,0,0,0,5.87388427505738e-06,2.70802157945078e-06,5.0143172091763e-06,1.60245363643103e-06,1.87537413600478e-06,1.90243991977671e-06,0,0
3.402,0,0,0,0,0,0,5.87388427505738e-06,2.70802157945078e-06,5.0143172091763e-06,1.60245363643103e-06,1.87537413600478e-06,1.90243991977671e-06,0,0
3.403,0,0,0,0,0,0,5.87388427505738e-06,2.70802157945078e-06,5.0143172091763e-06,1.60245363643103e-06,1.87537413600478e-06,1.90243991977671e-06,0,0
3.404,0,0,0,0,0,0,5.87388427505738e-06,2.70802157945078e-06,5.0143172091763e-06,1.60245363643103e-06,1.87537413600478e-06,1.90243991977671e-06,0,0
3.405,0,0,0,0,0,0,5.87388427505738e-06,2.70802157945078e-06,5.0143172091763e-06,1.60245363643103e-06,1.87537413600478e-06,1.90243991977671e-06,0,0
3.406,0,0,0,0,0,0,5.87388427505738e-06,2.70802157945078e-06,5.0143172091763e-06,1.60245363643103e-06,1.87537413600478e-06,1.90243991977671e-06,0,0
3.407,0,0,0,0,0,0,5.87388427505738e-06,2.70802157945078e-06,5.0143172091763e-06,1.60245363643103e-06,1.87537413600478e-06,1.90243991977671e-06,0,0
3.408,0,0,0,0,0,0,5.87388427505738e-06,2.70802157945078e-06,5.0143172091763e-06,1.60245363643103e-06,1.87537413600478e-06,1.90243991977671e-06,0,0
3.409,0,0,0,0,0,0,5.87388427505738e-06,2.70802157945078e-06,5.0143172091763e-06,1.60245363643103e-06,1.87537413600478e-06,1.90243991977671e-06,0,0
3.41,0,0,0,0,0,0,5.87388427505738e-06,2.70802157945078e-06,5.0143172091763e-06,1.60245363643103e-06,1.87537413600478e-06,1.90243991977671e-06,0,0
3.411,0,0,0,0,0,0,5.87388427505738e-06,2.70802157945078e-06,5.0143172091763e-06,1.60245363643103e-06,1.87537413600478e-06,1.90243991977671e-06,0,0
3.412,0,0,0,0,0,0,5.87388427505738e-06,2.70802157945078e-06,5.0143172091763e-06,1.60245363643103e-06,1.87537413600478e-06,1.90243991977671e-06,0,0
3.413,0,0,0,0,0,0,5.87388427505738e-06,2.70802157945078e-06,5.0143172091763e-06,1.60245363643103e-06,1.87537413600478e-06,1.90243991977671e-06,0,0
3.414,0,0,0,0,0,0,5.87388427505738e-06,2.70802157945078e-06,5.0143172091763e-06,1.60245363643103e-06,1.87537413600478e-06,1.90243991977671e-06,0,0
3.415,0,0,0,0,0,0,5.87388427505738e-06,2.70802157945078e-06,5.0143172091763e-06,1.60245363643103e-06,1.87537413600478e-06,1.90243991977671e-06,0,0
3.416,0,0,0,0,0,0,5.87388427505738e-06,2.70802157945078e-06,5.0143172091763e-06,1.60245363643103e-06,1.87537413600478e-06,1.90243991977671e-06,0,0
3.417,0,0,0,0,0,0,5.87388427505738e-06,2.70802157945078e-06,5.0143172091763e-06,1.60245363643103e-06,1.87537413600478e-06,1.90243991977671e-06,0,0
3.418,0,0,0,0,0,0,5.87388427505738e-06,2.70802157945078e-06,5.0143172091763e-06,1.60245363643103e-06,1.87537413600478e-06,1.90243991977671e-06,0,0
3.419,0,0,0,0,0,0,5.87388427505738e-06,2.70802157945078e-06,5.0143172091763e-06,1.60245363643103e-06,1.87537413600478e-06,1.90243991977671e-06,0,0
3.42,0,0,0,0,0,0,5.87388427505738e-06,2.70802157945078e-06,5.0143172091763e-06,1.60245363643103e-06,1.87537413600478e-06,1.90243991977671e-06,0,0
3.421,0,0,0,0,0,0,5.87388427505738e-06,2.70802157945078e-06,5.0143172091763e-06,1.60245363643103e-06,1.87537413600478e-06,1.90243991977671e-06,0,0
3.422,0,0,0,0,0,0,5.87388427505738e-06,2.70802157945078e-06,5.0143172091763e-06,1.60245363643103e-06,1.87537413600478e-06,1.90243991977671e-06,0,0
3.423,0,0,0,0,0,0,5.87388427505738e-06,2.70802157945078e-06,5.0143172091763e-06,1.60245363643103e-06,1.87537413600478e-06,1.90243991977671e-06,0,0
3.424,0,0,0,0,0,0,5.87388427505738e-06,2.70802157945078e-06,5.0143172091763e-06,1.60245363643103e-06,1.87537413600478e-06,1.90243991977671e-06,0,0
3.425,0,0,0,0,0,0,5.87388427505738e-06,2.70802157945078e-06,5.0143172091763e-06,1.60245363643103e-06,1.87537413600478e-06,1.90243991977671e-06,0,0
3.426,0,0,0,0,0,0,5.87388427505738e-06,2.70802157945078e-06,5.0143172091763e-06,1.60245363643103e-06,1.87537413600478e-06,1.90243991977671e-06,0,0
3.427,0,0,0,0,0,0,5.87388427505738e-06,2.70802157945078e-06,5.0143172091763e-06,1.60245363643103e-06,1.87537413600478e-06,1.90243991977671e-06,0,0
3.428,0,0,0,0,0,0,5.87388427505738e-06,2.70802157945078e-06,5.0143172091763e-06,1.60245363643103e-06,1.87537413600478e-06,1.90243991977671e-06,0,0
3.429,0,0,0,0,0,0,5.87388427505738e-06,2.70802157945078e-06,5.0143172091763e-06,1.60245363643103e-06,1.87537413600478e-06,1.90243991977671e-06,0,0
3.43,0,0,0,0,0,0,5.87388427505738e-06,2.70802157945078e-06,5.0143172091763e-06,1.60245363643103e-06,1.87537413600478e-06,1.90243991977671e-06,0,0
3.431,0,0,0,0,0,0,5.87388427505738e-06,2.70802157945078e-06,5.0143172091763e-06,1.60245363643103e-06,1.87537413600478e-06,1.90243991977671e-06,0,0
3.432,0,0,0,0,0,0,5.87388427505738e-06,2.70802157945078e-06,5.0143172091763e-06,1.60245363643103e-06,1.87537413600478e-06,1.90243991977671e-06,0,0
3.433,0,0,0,0,0,0,5.87388427505738e-06,2.70802157945078e-06,5.0143172091763e-06,1.60245363643103e-06,1.87537413600478e-06,1.90243991977671e-06,0,0
3.434,0,0,0,0,0,0,5.87388427505738e-06,2.70802157945078e-06,5.0143172091763e-06,1.60245363643103e-06,1.87537413600478e-06,1.90243991977671e-06,0,0
3.435,0,0,0,0,0,0,5.87388427505738e-06,2.70802157945078e-06,5.0143172091763e-06,1.60245363643103e-06,1.87537413600478e-06,1.90243991977671e-06,0,0
3.436,0,0,0,0,0,0,5.87388427505738e-06,2.70802157945078e-06,5.0143172091763e-06,1.60245363643103e-06,1.87537413600478e-06,1.90243991977671e-06,0,0
3.437,0,0,0,0,0,0,5.87388427505738e-06,2.70802157945078e-06,5.0143172091763e-06,1.60245363643103e-06,1.87537413600478e-06,1.90243991977671e-06,0,0
3.438,0,0,0,0,0,0,5.87388427505738e-06,2.70802157945078e-06,5.0143172091763e-06,1.60245363643103e-06,1.87537413600478e-06,1.90243991977671e-06,0,0
3.439,0,0,0,0,0,0,5.87388427505738e-06,2.70802157945078e-06,5.0143172091763e-06,1.60245363643103e-06,1.87537413600478e-06,1.90243991977671e-06,0,0
3.44,0,0,0,0,0,0,5.87388427505738e-06,2.70802157945078e-06,5.0143172091763e-06,1.60245363643103e-06,1.87537413600478e-06,1.90243991977671e-06,0,0
3.441,0,0,0,0,0,0,5.87388427505738e-06,2.70802157945078e-06,5.0143172091763e-06,1.60245363643103e-06,1.87537413600478e-06,1.90243991977671e-06,0,0
3.442,0,0,0,0,0,0,5.87388427505738e-06,2.70802157945078e-06,5.0143172091763e-06,1.60245363643103e-06,1.87537413600478e-06,1.90243991977671e-06,0,0
3.443,0,0,0,0,0,0,5.87388427505738e-06,2.70802157945078e-06,5.0143172091763e-06,1.60245363643103e-06,1.87537413600478e-06,1.90243991977671e-06,0,0
3.444,0,0,0,0,0,0,5.87388427505738e-06,2.70802157945078e-06,5.0143172091763e-06,1.60245363643103e-06,1.87537413600478e-06,1.90243991977671e-06,0,0
3.445,0,0,0,0,0,0,5.87388427505738e-06,2.70802157945078e-06,5.0143172091763e-06,1.60245363643103e-06,1.87537413600478e-06,1.90243991977671e-06,0,0
3.446,0,0,0,0,0,0,5.87388427505738e-06,2.70802157945078e-06,5.0143172091763e-06,1.60245363643103e-06,1.87537413600478e-06,1.90243991977671e-06,0,0
3.447,0,0,0,0,0,0,5.87388427505738e-06,2.70802157945078e-06,5.0143172091763e-06,1.60245363643103e-06,1.87537413600478e-06,1.90243991977671e-06,0,0
3.448,0,0,0,0,0,0,5.87388427505738e-06,2.70802157945078e-06,5.0143172091763e-06,1.60245363643103e-06,1.87537413600478e-06,1.90243991977671e-06,0,0
3.449,0,0,0,0,0,0,5.87388427505738e-06,2.70802157945078e-06,5.0143172091763e-06,1.60245363643103e-06,1.87537413600478e-06,1.90243991977671e-06,0,0
3.45,0,0,0,0,0,0,5.87388427505738e-06,2.70802157945078e-06,5.0143172091763e-06,1.60245363643103e-06,1.87537413600478e-06,1.90243991977671e-06,0,0
3.451,0,0,0,0,0,0,5.87388427505738e-06,2.70802157945078e-06,5.0143172091763e-06,1.60245363643103e-06,1.87537413600478e-06,1.90243991977671e-06,0,0
3.452,0,0,0,0,0,0,5.87388427505738e-06,2.70802157945078e-06,5.0143172091763e-06,1.60245363643103e-06,1.87537413600478e-06,1.90243991977671e-06,0,0
3.453,0,0,0,0,0,0,5.87388427505738e-06,2.70802157945078e-06,5.0143172091763e-06,1.60245363643103e-06,1.87537413600478e-06,1.90243991977671e-06,0,0
3.454,0,0,0,0,0,0,5.87388427505738e-06,2.70802157945078e-06,5.0143172091763e-06,1.60245363643103e-06,1.87537413600478e-06,1.90243991977671e-06,0,0
3.455,0,0,0,0,0,0,5.87388427505738e-06,2.70802157945078e-06,5.0143172091763e-06,1.60245363643103e-06,1.87537413600478e-06,1.90243991977671e-06,0,0
3.456,0,0,0,0,0,0,5.87388427505738e-06,2.70802157945078e-06,5.0143172091763e-06,1.60245363643103e-06,1.87537413600478e-06,1.90243991977671e-06,0,0
3.457,0,0,0,0,0,0,5.87388427505738e-06,2.70802157945078e-06,5.0143172091763e-06,1.60245363643103e-06,1.87537413600478e-06,1.90243991977671e-06,0,0
3.458,0,0,0,0,0,0,5.87388427505738e-06,2.70802157945078e-06,5.0143172091763e-06,1.60245363643103e-06,1.87537413600478e-06,1.90243991977671e-06,0,0
3.459,0,0,0,0,0,0,5.87388427505738e-06,2.70802157945078e-06,5.0143172091763e-06,1.60245363643103e-06,1.87537413600478e-06,1.90243991977671e-06,0,0
3.46,0,0,0,0,0,0,5.87388427505738e-06,2.70802157945078e-06,5.0143172091763e-06,1.60245363643103e-06,1.87537413600478e-06,1.90243991977671e-06,0,0
3.461,0,0,0,0,0,0,5.87388427505738e-06,2.70802157945078e-06,5.0143172091763e-06,1.60245363643103e-06,1.87537413600478e-06,1.90243991977671e-06,0,0
3.462,0,0,0,0,0,0,5.87388427505738e-06,2.70802157945078e-06,5.0143172091763e-06,1.60245363643103e-06,1.87537413600478e-06,1.90243991977671e-06,0,0
3.463,0,0,0,0,0,0,5.87388427505738e-06,2.70802157945078e-06,5.0143172091763e-06,1.60245363643103e-06,1.87537413600478e-06,1.90243991977671e-06,0,0
3.464,0,0,0,0,0,0,5.87388427505738e-06,2.70802157945078e-06,5.0143172091763e-06,1.60245363643103e-06,1.87537413600478e-06,1.90243991977671e-06,0,0
3.465,0,0,0,0,0,0,5.87388427505738e-06,2.70802157945078e-06,5.0143172091763e-06,1.60245363643103e-06,1.87537413600478e-06,1.90243991977671e-06,0,0
3.466,0,0,0,0,0,0,5.87388427505738e-06,2.70802157945078e-06,5.0143172091763e-06,1.60245363643103e-06,1.87537413600478e-06,1.90243991977671e-06,0,0
3.467,0,0,0,0,0,0,5.87388427505738e-06,2.70802157945078e-06,5.0143172091763e-06,1.60245363643103e-06,1.87537413600478e-06,1.90243991977671e-06,0,0
3.468,0,0,0,0,0,0,5.87388427505738e-06,2.70802157945078e-06,5.0143172091763e-06,1.60245363643103e-06,1.87537413600478e-06,1.90243991977671e-06,0,0
3.469,0,0,0,0,0,0,5.87388427505738e-06,2.70802157945078e-06,5.0143172091763e-06,1.60245363643103e-06,1.87537413600478e-06,1.90243991977671e-06,0,0
3.47,0,0,0,0,0,0,5.87388427505738e-06,2.70802157945078e-06,5.0143172091763e-06,1.60245363643103e-06,1.87537413600478e-06,1.90243991977671e-06,0,0
3.471,0,0,0,0,0,0,5.87388427505738e-06,2.70802157945078e-06,5.0143172091763e-06,1.60245363643103e-06,1.87537413600478e-06,1.90243991977671e-06,0,0
3.472,0,0,0,0,0,0,5.87388427505738e-06,2.70802157945078e-06,5.0143172091763e-06,1.60245363643103e-06,1.87537413600478e-06,1.90243991977671e-06,0,0
3.473,0,0,0,0,0,0,5.87388427505738e-06,2.70802157945078e-06,5.0143172091763e-06,1.60245363643103e-06,1.87537413600478e-06,1.90243991977671e-06,0,0
3.474,0,0,0,0,0,0,5.87388427505738e-06,2.70802157945078e-06,5.0143172091763e-06,1.60245363643103e-06,1.87537413600478e-06,1.90243991977671e-06,0,0
3.475,0,0,0,0,0,0,5.87388427505738e-06,2.70802157945078e-06,5.0143172091763e-06,1.60245363643103e-06,1.87537413600478e-06,1.90243991977671e-06,0,0
3.476,0,0,0,0,0,0,5.87388427505738e-06,2.70802157945078e-06,5.0143172091763e-06,1.60245363643103e-06,1.87537413600478e-06,1.90243991977671e-06,0,0
3.477,0,0,0,0,0,0,5.87388427505738e-06,2.70802157945078e-06,5.0143172091763e-06,1.60245363643103e-06,1.87537413600478e-06,1.90243991977671e-06,0,0
3.478,0,0,0,0,0,0,5.87388427505738e-06,2.70802157945078e-06,5.0143172091763e-06,1.60245363643103e-06,1.87537413600478e-06,1.90243991977671e-06,0,0
3.479,0,0,0,0,0,0,5.87388427505738e-06,2.70802157945078e-06,5.0143172091763e-06,1.60245363643103e-06,1.87537413600478e-06,1.90243991977671e-06,0,0
3.48,0,0,0,0,0,0,5.87388427505738e-06,2.70802157945078e-06,5.0143172091763e-06,1.60245363643103e-06,1.87537413600478e-06,1.90243991977671e-06,0,0
3.481,0,0,0,0,0,0,5.87388427505738e-06,2.70802157945078e-06,5.0143172091763e-06,1.60245363643103e-06,1.87537413600478e-06,1.90243991977671e-06,0,0
3.482,0,0,0,0,0,0,5.87388427505738e-06,2.70802157945078e-06,5.0143172091763e-06,1.60245363643103e-06,1.87537413600478e-06,1.90243991977671e-06,0,0
3.483,0,0,0,0,0,0,5.87388427505738e-06,2.70802157945078e-06,5.0143172091763e-06,1.60245363643103e-06,1.87537413600478e-06,1.90243991977671e-06,0,0
3.484,0,0,0,0,0,0,5.87388427505738e-06,2.70802157945078e-06,5.0143172091763e-06,1.60245363643103e-06,1.87537413600478e-06,1.90243991977671e-06,0,0
3.485,0,0,0,0,0,0,5.87388427505738e-06,2.70802157945078e-06,5.0143172091763e-06,1.60245363643103e-06,1.87537413600478e-06,1.90243991977671e-06,0,0
3.486,0,0,0,0,0,0,5.87388427505738e-06,2.70802157945078e-06,5.0143172091763e-06,1.60245363643103e-06,1.87537413600478e-06,1.90243991977671e-06,0,0
3.487,0,0,0,0,0,0,5.87388427505738e-06,2.70802157945078e-06,5.0143172091763e-06,1.60245363643103e-06,1.87537413600478e-06,1.90243991977671e-06,0,0
3.488,0,0,0,0,0,0,5.87388427505738e-06,2.70802157945078e-06,5.0143172091763e-06,1.60245363643103e-06,1.87537413600478e-06,1.90243991977671e-06,0,0
3.489,0,0,0,0,0,0,5.87388427505738e-06,2.70802157945078e-06,5.0143172091763e-06,1.60245363643103e-06,1.87537413600478e-06,1.90243991977671e-06,0,0
3.49,0,0,0,0,0,0,5.87388427505738e-06,2.70802157945078e-06,5.0143172091763e-06,1.60245363643103e-06,1.87537413600478e-06,1.90243991977671e-06,0,0
3.491,0,0,0,0,0,0,5.87388427505738e-06,2.70802157945078e-06,5.0143172091763e-06,1.60245363643103e-06,1.87537413600478e-06,1.90243991977671e-06,0,0
3.492,0,0,0,0,0,0,5.87388427505738e-06,2.70802157945078e-06,5.0143172091763e-06,1.60245363643103e-06,1.87537413600478e-06,1.90243991977671e-06,0,0
3.493,0,0,0,0,0,0,5.87388427505738e-06,2.70802157945078e-06,5.0143172091763e-06,1.60245363643103e-06,1.87537413600478e-06,1.90243991977671e-06,0,0
3.494,0,0,0,0,0,0,5.87388427505738e-06,2.70802157945078e-06,5.0143172091763e-06,1.60245363643103e-06,1.87537413600478e-06,1.90243991977671e-06,0,0
3.495,0,0,0,0,0,0,5.87388427505738e-06,2.70802157945078e-06,5.0143172091763e-06,1.60245363643103e-06,1.87537413600478e-06,1.90243991977671e-06,0,0
3.496,0,0,0,0,0,0,5.87388427505738e-06,2.70802157945078e-06,5.0143172091763e-06,1.60245363643103e-06,1.87537413600478e-06,1.90243991977671e-06,0,0
3.497,0,0,0,0,0,0,5.87388427505738e-06,2.70802157945078e-06,5.0143172091763e-06,1.60245363643103e-06,1.87537413600478e-06,1.90243991977671e-06,0,0
3.498,0,0,0,0,0,0,5.87388427505738e-06,2.70802157945078e-06,5.0143172091763e-06,1.60245363643103e-06,1.87537413600478e-06,1.90243991977671e-06,0,0
3.499,0,0,0,0,0,0,5.87388427505738e-06,2.70802157945078e-06,5.0143172091763e-06,1.60245363643103e-06,1.87537413600478e-06,1.90243991977671e-06,0,0
3.5,0,0,0,0,0,0,5.87388427505738e-06,2.70802157945078e-06,5.0143172091763e-06,1.60245363643103e-06,1.87537413600478e-06,1.90243991977671e-06,0,0
3.501,0,0,0,0,0,0,5.87388427505738e-06,2.70802157945078e-06,5.0143172091763e-06,1.60245363643103e-06,1.87537413600478e-06,1.90243991977671e-06,0,0
3.502,0,0,0,0,0,0,5.87388427505738e-06,2.70802157945078e-06,5.0143172091763e-06,1.60245363643103e-06,1.87537413600478e-06,1.90243991977671e-06,0,0
3.503,0,0,0,0,0,0,5.87388427505738e-06,2.70802157945078e-06,5.0143172091763e-06,1.60245363643103e-06,1.87537413600478e-06,1.90243991977671e-06,0,0
3.504,0,0,0,0,0,0,5.87388427505738e-06,2.70802157945078e-06,5.0143172091763e-06,1.60245363643103e-06,1.87537413600478e-06,1.90243991977671e-06,0,0
3.505,0,0,0,0,0,0,5.87388427505738e-06,2.70802157945078e-06,5.0143172091763e-06,1.60245363643103e-06,1.87537413600478e-06,1.90243991977671e-06,0,0
3.506,0,0,0,0,0,0,5.87388427505738e-06,2.70802157945078e-06,5.0143172091763e-06,1.60245363643103e-06,1.87537413600478e-06,1.90243991977671e-06,0,0
3.507,0,0,0,0,0,0,5.87388427505738e-06,2.70802157945078e-06,5.0143172091763e-06,1.60245363643103e-06,1.87537413600478e-06,1.90243991977671e-06,0,0
3.508,0,0,0,0,0,0,5.87388427505738e-06,2.70802157945078e-06,5.0143172091763e-06,1.60245363643103e-06,1.87537413600478e-06,1.90243991977671e-06,0,0
3.509,0,0,0,0,0,0,5.87388427505738e-06,2.70802157945078e-06,5.0143172091763e-06,1.60245363643103e-06,1.87537413600478e-06,1.90243991977671e-06,0,0
3.51,0,0,0,0,0,0,5.87388427505738e-06,2.70802157945078e-06,5.0143172091763e-06,1.60245363643103e-06,1.87537413600478e-06,1.90243991977671e-06,0,0
3.511,0,0,0,0,0,0,5.87388427505738e-06,2.70802157945078e-06,5.0143172091763e-06,1.60245363643103e-06,1.87537413600478e-06,1.90243991977671e-06,0,0
3.512,0,0,0,0,0,0,5.87388427505738e-06,2.70802157945078e-06,5.0143172091763e-06,1.60245363643103e-06,1.87537413600478e-06,1.90243991977671e-06,0,0
3.513,0,0,0,0,0,0,5.87388427505738e-06,2.70802157945078e-06,5.0143172091763e-06,1.60245363643103e-06,1.87537413600478e-06,1.90243991977671e-06,0,0
3.514,0,0,0,0,0,0,5.87388427505738e-06,2.70802157945078e-06,5.0143172091763e-06,1.60245363643103e-06,1.87537413600478e-06,1.90243991977671e-06,0,0
3.515,0,0,0,0,0,0,5.87388427505738e-06,2.70802157945078e-06,5.0143172091763e-06,1.60245363643103e-06,1.87537413600478e-06,1.90243991977671e-06,0,0
3.516,0,0,0,0,0,0,5.87388427505738e-06,2.70802157945078e-06,5.0143172091763e-06,1.60245363643103e-06,1.87537413600478e-06,1.90243991977671e-06,0,0
3.517,0,0,0,0,0,0,5.87388427505738e-06,2.70802157945078e-06,5.0143172091763e-06,1.60245363643103e-06,1.87537413600478e-06,1.90243991977671e-06,0,0
3.518,0,0,0,0,0,0,5.87388427505738e-06,2.70802157945078e-06,5.0143172091763e-06,1.60245363643103e-06,1.87537413600478e-06,1.90243991977671e-06,0,0
3.519,0,0,0,0,0,0,5.87388427505738e-06,2.70802157945078e-06,5.0143172091763e-06,1.60245363643103e-06,1.87537413600478e-06,1.90243991977671e-06,0,0
3.52,0,0,0,0,0,0,5.87388427505738e-06,2.70802157945078e-06,5.0143172091763e-06,1.60245363643103e-06,1.87537413600478e-06,1.90243991977671e-06,0,0
3.521,0,0,0,0,0,0,5.87388427505738e-06,2.70802157945078e-06,5.0143172091763e-06,1.60245363643103e-06,1.87537413600478e-06,1.90243991977671e-06,0,0
3.522,0,0,0,0,0,0,5.87388427505738e-06,2.70802157945078e-06,5.0143172091763e-06,1.60245363643103e-06,1.87537413600478e-06,1.90243991977671e-06,0,0
3.523,0,0,0,0,0,0,5.87388427505738e-06,2.70802157945078e-06,5.0143172091763e-06,1.60245363643103e-06,1.87537413600478e-06,1.90243991977671e-06,0,0
3.524,0,0,0,0,0,0,5.87388427505738e-06,2.70802157945078e-06,5.0143172091763e-06,1.60245363643103e-06,1.87537413600478e-06,1.90243991977671e-06,0,0
3.525,0,0,0,0,0,0,5.87388427505738e-06,2.70802157945078e-06,5.0143172091763e-06,1.60245363643103e-06,1.87537413600478e-06,1.90243991977671e-06,0,0
3.526,0,0,0,0,0,0,5.87388427505738e-06,2.70802157945078e-06,5.0143172091763e-06,1.60245363643103e-06,1.87537413600478e-06,1.90243991977671e-06,0,0
3.527,0,0,0,0,0,0,5.87388427505738e-06,2.70802157945078e-06,5.0143172091763e-06,1.60245363643103e-06,1.87537413600478e-06,1.90243991977671e-06,0,0
3.528,0,0,0,0,0,0,5.87388427505738e-06,2.70802157945078e-06,5.0143172091763e-06,1.60245363643103e-06,1.87537413600478e-06,1.90243991977671e-06,0,0
3.529,0,0,0,0,0,0,5.87388427505738e-06,2.70802157945078e-06,5.0143172091763e-06,1.60245363643103e-06,1.87537413600478e-06,1.90243991977671e-06,0,0
3.53,0,0,0,0,0,0,5.87388427505738e-06,2.70802157945078e-06,5.0143172091763e-06,1.60245363643103e-06,1.87537413600478e-06,1.90243991977671e-06,0,0
3.531,0,0,0,0,0,0,5.87388427505738e-06,2.70802157945078e-06,5.0143172091763e-06,1.60245363643103e-06,1.87537413600478e-06,1.90243991977671e-06,0,0
3.532,0,0,0,0,0,0,5.87388427505738e-06,2.70802157945078e-06,5.0143172091763e-06,1.60245363643103e-06,1.87537413600478e-06,1.90243991977671e-06,0,0
3.533,0,0,0,0,0,0,5.87388427505738e-06,2.70802157945078e-06,5.0143172091763e-06,1.60245363643103e-06,1.87537413600478e-06,1.90243991977671e-06,0,0
3.534,0,0,0,0,0,0,5.87388427505738e-06,2.70802157945078e-06,5.0143172091763e-06,1.60245363643103e-06,1.87537413600478e-06,1.90243991977671e-06,0,0
3.535,0,0,0,0,0,0,5.87388427505738e-06,2.70802157945078e-06,5.0143172091763e-06,1.60245363643103e-06,1.87537413600478e-06,1.90243991977671e-06,0,0
3.536,0,0,0,0,0,0,5.87388427505738e-06,2.70802157945078e-06,5.0143172091763e-06,1.60245363643103e-06,1.87537413600478e-06,1.90243991977671e-06,0,0
3.537,0,0,0,0,0,0,5.87388427505738e-06,2.70802157945078e-06,5.0143172091763e-06,1.60245363643103e-06,1.87537413600478e-06,1.90243991977671e-06,0,0
3.538,0,0,0,0,0,0,5.87388427505738e-06,2.70802157945078e-06,5.0143172091763e-06,1.60245363643103e-06,1.87537413600478e-06,1.90243991977671e-06,0,0
3.539,0,0,0,0,0,0,5.87388427505738e-06,2.70802157945078e-06,5.0143172091763e-06,1.60245363643103e-06,1.87537413600478e-06,1.90243991977671e-06,0,0
3.54,0,0,0,0,0,0,5.87388427505738e-06,2.70802157945078e-06,5.0143172091763e-06,1.60245363643103e-06,1.87537413600478e-06,1.90243991977671e-06,0,0
3.541,0,0,0,0,0,0,5.87388427505738e-06,2.70802157945078e-06,5.0143172091763e-06,1.60245363643103e-06,1.87537413600478e-06,1.90243991977671e-06,0,0
3.542,0,0,0,0,0,0,5.87388427505738e-06,2.70802157945078e-06,5.0143172091763e-06,1.60245363643103e-06,1.87537413600478e-06,1.90243991977671e-06,0,0
3.543,0,0,0,0,0,0,5.87388427505738e-06,2.70802157945078e-06,5.0143172091763e-06,1.60245363643103e-06,1.87537413600478e-06,1.90243991977671e-06,0,0
3.544,0,0,0,0,0,0,5.87388427505738e-06,2.70802157945078e-06,5.0143172091763e-06,1.60245363643103e-06,1.87537413600478e-06,1.90243991977671e-06,0,0
3.545,0,0,0,0,0,0,5.87388427505738e-06,2.70802157945078e-06,5.0143172091763e-06,1.60245363643103e-06,1.87537413600478e-06,1.90243991977671e-06,0,0
3.546,0,0,0,0,0,0,5.87388427505738e-06,2.70802157945078e-06,5.0143172091763e-06,1.60245363643103e-06,1.87537413600478e-06,1.90243991977671e-06,0,0
3.547,0,0,0,0,0,0,5.87388427505738e-06,2.70802157945078e-06,5.0143172091763e-06,1.60245363643103e-06,1.87537413600478e-06,1.90243991977671e-06,0,0
3.548,0,0,0,0,0,0,5.87388427505738e-06,2.70802157945078e-06,5.0143172091763e-06,1.60245363643103e-06,1.87537413600478e-06,1.90243991977671e-06,0,0
3.549,0,0,0,0,0,0,5.87388427505738e-06,2.70802157945078e-06,5.0143172091763e-06,1.60245363643103e-06,1.87537413600478e-06,1.90243991977671e-06,0,0
3.55,0,0,0,0,0,0,5.87388427505738e-06,2.70802157945078e-06,5.0143172091763e-06,1.60245363643103e-06,1.87537413600478e-06,1.90243991977671e-06,0,0
3.551,0,0,0,0,0,0,5.87388427505738e-06,2.70802157945078e-06,5.0143172091763e-06,1.60245363643103e-06,1.87537413600478e-06,1.90243991977671e-06,0,0
3.552,0,0,0,0,0,0,5.87388427505738e-06,2.70802157945078e-06,5.0143172091763e-06,1.60245363643103e-06,1.87537413600478e-06,1.90243991977671e-06,0,0
3.553,0,0,0,0,0,0,5.87388427505738e-06,2.70802157945078e-06,5.0143172091763e-06,1.60245363643103e-06,1.87537413600478e-06,1.90243991977671e-06,0,0
3.554,0,0,0,0,0,0,5.87388427505738e-06,2.70802157945078e-06,5.0143172091763e-06,1.60245363643103e-06,1.87537413600478e-06,1.90243991977671e-06,0,0
3.555,0,0,0,0,0,0,5.87388427505738e-06,2.70802157945078e-06,5.0143172091763e-06,1.60245363643103e-06,1.87537413600478e-06,1.90243991977671e-06,0,0
3.556,0,0,0,0,0,0,5.87388427505738e-06,2.70802157945078e-06,5.0143172091763e-06,1.60245363643103e-06,1.87537413600478e-06,1.90243991977671e-06,0,0
3.557,0,0,0,0,0,0,5.87388427505738e-06,2.70802157945078e-06,5.0143172091763e-06,1.60245363643103e-06,1.87537413600478e-06,1.90243991977671e-06,0,0
3.558,0,0,0,0,0,0,5.87388427505738e-06,2.70802157945078e-06,5.0143172091763e-06,1.60245363643103e-06,1.87537413600478e-06,1.90243991977671e-06,0,0
3.559,0,0,0,0,0,0,5.87388427505738e-06,2.70802157945078e-06,5.0143172091763e-06,1.60245363643103e-06,1.87537413600478e-06,1.90243991977671e-06,0,0
3.56,0,0,0,0,0,0,5.87388427505738e-06,2.70802157945078e-06,5.0143172091763e-06,1.60245363643103e-06,1.87537413600478e-06,1.90243991977671e-06,0,0
3.561,0,0,0,0,0,0,5.87388427505738e-06,2.70802157945078e-06,5.0143172091763e-06,1.60245363643103e-06,1.87537413600478e-06,1.90243991977671e-06,0,0
3.562,0,0,0,0,0,0,5.87388427505738e-06,2.70802157945078e-06,5.0143172091763e-06,1.60245363643103e-06,1.87537413600478e-06,1.90243991977671e-06,0,0
3.563,0,0,0,0,0,0,5.87388427505738e-06,2.70802157945078e-06,5.0143172091763e-06,1.60245363643103e-06,1.87537413600478e-06,1.90243991977671e-06,0,0
3.564,0,0,0,0,0,0,5.87388427505738e-06,2.70802157945078e-06,5.0143172091763e-06,1.60245363643103e-06,1.87537413600478e-06,1.90243991977671e-06,0,0
3.565,0,0,0,0,0,0,5.87388427505738e-06,2.70802157945078e-06,5.0143172091763e-06,1.60245363643103e-06,1.87537413600478e-06,1.90243991977671e-06,0,0
3.566,0,0,0,0,0,0,5.87388427505738e-06,2.70802157945078e-06,5.0143172091763e-06,1.60245363643103e-06,1.87537413600478e-06,1.90243991977671e-06,0,0
3.567,0,0,0,0,0,0,5.87388427505738e-06,2.70802157945078e-06,5.0143172091763e-06,1.60245363643103e-06,1.87537413600478e-06,1.90243991977671e-06,0,0
3.568,0,0,0,0,0,0,5.87388427505738e-06,2.70802157945078e-06,5.0143172091763e-06,1.60245363643103e-06,1.87537413600478e-06,1.90243991977671e-06,0,0
3.569,0,0,0,0,0,0,5.87388427505738e-06,2.70802157945078e-06,5.0143172091763e-06,1.60245363643103e-06,1.87537413600478e-06,1.90243991977671e-06,0,0
3.57,0,0,0,0,0,0,5.87388427505738e-06,2.70802157945078e-06,5.0143172091763e-06,1.60245363643103e-06,1.87537413600478e-06,1.90243991977671e-06,0,0
3.571,0,0,0,0,0,0,5.87388427505738e-06,2.70802157945078e-06,5.0143172091763e-06,1.60245363643103e-06,1.87537413600478e-06,1.90243991977671e-06,0,0
3.572,0,0,0,0,0,0,5.87388427505738e-06,2.70802157945078e-06,5.0143172091763e-06,1.60245363643103e-06,1.87537413600478e-06,1.90243991977671e-06,0,0
3.573,0,0,0,0,0,0,5.87388427505738e-06,2.70802157945078e-06,5.0143172091763e-06,1.60245363643103e-06,1.87537413600478e-06,1.90243991977671e-06,0,0
3.574,0,0,0,0,0,0,5.87388427505738e-06,2.70802157945078e-06,5.0143172091763e-06,1.60245363643103e-06,1.87537413600478e-06,1.90243991977671e-06,0,0
3.575,0,0,0,0,0,0,5.87388427505738e-06,2.70802157945078e-06,5.0143172091763e-06,1.60245363643103e-06,1.87537413600478e-06,1.90243991977671e-06,0,0
3.576,0,0,0,0,0,0,5.87388427505738e-06,2.70802157945078e-06,5.0143172091763e-06,1.60245363643103e-06,1.87537413600478e-06,1.90243991977671e-06,0,0
3.577,0,0,0,0,0,0,5.87388427505738e-06,2.70802157945078e-06,5.0143172091763e-06,1.60245363643103e-06,1.87537413600478e-06,1.90243991977671e-06,0,0
3.578,0,0,0,0,0,0,5.87388427505738e-06,2.70802157945078e-06,5.0143172091763e-06,1.60245363643103e-06,1.87537413600478e-06,1.90243991977671e-06,0,0
3.579,0,0,0,0,0,0,5.87388427505738e-06,2.70802157945078e-06,5.0143172091763e-06,1.60245363643103e-06,1.87537413600478e-06,1.90243991977671e-06,0,0
3.58,0,0,0,0,0,0,5.87388427505738e-06,2.70802157945078e-06,5.0143172091763e-06,1.60245363643103e-06,1.87537413600478e-06,1.90243991977671e-06,0,0
3.581,0,0,0,0,0,0,5.87388427505738e-06,2.70802157945078e-06,5.0143172091763e-06,1.60245363643103e-06,1.87537413600478e-06,1.90243991977671e-06,0,0
3.582,0,0,0,0,0,0,5.87388427505738e-06,2.70802157945078e-06,5.0143172091763e-06,1.60245363643103e-06,1.87537413600478e-06,1.90243991977671e-06,0,0
3.583,0,0,0,0,0,0,5.87388427505738e-06,2.70802157945078e-06,5.0143172091763e-06,1.60245363643103e-06,1.87537413600478e-06,1.90243991977671e-06,0,0
3.584,0,0,0,0,0,0,5.87388427505738e-06,2.70802157945078e-06,5.0143172091763e-06,1.60245363643103e-06,1.87537413600478e-06,1.90243991977671e-06,0,0
3.585,0,0,0,0,0,0,5.87388427505738e-06,2.70802157945078e-06,5.0143172091763e-06,1.60245363643103e-06,1.87537413600478e-06,1.90243991977671e-06,0,0
3.586,0,0,0,0,0,0,5.87388427505738e-06,2.70802157945078e-06,5.0143172091763e-06,1.60245363643103e-06,1.87537413600478e-06,1.90243991977671e-06,0,0
3.587,0,0,0,0,0,0,5.87388427505738e-06,2.70802157945078e-06,5.0143172091763e-06,1.60245363643103e-06,1.87537413600478e-06,1.90243991977671e-06,0,0
3.588,0,0,0,0,0,0,5.87388427505738e-06,2.70802157945078e-06,5.0143172091763e-06,1.60245363643103e-06,1.87537413600478e-06,1.90243991977671e-06,0,0
3.589,0,0,0,0,0,0,5.87388427505738e-06,2.70802157945078e-06,5.0143172091763e-06,1.60245363643103e-06,1.87537413600478e-06,1.90243991977671e-06,0,0
3.59,0,0,0,0,0,0,5.87388427505738e-06,2.70802157945078e-06,5.0143172091763e-06,1.60245363643103e-06,1.87537413600478e-06,1.90243991977671e-06,0,0
3.591,0,0,0,0,0,0,5.87388427505738e-06,2.70802157945078e-06,5.0143172091763e-06,1.60245363643103e-06,1.87537413600478e-06,1.90243991977671e-06,0,0
3.592,0,0,0,0,0,0,5.87388427505738e-06,2.70802157945078e-06,5.0143172091763e-06,1.60245363643103e-06,1.87537413600478e-06,1.90243991977671e-06,0,0
3.593,0,0,0,0,0,0,5.87388427505738e-06,2.70802157945078e-06,5.0143172091763e-06,1.60245363643103e-06,1.87537413600478e-06,1.90243991977671e-06,0,0
3.594,0,0,0,0,0,0,5.87388427505738e-06,2.70802157945078e-06,5.0143172091763e-06,1.60245363643103e-06,1.87537413600478e-06,1.90243991977671e-06,0,0
3.595,0,0,0,0,0,0,5.87388427505738e-06,2.70802157945078e-06,5.0143172091763e-06,1.60245363643103e-06,1.87537413600478e-06,1.90243991977671e-06,0,0
3.596,0,0,0,0,0,0,5.87388427505738e-06,2.70802157945078e-06,5.0143172091763e-06,1.60245363643103e-06,1.87537413600478e-06,1.90243991977671e-06,0,0
3.597,0,0,0,0,0,0,5.87388427505738e-06,2.70802157945078e-06,5.0143172091763e-06,1.60245363643103e-06,1.87537413600478e-06,1.90243991977671e-06,0,0
3.598,0,0,0,0,0,0,5.87388427505738e-06,2.70802157945078e-06,5.0143172091763e-06,1.60245363643103e-06,1.87537413600478e-06,1.90243991977671e-06,0,0
3.599,0,0,0,0,0,0,5.87388427505738e-06,2.70802157945078e-06,5.0143172091763e-06,1.60245363643103e-06,1.87537413600478e-06,1.90243991977671e-06,0,0
3.6,0,0,0,0,0,0,5.87388427505738e-06,2.70802157945078e-06,5.0143172091763e-06,1.60245363643103e-06,1.87537413600478e-06,1.90243991977671e-06,0,0
3.601,0,0,0,0,0,0,5.87388427505738e-06,2.70802157945078e-06,5.0143172091763e-06,1.60245363643103e-06,1.87537413600478e-06,1.90243991977671e-06,0,0
3.602,0,0,0,0,0,0,5.87388427505738e-06,2.70802157945078e-06,5.0143172091763e-06,1.60245363643103e-06,1.87537413600478e-06,1.90243991977671e-06,0,0
3.603,0,0,0,0,0,0,5.87388427505738e-06,2.70802157945078e-06,5.0143172091763e-06,1.60245363643103e-06,1.87537413600478e-06,1.90243991977671e-06,0,0
3.604,0,0,0,0,0,0,5.87388427505738e-06,2.70802157945078e-06,5.0143172091763e-06,1.60245363643103e-06,1.87537413600478e-06,1.90243991977671e-06,0,0
3.605,0,0,0,0,0,0,5.87388427505738e-06,2.70802157945078e-06,5.0143172091763e-06,1.60245363643103e-06,1.87537413600478e-06,1.90243991977671e-06,0,0
3.606,0,0,0,0,0,0,5.87388427505738e-06,2.70802157945078e-06,5.0143172091763e-06,1.60245363643103e-06,1.87537413600478e-06,1.90243991977671e-06,0,0
3.607,0,0,0,0,0,0,5.87388427505738e-06,2.70802157945078e-06,5.0143172091763e-06,1.60245363643103e-06,1.87537413600478e-06,1.90243991977671e-06,0,0
3.608,0,0,0,0,0,0,5.87388427505738e-06,2.70802157945078e-06,5.0143172091763e-06,1.60245363643103e-06,1.87537413600478e-06,1.90243991977671e-06,0,0
3.609,0,0,0,0,0,0,5.87388427505738e-06,2.70802157945078e-06,5.0143172091763e-06,1.60245363643103e-06,1.87537413600478e-06,1.90243991977671e-06,0,0
3.61,0,0,0,0,0,0,5.87388427505738e-06,2.70802157945078e-06,5.0143172091763e-06,1.60245363643103e-06,1.87537413600478e-06,1.90243991977671e-06,0,0
3.611,0,0,0,0,0,0,5.87388427505738e-06,2.70802157945078e-06,5.0143172091763e-06,1.60245363643103e-06,1.87537413600478e-06,1.90243991977671e-06,0,0
3.612,0,0,0,0,0,0,5.87388427505738e-06,2.70802157945078e-06,5.0143172091763e-06,1.60245363643103e-06,1.87537413600478e-06,1.90243991977671e-06,0,0
3.613,0,0,0,0,0,0,5.87388427505738e-06,2.70802157945078e-06,5.0143172091763e-06,1.60245363643103e-06,1.87537413600478e-06,1.90243991977671e-06,0,0
3.614,0,0,0,0,0,0,5.87388427505738e-06,2.70802157945078e-06,5.0143172091763e-06,1.60245363643103e-06,1.87537413600478e-06,1.90243991977671e-06,0,0
3.615,0,0,0,0,0,0,5.87388427505738e-06,2.70802157945078e-06,5.0143172091763e-06,1.60245363643103e-06,1.87537413600478e-06,1.90243991977671e-06,0,0
3.616,0,0,0,0,0,0,5.87388427505738e-06,2.70802157945078e-06,5.0143172091763e-06,1.60245363643103e-06,1.87537413600478e-06,1.90243991977671e-06,0,0
3.617,0,0,0,0,0,0,5.87388427505738e-06,2.70802157945078e-06,5.0143172091763e-06,1.60245363643103e-06,1.87537413600478e-06,1.90243991977671e-06,0,0
3.618,0,0,0,0,0,0,5.87388427505738e-06,2.70802157945078e-06,5.0143172091763e-06,1.60245363643103e-06,1.87537413600478e-06,1.90243991977671e-06,0,0
3.619,0,0,0,0,0,0,5.87388427505738e-06,2.70802157945078e-06,5.0143172091763e-06,1.60245363643103e-06,1.87537413600478e-06,1.90243991977671e-06,0,0
3.62,0,0,0,0,0,0,5.87388427505738e-06,2.70802157945078e-06,5.0143172091763e-06,1.60245363643103e-06,1.87537413600478e-06,1.90243991977671e-06,0,0
3.621,0,0,0,0,0,0,5.87388427505738e-06,2.70802157945078e-06,5.0143172091763e-06,1.60245363643103e-06,1.87537413600478e-06,1.90243991977671e-06,0,0
3.622,0,0,0,0,0,0,5.87388427505738e-06,2.70802157945078e-06,5.0143172091763e-06,1.60245363643103e-06,1.87537413600478e-06,1.90243991977671e-06,0,0
3.623,0,0,0,0,0,0,5.87388427505738e-06,2.70802157945078e-06,5.0143172091763e-06,1.60245363643103e-06,1.87537413600478e-06,1.90243991977671e-06,0,0
3.624,0,0,0,0,0,0,5.87388427505738e-06,2.70802157945078e-06,5.0143172091763e-06,1.60245363643103e-06,1.87537413600478e-06,1.90243991977671e-06,0,0
3.625,0,0,0,0,0,0,5.87388427505738e-06,2.70802157945078e-06,5.0143172091763e-06,1.60245363643103e-06,1.87537413600478e-06,1.90243991977671e-06,0,0
3.626,0,0,0,0,0,0,5.87388427505738e-06,2.70802157945078e-06,5.0143172091763e-06,1.60245363643103e-06,1.87537413600478e-06,1.90243991977671e-06,0,0
3.627,0,0,0,0,0,0,5.87388427505738e-06,2.70802157945078e-06,5.0143172091763e-06,1.60245363643103e-06,1.87537413600478e-06,1.90243991977671e-06,0,0
3.628,0,0,0,0,0,0,5.87388427505738e-06,2.70802157945078e-06,5.0143172091763e-06,1.60245363643103e-06,1.87537413600478e-06,1.90243991977671e-06,0,0
3.629,0,0,0,0,0,0,5.87388427505738e-06,2.70802157945078e-06,5.0143172091763e-06,1.60245363643103e-06,1.87537413600478e-06,1.90243991977671e-06,0,0
3.63,0,0,0,0,0,0,5.87388427505738e-06,2.70802157945078e-06,5.0143172091763e-06,1.60245363643103e-06,1.87537413600478e-06,1.90243991977671e-06,0,0
3.631,0,0,0,0,0,0,5.87388427505738e-06,2.70802157945078e-06,5.0143172091763e-06,1.60245363643103e-06,1.87537413600478e-06,1.90243991977671e-06,0,0
3.632,0,0,0,0,0,0,5.87388427505738e-06,2.70802157945078e-06,5.0143172091763e-06,1.60245363643103e-06,1.87537413600478e-06,1.90243991977671e-06,0,0
3.633,0,0,0,0,0,0,5.87388427505738e-06,2.70802157945078e-06,5.0143172091763e-06,1.60245363643103e-06,1.87537413600478e-06,1.90243991977671e-06,0,0
3.634,0,0,0,0,0,0,5.87388427505738e-06,2.70802157945078e-06,5.0143172091763e-06,1.60245363643103e-06,1.87537413600478e-06,1.90243991977671e-06,0,0
3.635,0,0,0,0,0,0,5.87388427505738e-06,2.70802157945078e-06,5.0143172091763e-06,1.60245363643103e-06,1.87537413600478e-06,1.90243991977671e-06,0,0
3.636,0,0,0,0,0,0,5.87388427505738e-06,2.70802157945078e-06,5.0143172091763e-06,1.60245363643103e-06,1.87537413600478e-06,1.90243991977671e-06,0,0
3.637,0,0,0,0,0,0,5.87388427505738e-06,2.70802157945078e-06,5.0143172091763e-06,1.60245363643103e-06,1.87537413600478e-06,1.90243991977671e-06,0,0
3.638,0,0,0,0,0,0,5.87388427505738e-06,2.70802157945078e-06,5.0143172091763e-06,1.60245363643103e-06,1.87537413600478e-06,1.90243991977671e-06,0,0
3.639,0,0,0,0,0,0,5.87388427505738e-06,2.70802157945078e-06,5.0143172091763e-06,1.60245363643103e-06,1.87537413600478e-06,1.90243991977671e-06,0,0
3.64,0,0,0,0,0,0,5.87388427505738e-06,2.70802157945078e-06,5.0143172091763e-06,1.60245363643103e-06,1.87537413600478e-06,1.90243991977671e-06,0,0
3.641,0,0,0,0,0,0,5.87388427505738e-06,2.70802157945078e-06,5.0143172091763e-06,1.60245363643103e-06,1.87537413600478e-06,1.90243991977671e-06,0,0
3.642,0,0,0,0,0,0,5.87388427505738e-06,2.70802157945078e-06,5.0143172091763e-06,1.60245363643103e-06,1.87537413600478e-06,1.90243991977671e-06,0,0
3.643,0,0,0,0,0,0,5.87388427505738e-06,2.70802157945078e-06,5.0143172091763e-06,1.60245363643103e-06,1.87537413600478e-06,1.90243991977671e-06,0,0
3.644,0,0,0,0,0,0,5.87388427505738e-06,2.70802157945078e-06,5.0143172091763e-06,1.60245363643103e-06,1.87537413600478e-06,1.90243991977671e-06,0,0
3.645,0,0,0,0,0,0,5.87388427505738e-06,2.70802157945078e-06,5.0143172091763e-06,1.60245363643103e-06,1.87537413600478e-06,1.90243991977671e-06,0,0
3.646,0,0,0,0,0,0,5.87388427505738e-06,2.70802157945078e-06,5.0143172091763e-06,1.60245363643103e-06,1.87537413600478e-06,1.90243991977671e-06,0,0
3.647,0,0,0,0,0,0,5.87388427505738e-06,2.70802157945078e-06,5.0143172091763e-06,1.60245363643103e-06,1.87537413600478e-06,1.90243991977671e-06,0,0
3.648,0,0,0,0,0,0,5.87388427505738e-06,2.70802157945078e-06,5.0143172091763e-06,1.60245363643103e-06,1.87537413600478e-06,1.90243991977671e-06,0,0
3.649,0,0,0,0,0,0,5.87388427505738e-06,2.70802157945078e-06,5.0143172091763e-06,1.60245363643103e-06,1.87537413600478e-06,1.90243991977671e-06,0,0
3.65,0,0,0,0,0,0,5.87388427505738e-06,2.70802157945078e-06,5.0143172091763e-06,1.60245363643103e-06,1.87537413600478e-06,1.90243991977671e-06,0,0
3.651,0,0,0,0,0,0,5.87388427505738e-06,2.70802157945078e-06,5.0143172091763e-06,1.60245363643103e-06,1.87537413600478e-06,1.90243991977671e-06,0,0
3.652,0,0,0,0,0,0,5.87388427505738e-06,2.70802157945078e-06,5.0143172091763e-06,1.60245363643103e-06,1.87537413600478e-06,1.90243991977671e-06,0,0
3.653,0,0,0,0,0,0,5.87388427505738e-06,2.70802157945078e-06,5.0143172091763e-06,1.60245363643103e-06,1.87537413600478e-06,1.90243991977671e-06,0,0
3.654,0,0,0,0,0,0,5.87388427505738e-06,2.70802157945078e-06,5.0143172091763e-06,1.60245363643103e-06,1.87537413600478e-06,1.90243991977671e-06,0,0
3.655,0,0,0,0,0,0,5.87388427505738e-06,2.70802157945078e-06,5.0143172091763e-06,1.60245363643103e-06,1.87537413600478e-06,1.90243991977671e-06,0,0
3.656,0,0,0,0,0,0,5.87388427505738e-06,2.70802157945078e-06,5.0143172091763e-06,1.60245363643103e-06,1.87537413600478e-06,1.90243991977671e-06,0,0
3.657,0,0,0,0,0,0,5.87388427505738e-06,2.70802157945078e-06,5.0143172091763e-06,1.60245363643103e-06,1.87537413600478e-06,1.90243991977671e-06,0,0
3.658,0,0,0,0,0,0,5.87388427505738e-06,2.70802157945078e-06,5.0143172091763e-06,1.60245363643103e-06,1.87537413600478e-06,1.90243991977671e-06,0,0
3.659,0,0,0,0,0,0,5.87388427505738e-06,2.70802157945078e-06,5.0143172091763e-06,1.60245363643103e-06,1.87537413600478e-06,1.90243991977671e-06,0,0
3.66,0,0,0,0,0,0,5.87388427505738e-06,2.70802157945078e-06,5.0143172091763e-06,1.60245363643103e-06,1.87537413600478e-06,1.90243991977671e-06,0,0
3.661,0,0,0,0,0,0,5.87388427505738e-06,2.70802157945078e-06,5.0143172091763e-06,1.60245363643103e-06,1.87537413600478e-06,1.90243991977671e-06,0,0
3.662,0,0,0,0,0,0,5.87388427505738e-06,2.70802157945078e-06,5.0143172091763e-06,1.60245363643103e-06,1.87537413600478e-06,1.90243991977671e-06,0,0
3.663,0,0,0,0,0,0,5.87388427505738e-06,2.70802157945078e-06,5.0143172091763e-06,1.60245363643103e-06,1.87537413600478e-06,1.90243991977671e-06,0,0
3.664,0,0,0,0,0,0,5.87388427505738e-06,2.70802157945078e-06,5.0143172091763e-06,1.60245363643103e-06,1.87537413600478e-06,1.90243991977671e-06,0,0
3.665,0,0,0,0,0,0,5.87388427505738e-06,2.70802157945078e-06,5.0143172091763e-06,1.60245363643103e-06,1.87537413600478e-06,1.90243991977671e-06,0,0
3.666,0,0,0,0,0,0,5.87388427505738e-06,2.70802157945078e-06,5.0143172091763e-06,1.60245363643103e-06,1.87537413600478e-06,1.90243991977671e-06,0,0
3.667,0,0,0,0,0,0,5.87388427505738e-06,2.70802157945078e-06,5.0143172091763e-06,1.60245363643103e-06,1.87537413600478e-06,1.90243991977671e-06,0,0
3.668,0,0,0,0,0,0,5.87388427505738e-06,2.70802157945078e-06,5.0143172091763e-06,1.60245363643103e-06,1.87537413600478e-06,1.90243991977671e-06,0,0
3.669,0,0,0,0,0,0,5.87388427505738e-06,2.70802157945078e-06,5.0143172091763e-06,1.60245363643103e-06,1.87537413600478e-06,1.90243991977671e-06,0,0
3.67,0,0,0,0,0,0,5.87388427505738e-06,2.70802157945078e-06,5.0143172091763e-06,1.60245363643103e-06,1.87537413600478e-06,1.90243991977671e-06,0,0
3.671,0,0,0,0,0,0,5.87388427505738e-06,2.70802157945078e-06,5.0143172091763e-06,1.60245363643103e-06,1.87537413600478e-06,1.90243991977671e-06,0,0
3.672,0,0,0,0,0,0,5.87388427505738e-06,2.70802157945078e-06,5.0143172091763e-06,1.60245363643103e-06,1.87537413600478e-06,1.90243991977671e-06,0,0
3.673,0,0,0,0,0,0,5.87388427505738e-06,2.70802157945078e-06,5.0143172091763e-06,1.60245363643103e-06,1.87537413600478e-06,1.90243991977671e-06,0,0
3.674,0,0,0,0,0,0,5.87388427505738e-06,2.70802157945078e-06,5.0143172091763e-06,1.60245363643103e-06,1.87537413600478e-06,1.90243991977671e-06,0,0
3.675,0,0,0,0,0,0,5.87388427505738e-06,2.70802157945078e-06,5.0143172091763e-06,1.60245363643103e-06,1.87537413600478e-06,1.90243991977671e-06,0,0
3.676,0,0,0,0,0,0,5.87388427505738e-06,2.70802157945078e-06,5.0143172091763e-06,1.60245363643103e-06,1.87537413600478e-06,1.90243991977671e-06,0,0
3.677,0,0,0,0,0,0,5.87388427505738e-06,2.70802157945078e-06,5.0143172091763e-06,1.60245363643103e-06,1.87537413600478e-06,1.90243991977671e-06,0,0
3.678,0,0,0,0,0,0,5.87388427505738e-06,2.70802157945078e-06,5.0143172091763e-06,1.60245363643103e-06,1.87537413600478e-06,1.90243991977671e-06,0,0
3.679,0,0,0,0,0,0,5.87388427505738e-06,2.70802157945078e-06,5.0143172091763e-06,1.60245363643103e-06,1.87537413600478e-06,1.90243991977671e-06,0,0
3.68,0,0,0,0,0,0,5.87388427505738e-06,2.70802157945078e-06,5.0143172091763e-06,1.60245363643103e-06,1.87537413600478e-06,1.90243991977671e-06,0,0
3.681,0,0,0,0,0,0,5.87388427505738e-06,2.70802157945078e-06,5.0143172091763e-06,1.60245363643103e-06,1.87537413600478e-06,1.90243991977671e-06,0,0
3.682,0,0,0,0,0,0,5.87388427505738e-06,2.70802157945078e-06,5.0143172091763e-06,1.60245363643103e-06,1.87537413600478e-06,1.90243991977671e-06,0,0
3.683,0,0,0,0,0,0,5.87388427505738e-06,2.70802157945078e-06,5.0143172091763e-06,1.60245363643103e-06,1.87537413600478e-06,1.90243991977671e-06,0,0
3.684,0,0,0,0,0,0,5.87388427505738e-06,2.70802157945078e-06,5.0143172091763e-06,1.60245363643103e-06,1.87537413600478e-06,1.90243991977671e-06,0,0
3.685,0,0,0,0,0,0,5.87388427505738e-06,2.70802157945078e-06,5.0143172091763e-06,1.60245363643103e-06,1.87537413600478e-06,1.90243991977671e-06,0,0
3.686,0,0,0,0,0,0,5.87388427505738e-06,2.70802157945078e-06,5.0143172091763e-06,1.60245363643103e-06,1.87537413600478e-06,1.90243991977671e-06,0,0
3.687,0,0,0,0,0,0,5.87388427505738e-06,2.70802157945078e-06,5.0143172091763e-06,1.60245363643103e-06,1.87537413600478e-06,1.90243991977671e-06,0,0
3.688,0,0,0,0,0,0,5.87388427505738e-06,2.70802157945078e-06,5.0143172091763e-06,1.60245363643103e-06,1.87537413600478e-06,1.90243991977671e-06,0,0
3.689,0,0,0,0,0,0,5.87388427505738e-06,2.70802157945078e-06,5.0143172091763e-06,1.60245363643103e-06,1.87537413600478e-06,1.90243991977671e-06,0,0
3.69,0,0,0,0,0,0,5.87388427505738e-06,2.70802157945078e-06,5.0143172091763e-06,1.60245363643103e-06,1.87537413600478e-06,1.90243991977671e-06,0,0
3.691,0,0,0,0,0,0,5.87388427505738e-06,2.70802157945078e-06,5.0143172091763e-06,1.60245363643103e-06,1.87537413600478e-06,1.90243991977671e-06,0,0
3.692,0,0,0,0,0,0,5.87388427505738e-06,2.70802157945078e-06,5.0143172091763e-06,1.60245363643103e-06,1.87537413600478e-06,1.90243991977671e-06,0,0
3.693,0,0,0,0,0,0,5.87388427505738e-06,2.70802157945078e-06,5.0143172091763e-06,1.60245363643103e-06,1.87537413600478e-06,1.90243991977671e-06,0,0
3.694,0,0,0,0,0,0,5.87388427505738e-06,2.70802157945078e-06,5.0143172091763e-06,1.60245363643103e-06,1.87537413600478e-06,1.90243991977671e-06,0,0
3.695,0,0,0,0,0,0,5.87388427505738e-06,2.70802157945078e-06,5.0143172091763e-06,1.60245363643103e-06,1.87537413600478e-06,1.90243991977671e-06,0,0
3.696,0,0,0,0,0,0,5.87388427505738e-06,2.70802157945078e-06,5.0143172091763e-06,1.60245363643103e-06,1.87537413600478e-06,1.90243991977671e-06,0,0
3.697,0,0,0,0,0,0,5.87388427505738e-06,2.70802157945078e-06,5.0143172091763e-06,1.60245363643103e-06,1.87537413600478e-06,1.90243991977671e-06,0,0
3.698,0,0,0,0,0,0,5.87388427505738e-06,2.70802157945078e-06,5.0143172091763e-06,1.60245363643103e-06,1.87537413600478e-06,1.90243991977671e-06,0,0
3.699,0,0,0,0,0,0,5.87388427505738e-06,2.70802157945078e-06,5.0143172091763e-06,1.60245363643103e-06,1.87537413600478e-06,1.90243991977671e-06,0,0
3.7,0,0,0,0,0,0,5.87388427505738e-06,2.70802157945078e-06,5.0143172091763e-06,1.60245363643103e-06,1.87537413600478e-06,1.90243991977671e-06,0,0
3.701,0,0,0,0,0,0,5.87388427505738e-06,2.70802157945078e-06,5.0143172091763e-06,1.60245363643103e-06,1.87537413600478e-06,1.90243991977671e-06,0,0
3.702,0,0,0,0,0,0,5.87388427505738e-06,2.70802157945078e-06,5.0143172091763e-06,1.60245363643103e-06,1.87537413600478e-06,1.90243991977671e-06,0,0
3.703,0,0,0,0,0,0,5.87388427505738e-06,2.70802157945078e-06,5.0143172091763e-06,1.60245363643103e-06,1.87537413600478e-06,1.90243991977671e-06,0,0
3.704,0,0,0,0,0,0,5.87388427505738e-06,2.70802157945078e-06,5.0143172091763e-06,1.60245363643103e-06,1.87537413600478e-06,1.90243991977671e-06,0,0
3.705,0,0,0,0,0,0,5.87388427505738e-06,2.70802157945078e-06,5.0143172091763e-06,1.60245363643103e-06,1.87537413600478e-06,1.90243991977671e-06,0,0
3.706,0,0,0,0,0,0,5.87388427505738e-06,2.70802157945078e-06,5.0143172091763e-06,1.60245363643103e-06,1.87537413600478e-06,1.90243991977671e-06,0,0
3.707,0,0,0,0,0,0,5.87388427505738e-06,2.70802157945078e-06,5.0143172091763e-06,1.60245363643103e-06,1.87537413600478e-06,1.90243991977671e-06,0,0
3.708,0,0,0,0,0,0,5.87388427505738e-06,2.70802157945078e-06,5.0143172091763e-06,1.60245363643103e-06,1.87537413600478e-06,1.90243991977671e-06,0,0
3.709,0,0,0,0,0,0,5.87388427505738e-06,2.70802157945078e-06,5.0143172091763e-06,1.60245363643103e-06,1.87537413600478e-06,1.90243991977671e-06,0,0
3.71,0,0,0,0,0,0,5.87388427505738e-06,2.70802157945078e-06,5.0143172091763e-06,1.60245363643103e-06,1.87537413600478e-06,1.90243991977671e-06,0,0
3.711,0,0,0,0,0,0,5.87388427505738e-06,2.70802157945078e-06,5.0143172091763e-06,1.60245363643103e-06,1.87537413600478e-06,1.90243991977671e-06,0,0
3.712,0,0,0,0,0,0,5.87388427505738e-06,2.70802157945078e-06,5.0143172091763e-06,1.60245363643103e-06,1.87537413600478e-06,1.90243991977671e-06,0,0
3.713,0,0,0,0,0,0,5.87388427505738e-06,2.70802157945078e-06,5.0143172091763e-06,1.60245363643103e-06,1.87537413600478e-06,1.90243991977671e-06,0,0
3.714,0,0,0,0,0,0,5.87388427505738e-06,2.70802157945078e-06,5.0143172091763e-06,1.60245363643103e-06,1.87537413600478e-06,1.90243991977671e-06,0,0
3.715,0,0,0,0,0,0,5.87388427505738e-06,2.70802157945078e-06,5.0143172091763e-06,1.60245363643103e-06,1.87537413600478e-06,1.90243991977671e-06,0,0
3.716,0,0,0,0,0,0,5.87388427505738e-06,2.70802157945078e-06,5.0143172091763e-06,1.60245363643103e-06,1.87537413600478e-06,1.90243991977671e-06,0,0
3.717,0,0,0,0,0,0,5.87388427505738e-06,2.70802157945078e-06,5.0143172091763e-06,1.60245363643103e-06,1.87537413600478e-06,1.90243991977671e-06,0,0
3.718,0,0,0,0,0,0,5.87388427505738e-06,2.70802157945078e-06,5.0143172091763e-06,1.60245363643103e-06,1.87537413600478e-06,1.90243991977671e-06,0,0
3.719,0,0,0,0,0,0,5.87388427505738e-06,2.70802157945078e-06,5.0143172091763e-06,1.60245363643103e-06,1.87537413600478e-06,1.90243991977671e-06,0,0
3.72,0,0,0,0,0,0,5.87388427505738e-06,2.70802157945078e-06,5.0143172091763e-06,1.60245363643103e-06,1.87537413600478e-06,1.90243991977671e-06,0,0
3.721,0,0,0,0,0,0,5.87388427505738e-06,2.70802157945078e-06,5.0143172091763e-06,1.60245363643103e-06,1.87537413600478e-06,1.90243991977671e-06,0,0
3.722,0,0,0,0,0,0,5.87388427505738e-06,2.70802157945078e-06,5.0143172091763e-06,1.60245363643103e-06,1.87537413600478e-06,1.90243991977671e-06,0,0
3.723,0,0,0,0,0,0,5.87388427505738e-06,2.70802157945078e-06,5.0143172091763e-06,1.60245363643103e-06,1.87537413600478e-06,1.90243991977671e-06,0,0
3.724,0,0,0,0,0,0,5.87388427505738e-06,2.70802157945078e-06,5.0143172091763e-06,1.60245363643103e-06,1.87537413600478e-06,1.90243991977671e-06,0,0
3.725,0,0,0,0,0,0,5.87388427505738e-06,2.70802157945078e-06,5.0143172091763e-06,1.60245363643103e-06,1.87537413600478e-06,1.90243991977671e-06,0,0
3.726,0,0,0,0,0,0,5.87388427505738e-06,2.70802157945078e-06,5.0143172091763e-06,1.60245363643103e-06,1.87537413600478e-06,1.90243991977671e-06,0,0
3.727,0,0,0,0,0,0,5.87388427505738e-06,2.70802157945078e-06,5.0143172091763e-06,1.60245363643103e-06,1.87537413600478e-06,1.90243991977671e-06,0,0
3.728,0,0,0,0,0,0,5.87388427505738e-06,2.70802157945078e-06,5.0143172091763e-06,1.60245363643103e-06,1.87537413600478e-06,1.90243991977671e-06,0,0
3.729,0,0,0,0,0,0,5.87388427505738e-06,2.70802157945078e-06,5.0143172091763e-06,1.60245363643103e-06,1.87537413600478e-06,1.90243991977671e-06,0,0
3.73,0,0,0,0,0,0,5.87388427505738e-06,2.70802157945078e-06,5.0143172091763e-06,1.60245363643103e-06,1.87537413600478e-06,1.90243991977671e-06,0,0
3.731,0,0,0,0,0,0,5.87388427505738e-06,2.70802157945078e-06,5.0143172091763e-06,1.60245363643103e-06,1.87537413600478e-06,1.90243991977671e-06,0,0
3.732,0,0,0,0,0,0,5.87388427505738e-06,2.70802157945078e-06,5.0143172091763e-06,1.60245363643103e-06,1.87537413600478e-06,1.90243991977671e-06,0,0
3.733,0,0,0,0,0,0,5.87388427505738e-06,2.70802157945078e-06,5.0143172091763e-06,1.60245363643103e-06,1.87537413600478e-06,1.90243991977671e-06,0,0
3.734,0,0,0,0,0,0,5.87388427505738e-06,2.70802157945078e-06,5.0143172091763e-06,1.60245363643103e-06,1.87537413600478e-06,1.90243991977671e-06,0,0
3.735,0,0,0,0,0,0,5.87388427505738e-06,2.70802157945078e-06,5.0143172091763e-06,1.60245363643103e-06,1.87537413600478e-06,1.90243991977671e-06,0,0
3.736,0,0,0,0,0,0,5.87388427505738e-06,2.70802157945078e-06,5.0143172091763e-06,1.60245363643103e-06,1.87537413600478e-06,1.90243991977671e-06,0,0
3.737,0,0,0,0,0,0,5.87388427505738e-06,2.70802157945078e-06,5.0143172091763e-06,1.60245363643103e-06,1.87537413600478e-06,1.90243991977671e-06,0,0
3.738,0,0,0,0,0,0,5.87388427505738e-06,2.70802157945078e-06,5.0143172091763e-06,1.60245363643103e-06,1.87537413600478e-06,1.90243991977671e-06,0,0
3.739,0,0,0,0,0,0,5.87388427505738e-06,2.70802157945078e-06,5.0143172091763e-06,1.60245363643103e-06,1.87537413600478e-06,1.90243991977671e-06,0,0
3.74,0,0,0,0,0,0,5.87388427505738e-06,2.70802157945078e-06,5.0143172091763e-06,1.60245363643103e-06,1.87537413600478e-06,1.90243991977671e-06,0,0
3.741,0,0,0,0,0,0,5.87388427505738e-06,2.70802157945078e-06,5.0143172091763e-06,1.60245363643103e-06,1.87537413600478e-06,1.90243991977671e-06,0,0
3.742,0,0,0,0,0,0,5.87388427505738e-06,2.70802157945078e-06,5.0143172091763e-06,1.60245363643103e-06,1.87537413600478e-06,1.90243991977671e-06,0,0
3.743,0,0,0,0,0,0,5.87388427505738e-06,2.70802157945078e-06,5.0143172091763e-06,1.60245363643103e-06,1.87537413600478e-06,1.90243991977671e-06,0,0
3.744,0,0,0,0,0,0,5.87388427505738e-06,2.70802157945078e-06,5.0143172091763e-06,1.60245363643103e-06,1.87537413600478e-06,1.90243991977671e-06,0,0
3.745,0,0,0,0,0,0,5.87388427505738e-06,2.70802157945078e-06,5.0143172091763e-06,1.60245363643103e-06,1.87537413600478e-06,1.90243991977671e-06,0,0
3.746,0,0,0,0,0,0,5.87388427505738e-06,2.70802157945078e-06,5.0143172091763e-06,1.60245363643103e-06,1.87537413600478e-06,1.90243991977671e-06,0,0
3.747,0,0,0,0,0,0,5.87388427505738e-06,2.70802157945078e-06,5.0143172091763e-06,1.60245363643103e-06,1.87537413600478e-06,1.90243991977671e-06,0,0
3.748,0,0,0,0,0,0,5.87388427505738e-06,2.70802157945078e-06,5.0143172091763e-06,1.60245363643103e-06,1.87537413600478e-06,1.90243991977671e-06,0,0
3.749,0,0,0,0,0,0,5.87388427505738e-06,2.70802157945078e-06,5.0143172091763e-06,1.60245363643103e-06,1.87537413600478e-06,1.90243991977671e-06,0,0
3.75,0,0,0,0,0,0,5.87388427505738e-06,2.70802157945078e-06,5.0143172091763e-06,1.60245363643103e-06,1.87537413600478e-06,1.90243991977671e-06,0,0
3.751,0,0,0,0,0,0,5.87388427505738e-06,2.70802157945078e-06,5.0143172091763e-06,1.60245363643103e-06,1.87537413600478e-06,1.90243991977671e-06,0,0
3.752,0,0,0,0,0,0,5.87388427505738e-06,2.70802157945078e-06,5.0143172091763e-06,1.60245363643103e-06,1.87537413600478e-06,1.90243991977671e-06,0,0
3.753,0,0,0,0,0,0,5.87388427505738e-06,2.70802157945078e-06,5.0143172091763e-06,1.60245363643103e-06,1.87537413600478e-06,1.90243991977671e-06,0,0
3.754,0,0,0,0,0,0,5.87388427505738e-06,2.70802157945078e-06,5.0143172091763e-06,1.60245363643103e-06,1.87537413600478e-06,1.90243991977671e-06,0,0
3.755,0,0,0,0,0,0,5.87388427505738e-06,2.70802157945078e-06,5.0143172091763e-06,1.60245363643103e-06,1.87537413600478e-06,1.90243991977671e-06,0,0
3.756,0,0,0,0,0,0,5.87388427505738e-06,2.70802157945078e-06,5.0143172091763e-06,1.60245363643103e-06,1.87537413600478e-06,1.90243991977671e-06,0,0
3.757,0,0,0,0,0,0,5.87388427505738e-06,2.70802157945078e-06,5.0143172091763e-06,1.60245363643103e-06,1.87537413600478e-06,1.90243991977671e-06,0,0
3.758,0,0,0,0,0,0,5.87388427505738e-06,2.70802157945078e-06,5.0143172091763e-06,1.60245363643103e-06,1.87537413600478e-06,1.90243991977671e-06,0,0
3.759,0,0,0,0,0,0,5.87388427505738e-06,2.70802157945078e-06,5.0143172091763e-06,1.60245363643103e-06,1.87537413600478e-06,1.90243991977671e-06,0,0
3.76,0,0,0,0,0,0,5.87388427505738e-06,2.70802157945078e-06,5.0143172091763e-06,1.60245363643103e-06,1.87537413600478e-06,1.90243991977671e-06,0,0
3.761,0,0,0,0,0,0,5.87388427505738e-06,2.70802157945078e-06,5.0143172091763e-06,1.60245363643103e-06,1.87537413600478e-06,1.90243991977671e-06,0,0
3.762,0,0,0,0,0,0,5.87388427505738e-06,2.70802157945078e-06,5.0143172091763e-06,1.60245363643103e-06,1.87537413600478e-06,1.90243991977671e-06,0,0
3.763,0,0,0,0,0,0,5.87388427505738e-06,2.70802157945078e-06,5.0143172091763e-06,1.60245363643103e-06,1.87537413600478e-06,1.90243991977671e-06,0,0
3.764,0,0,0,0,0,0,5.87388427505738e-06,2.70802157945078e-06,5.0143172091763e-06,1.60245363643103e-06,1.87537413600478e-06,1.90243991977671e-06,0,0
3.765,0,0,0,0,0,0,5.87388427505738e-06,2.70802157945078e-06,5.0143172091763e-06,1.60245363643103e-06,1.87537413600478e-06,1.90243991977671e-06,0,0
3.766,0,0,0,0,0,0,5.87388427505738e-06,2.70802157945078e-06,5.0143172091763e-06,1.60245363643103e-06,1.87537413600478e-06,1.90243991977671e-06,0,0
3.767,0,0,0,0,0,0,5.87388427505738e-06,2.70802157945078e-06,5.0143172091763e-06,1.60245363643103e-06,1.87537413600478e-06,1.90243991977671e-06,0,0
3.768,0,0,0,0,0,0,5.87388427505738e-06,2.70802157945078e-06,5.0143172091763e-06,1.60245363643103e-06,1.87537413600478e-06,1.90243991977671e-06,0,0
3.769,0,0,0,0,0,0,5.87388427505738e-06,2.70802157945078e-06,5.0143172091763e-06,1.60245363643103e-06,1.87537413600478e-06,1.90243991977671e-06,0,0
3.77,0,0,0,0,0,0,5.87388427505738e-06,2.70802157945078e-06,5.0143172091763e-06,1.60245363643103e-06,1.87537413600478e-06,1.90243991977671e-06,0,0
3.771,0,0,0,0,0,0,5.87388427505738e-06,2.70802157945078e-06,5.0143172091763e-06,1.60245363643103e-06,1.87537413600478e-06,1.90243991977671e-06,0,0
3.772,0,0,0,0,0,0,5.87388427505738e-06,2.70802157945078e-06,5.0143172091763e-06,1.60245363643103e-06,1.87537413600478e-06,1.90243991977671e-06,0,0
3.773,0,0,0,0,0,0,5.87388427505738e-06,2.70802157945078e-06,5.0143172091763e-06,1.60245363643103e-06,1.87537413600478e-06,1.90243991977671e-06,0,0
3.774,0,0,0,0,0,0,5.87388427505738e-06,2.70802157945078e-06,5.0143172091763e-06,1.60245363643103e-06,1.87537413600478e-06,1.90243991977671e-06,0,0
3.775,0,0,0,0,0,0,5.87388427505738e-06,2.70802157945078e-06,5.0143172091763e-06,1.60245363643103e-06,1.87537413600478e-06,1.90243991977671e-06,0,0
3.776,0,0,0,0,0,0,5.87388427505738e-06,2.70802157945078e-06,5.0143172091763e-06,1.60245363643103e-06,1.87537413600478e-06,1.90243991977671e-06,0,0
3.777,0,0,0,0,0,0,5.87388427505738e-06,2.70802157945078e-06,5.0143172091763e-06,1.60245363643103e-06,1.87537413600478e-06,1.90243991977671e-06,0,0
3.778,0,0,0,0,0,0,5.87388427505738e-06,2.70802157945078e-06,5.0143172091763e-06,1.60245363643103e-06,1.87537413600478e-06,1.90243991977671e-06,0,0
3.779,0,0,0,0,0,0,5.87388427505738e-06,2.70802157945078e-06,5.0143172091763e-06,1.60245363643103e-06,1.87537413600478e-06,1.90243991977671e-06,0,0
3.78,0,0,0,0,0,0,5.87388427505738e-06,2.70802157945078e-06,5.0143172091763e-06,1.60245363643103e-06,1.87537413600478e-06,1.90243991977671e-06,0,0
3.781,0,0,0,0,0,0,5.87388427505738e-06,2.70802157945078e-06,5.0143172091763e-06,1.60245363643103e-06,1.87537413600478e-06,1.90243991977671e-06,0,0
3.782,0,0,0,0,0,0,5.87388427505738e-06,2.70802157945078e-06,5.0143172091763e-06,1.60245363643103e-06,1.87537413600478e-06,1.90243991977671e-06,0,0
3.783,0,0,0,0,0,0,5.87388427505738e-06,2.70802157945078e-06,5.0143172091763e-06,1.60245363643103e-06,1.87537413600478e-06,1.90243991977671e-06,0,0
3.784,0,0,0,0,0,0,5.87388427505738e-06,2.70802157945078e-06,5.0143172091763e-06,1.60245363643103e-06,1.87537413600478e-06,1.90243991977671e-06,0,0
3.785,0,0,0,0,0,0,5.87388427505738e-06,2.70802157945078e-06,5.0143172091763e-06,1.60245363643103e-06,1.87537413600478e-06,1.90243991977671e-06,0,0
3.786,0,0,0,0,0,0,5.87388427505738e-06,2.70802157945078e-06,5.0143172091763e-06,1.60245363643103e-06,1.87537413600478e-06,1.90243991977671e-06,0,0
3.787,0,0,0,0,0,0,5.87388427505738e-06,2.70802157945078e-06,5.0143172091763e-06,1.60245363643103e-06,1.87537413600478e-06,1.90243991977671e-06,0,0
3.788,0,0,0,0,0,0,5.87388427505738e-06,2.70802157945078e-06,5.0143172091763e-06,1.60245363643103e-06,1.87537413600478e-06,1.90243991977671e-06,0,0
3.789,0,0,0,0,0,0,5.87388427505738e-06,2.70802157945078e-06,5.0143172091763e-06,1.60245363643103e-06,1.87537413600478e-06,1.90243991977671e-06,0,0
3.79,0,0,0,0,0,0,5.87388427505738e-06,2.70802157945078e-06,5.0143172091763e-06,1.60245363643103e-06,1.87537413600478e-06,1.90243991977671e-06,0,0
3.791,0,0,0,0,0,0,5.87388427505738e-06,2.70802157945078e-06,5.0143172091763e-06,1.60245363643103e-06,1.87537413600478e-06,1.90243991977671e-06,0,0
3.792,0,0,0,0,0,0,5.87388427505738e-06,2.70802157945078e-06,5.0143172091763e-06,1.60245363643103e-06,1.87537413600478e-06,1.90243991977671e-06,0,0
3.793,0,0,0,0,0,0,5.87388427505738e-06,2.70802157945078e-06,5.0143172091763e-06,1.60245363643103e-06,1.87537413600478e-06,1.90243991977671e-06,0,0
3.794,0,0,0,0,0,0,5.87388427505738e-06,2.70802157945078e-06,5.0143172091763e-06,1.60245363643103e-06,1.87537413600478e-06,1.90243991977671e-06,0,0
3.795,0,0,0,0,0,0,5.87388427505738e-06,2.70802157945078e-06,5.0143172091763e-06,1.60245363643103e-06,1.87537413600478e-06,1.90243991977671e-06,0,0
3.796,0,0,0,0,0,0,5.87388427505738e-06,2.70802157945078e-06,5.0143172091763e-06,1.60245363643103e-06,1.87537413600478e-06,1.90243991977671e-06,0,0
3.797,0,0,0,0,0,0,5.87388427505738e-06,2.70802157945078e-06,5.0143172091763e-06,1.60245363643103e-06,1.87537413600478e-06,1.90243991977671e-06,0,0
3.798,0,0,0,0,0,0,5.87388427505738e-06,2.70802157945078e-06,5.0143172091763e-06,1.60245363643103e-06,1.87537413600478e-06,1.90243991977671e-06,0,0
3.799,0,0,0,0,0,0,5.87388427505738e-06,2.70802157945078e-06,5.0143172091763e-06,1.60245363643103e-06,1.87537413600478e-06,1.90243991977671e-06,0,0
3.8,0,0,0,0,0,0,5.87388427505738e-06,2.70802157945078e-06,5.0143172091763e-06,1.60245363643103e-06,1.87537413600478e-06,1.90243991977671e-06,0,0
3.801,0,0,0,0,0,0,5.87388427505738e-06,2.70802157945078e-06,5.0143172091763e-06,1.60245363643103e-06,1.87537413600478e-06,1.90243991977671e-06,0,0
3.802,0,0,0,0,0,0,5.87388427505738e-06,2.70802157945078e-06,5.0143172091763e-06,1.60245363643103e-06,1.87537413600478e-06,1.90243991977671e-06,0,0
3.803,0,0,0,0,0,0,5.87388427505738e-06,2.70802157945078e-06,5.0143172091763e-06,1.60245363643103e-06,1.87537413600478e-06,1.90243991977671e-06,0,0
3.804,0,0,0,0,0,0,5.87388427505738e-06,2.70802157945078e-06,5.0143172091763e-06,1.60245363643103e-06,1.87537413600478e-06,1.90243991977671e-06,0,0
3.805,0,0,0,0,0,0,5.87388427505738e-06,2.70802157945078e-06,5.0143172091763e-06,1.60245363643103e-06,1.87537413600478e-06,1.90243991977671e-06,0,0
3.806,0,0,0,0,0,0,5.87388427505738e-06,2.70802157945078e-06,5.0143172091763e-06,1.60245363643103e-06,1.87537413600478e-06,1.90243991977671e-06,0,0
3.807,0,0,0,0,0,0,5.87388427505738e-06,2.70802157945078e-06,5.0143172091763e-06,1.60245363643103e-06,1.87537413600478e-06,1.90243991977671e-06,0,0
3.808,0,0,0,0,0,0,5.87388427505738e-06,2.70802157945078e-06,5.0143172091763e-06,1.60245363643103e-06,1.87537413600478e-06,1.90243991977671e-06,0,0
3.809,0,0,0,0,0,0,5.87388427505738e-06,2.70802157945078e-06,5.0143172091763e-06,1.60245363643103e-06,1.87537413600478e-06,1.90243991977671e-06,0,0
3.81,0,0,0,0,0,0,5.87388427505738e-06,2.70802157945078e-06,5.0143172091763e-06,1.60245363643103e-06,1.87537413600478e-06,1.90243991977671e-06,0,0
3.811,0,0,0,0,0,0,5.87388427505738e-06,2.70802157945078e-06,5.0143172091763e-06,1.60245363643103e-06,1.87537413600478e-06,1.90243991977671e-06,0,0
3.812,0,0,0,0,0,0,5.87388427505738e-06,2.70802157945078e-06,5.0143172091763e-06,1.60245363643103e-06,1.87537413600478e-06,1.90243991977671e-06,0,0
3.813,0,0,0,0,0,0,5.87388427505738e-06,2.70802157945078e-06,5.0143172091763e-06,1.60245363643103e-06,1.87537413600478e-06,1.90243991977671e-06,0,0
3.814,0,0,0,0,0,0,5.87388427505738e-06,2.70802157945078e-06,5.0143172091763e-06,1.60245363643103e-06,1.87537413600478e-06,1.90243991977671e-06,0,0
3.815,0,0,0,0,0,0,5.87388427505738e-06,2.70802157945078e-06,5.0143172091763e-06,1.60245363643103e-06,1.87537413600478e-06,1.90243991977671e-06,0,0
3.816,0,0,0,0,0,0,5.87388427505738e-06,2.70802157945078e-06,5.0143172091763e-06,1.60245363643103e-06,1.87537413600478e-06,1.90243991977671e-06,0,0
3.817,0,0,0,0,0,0,5.87388427505738e-06,2.70802157945078e-06,5.0143172091763e-06,1.60245363643103e-06,1.87537413600478e-06,1.90243991977671e-06,0,0
3.818,0,0,0,0,0,0,5.87388427505738e-06,2.70802157945078e-06,5.0143172091763e-06,1.60245363643103e-06,1.87537413600478e-06,1.90243991977671e-06,0,0
3.819,0,0,0,0,0,0,5.87388427505738e-06,2.70802157945078e-06,5.0143172091763e-06,1.60245363643103e-06,1.87537413600478e-06,1.90243991977671e-06,0,0
3.82,0,0,0,0,0,0,5.87388427505738e-06,2.70802157945078e-06,5.0143172091763e-06,1.60245363643103e-06,1.87537413600478e-06,1.90243991977671e-06,0,0
3.821,0,0,0,0,0,0,5.87388427505738e-06,2.70802157945078e-06,5.0143172091763e-06,1.60245363643103e-06,1.87537413600478e-06,1.90243991977671e-06,0,0
3.822,0,0,0,0,0,0,5.87388427505738e-06,2.70802157945078e-06,5.0143172091763e-06,1.60245363643103e-06,1.87537413600478e-06,1.90243991977671e-06,0,0
3.823,0,0,0,0,0,0,5.87388427505738e-06,2.70802157945078e-06,5.0143172091763e-06,1.60245363643103e-06,1.87537413600478e-06,1.90243991977671e-06,0,0
3.824,0,0,0,0,0,0,5.87388427505738e-06,2.70802157945078e-06,5.0143172091763e-06,1.60245363643103e-06,1.87537413600478e-06,1.90243991977671e-06,0,0
3.825,0,0,0,0,0,0,5.87388427505738e-06,2.70802157945078e-06,5.0143172091763e-06,1.60245363643103e-06,1.87537413600478e-06,1.90243991977671e-06,0,0
3.826,0,0,0,0,0,0,5.87388427505738e-06,2.70802157945078e-06,5.0143172091763e-06,1.60245363643103e-06,1.87537413600478e-06,1.90243991977671e-06,0,0
3.827,0,0,0,0,0,0,5.87388427505738e-06,2.70802157945078e-06,5.0143172091763e-06,1.60245363643103e-06,1.87537413600478e-06,1.90243991977671e-06,0,0
3.828,0,0,0,0,0,0,5.87388427505738e-06,2.70802157945078e-06,5.0143172091763e-06,1.60245363643103e-06,1.87537413600478e-06,1.90243991977671e-06,0,0
3.829,0,0,0,0,0,0,5.87388427505738e-06,2.70802157945078e-06,5.0143172091763e-06,1.60245363643103e-06,1.87537413600478e-06,1.90243991977671e-06,0,0
3.83,0,0,0,0,0,0,5.87388427505738e-06,2.70802157945078e-06,5.0143172091763e-06,1.60245363643103e-06,1.87537413600478e-06,1.90243991977671e-06,0,0
3.831,0,0,0,0,0,0,5.87388427505738e-06,2.70802157945078e-06,5.0143172091763e-06,1.60245363643103e-06,1.87537413600478e-06,1.90243991977671e-06,0,0
3.832,0,0,0,0,0,0,5.87388427505738e-06,2.70802157945078e-06,5.0143172091763e-06,1.60245363643103e-06,1.87537413600478e-06,1.90243991977671e-06,0,0
3.833,0,0,0,0,0,0,5.87388427505738e-06,2.70802157945078e-06,5.0143172091763e-06,1.60245363643103e-06,1.87537413600478e-06,1.90243991977671e-06,0,0
3.834,0,0,0,0,0,0,5.87388427505738e-06,2.70802157945078e-06,5.0143172091763e-06,1.60245363643103e-06,1.87537413600478e-06,1.90243991977671e-06,0,0
3.835,0,0,0,0,0,0,5.87388427505738e-06,2.70802157945078e-06,5.0143172091763e-06,1.60245363643103e-06,1.87537413600478e-06,1.90243991977671e-06,0,0
3.836,0,0,0,0,0,0,5.87388427505738e-06,2.70802157945078e-06,5.0143172091763e-06,1.60245363643103e-06,1.87537413600478e-06,1.90243991977671e-06,0,0
3.837,0,0,0,0,0,0,5.87388427505738e-06,2.70802157945078e-06,5.0143172091763e-06,1.60245363643103e-06,1.87537413600478e-06,1.90243991977671e-06,0,0
3.838,0,0,0,0,0,0,5.87388427505738e-06,2.70802157945078e-06,5.0143172091763e-06,1.60245363643103e-06,1.87537413600478e-06,1.90243991977671e-06,0,0
3.839,0,0,0,0,0,0,5.87388427505738e-06,2.70802157945078e-06,5.0143172091763e-06,1.60245363643103e-06,1.87537413600478e-06,1.90243991977671e-06,0,0
3.84,0,0,0,0,0,0,5.87388427505738e-06,2.70802157945078e-06,5.0143172091763e-06,1.60245363643103e-06,1.87537413600478e-06,1.90243991977671e-06,0,0
3.841,0,0,0,0,0,0,5.87388427505738e-06,2.70802157945078e-06,5.0143172091763e-06,1.60245363643103e-06,1.87537413600478e-06,1.90243991977671e-06,0,0
3.842,0,0,0,0,0,0,5.87388427505738e-06,2.70802157945078e-06,5.0143172091763e-06,1.60245363643103e-06,1.87537413600478e-06,1.90243991977671e-06,0,0
3.843,0,0,0,0,0,0,5.87388427505738e-06,2.70802157945078e-06,5.0143172091763e-06,1.60245363643103e-06,1.87537413600478e-06,1.90243991977671e-06,0,0
3.844,0,0,0,0,0,0,5.87388427505738e-06,2.70802157945078e-06,5.0143172091763e-06,1.60245363643103e-06,1.87537413600478e-06,1.90243991977671e-06,0,0
3.845,0,0,0,0,0,0,5.87388427505738e-06,2.70802157945078e-06,5.0143172091763e-06,1.60245363643103e-06,1.87537413600478e-06,1.90243991977671e-06,0,0
3.846,0,0,0,0,0,0,5.87388427505738e-06,2.70802157945078e-06,5.0143172091763e-06,1.60245363643103e-06,1.87537413600478e-06,1.90243991977671e-06,0,0
3.847,0,0,0,0,0,0,5.87388427505738e-06,2.70802157945078e-06,5.0143172091763e-06,1.60245363643103e-06,1.87537413600478e-06,1.90243991977671e-06,0,0
3.848,0,0,0,0,0,0,5.87388427505738e-06,2.70802157945078e-06,5.0143172091763e-06,1.60245363643103e-06,1.87537413600478e-06,1.90243991977671e-06,0,0
3.849,0,0,0,0,0,0,5.87388427505738e-06,2.70802157945078e-06,5.0143172091763e-06,1.60245363643103e-06,1.87537413600478e-06,1.90243991977671e-06,0,0
3.85,0,0,0,0,0,0,5.87388427505738e-06,2.70802157945078e-06,5.0143172091763e-06,1.60245363643103e-06,1.87537413600478e-06,1.90243991977671e-06,0,0
3.851,0,0,0,0,0,0,5.87388427505738e-06,2.70802157945078e-06,5.0143172091763e-06,1.60245363643103e-06,1.87537413600478e-06,1.90243991977671e-06,0,0
3.852,0,0,0,0,0,0,5.87388427505738e-06,2.70802157945078e-06,5.0143172091763e-06,1.60245363643103e-06,1.87537413600478e-06,1.90243991977671e-06,0,0
3.853,0,0,0,0,0,0,5.87388427505738e-06,2.70802157945078e-06,5.0143172091763e-06,1.60245363643103e-06,1.87537413600478e-06,1.90243991977671e-06,0,0
3.854,0,0,0,0,0,0,5.87388427505738e-06,2.70802157945078e-06,5.0143172091763e-06,1.60245363643103e-06,1.87537413600478e-06,1.90243991977671e-06,0,0
3.855,0,0,0,0,0,0,5.87388427505738e-06,2.70802157945078e-06,5.0143172091763e-06,1.60245363643103e-06,1.87537413600478e-06,1.90243991977671e-06,0,0
3.856,0,0,0,0,0,0,5.87388427505738e-06,2.70802157945078e-06,5.0143172091763e-06,1.60245363643103e-06,1.87537413600478e-06,1.90243991977671e-06,0,0
3.857,0,0,0,0,0,0,5.87388427505738e-06,2.70802157945078e-06,5.0143172091763e-06,1.60245363643103e-06,1.87537413600478e-06,1.90243991977671e-06,0,0
3.858,0,0,0,0,0,0,5.87388427505738e-06,2.70802157945078e-06,5.0143172091763e-06,1.60245363643103e-06,1.87537413600478e-06,1.90243991977671e-06,0,0
3.859,0,0,0,0,0,0,5.87388427505738e-06,2.70802157945078e-06,5.0143172091763e-06,1.60245363643103e-06,1.87537413600478e-06,1.90243991977671e-06,0,0
3.86,0,0,0,0,0,0,5.87388427505738e-06,2.70802157945078e-06,5.0143172091763e-06,1.60245363643103e-06,1.87537413600478e-06,1.90243991977671e-06,0,0
3.861,0,0,0,0,0,0,5.87388427505738e-06,2.70802157945078e-06,5.0143172091763e-06,1.60245363643103e-06,1.87537413600478e-06,1.90243991977671e-06,0,0
3.862,0,0,0,0,0,0,5.87388427505738e-06,2.70802157945078e-06,5.0143172091763e-06,1.60245363643103e-06,1.87537413600478e-06,1.90243991977671e-06,0,0
3.863,0,0,0,0,0,0,5.87388427505738e-06,2.70802157945078e-06,5.0143172091763e-06,1.60245363643103e-06,1.87537413600478e-06,1.90243991977671e-06,0,0
3.864,0,0,0,0,0,0,5.87388427505738e-06,2.70802157945078e-06,5.0143172091763e-06,1.60245363643103e-06,1.87537413600478e-06,1.90243991977671e-06,0,0
3.865,0,0,0,0,0,0,5.87388427505738e-06,2.70802157945078e-06,5.0143172091763e-06,1.60245363643103e-06,1.87537413600478e-06,1.90243991977671e-06,0,0
3.866,0,0,0,0,0,0,5.87388427505738e-06,2.70802157945078e-06,5.0143172091763e-06,1.60245363643103e-06,1.87537413600478e-06,1.90243991977671e-06,0,0
3.867,0,0,0,0,0,0,5.87388427505738e-06,2.70802157945078e-06,5.0143172091763e-06,1.60245363643103e-06,1.87537413600478e-06,1.90243991977671e-06,0,0
3.868,0,0,0,0,0,0,5.87388427505738e-06,2.70802157945078e-06,5.0143172091763e-06,1.60245363643103e-06,1.87537413600478e-06,1.90243991977671e-06,0,0
3.869,0,0,0,0,0,0,5.87388427505738e-06,2.70802157945078e-06,5.0143172091763e-06,1.60245363643103e-06,1.87537413600478e-06,1.90243991977671e-06,0,0
3.87,0,0,0,0,0,0,5.87388427505738e-06,2.70802157945078e-06,5.0143172091763e-06,1.60245363643103e-06,1.87537413600478e-06,1.90243991977671e-06,0,0
3.871,0,0,0,0,0,0,5.87388427505738e-06,2.70802157945078e-06,5.0143172091763e-06,1.60245363643103e-06,1.87537413600478e-06,1.90243991977671e-06,0,0
3.872,0,0,0,0,0,0,5.87388427505738e-06,2.70802157945078e-06,5.0143172091763e-06,1.60245363643103e-06,1.87537413600478e-06,1.90243991977671e-06,0,0
3.873,0,0,0,0,0,0,5.87388427505738e-06,2.70802157945078e-06,5.0143172091763e-06,1.60245363643103e-06,1.87537413600478e-06,1.90243991977671e-06,0,0
3.874,0,0,0,0,0,0,5.87388427505738e-06,2.70802157945078e-06,5.0143172091763e-06,1.60245363643103e-06,1.87537413600478e-06,1.90243991977671e-06,0,0
3.875,0,0,0,0,0,0,5.87388427505738e-06,2.70802157945078e-06,5.0143172091763e-06,1.60245363643103e-06,1.87537413600478e-06,1.90243991977671e-06,0,0
3.876,0,0,0,0,0,0,5.87388427505738e-06,2.70802157945078e-06,5.0143172091763e-06,1.60245363643103e-06,1.87537413600478e-06,1.90243991977671e-06,0,0
3.877,0,0,0,0,0,0,5.87388427505738e-06,2.70802157945078e-06,5.0143172091763e-06,1.60245363643103e-06,1.87537413600478e-06,1.90243991977671e-06,0,0
3.878,0,0,0,0,0,0,5.87388427505738e-06,2.70802157945078e-06,5.0143172091763e-06,1.60245363643103e-06,1.87537413600478e-06,1.90243991977671e-06,0,0
3.879,0,0,0,0,0,0,5.87388427505738e-06,2.70802157945078e-06,5.0143172091763e-06,1.60245363643103e-06,1.87537413600478e-06,1.90243991977671e-06,0,0
3.88,0,0,0,0,0,0,5.87388427505738e-06,2.70802157945078e-06,5.0143172091763e-06,1.60245363643103e-06,1.87537413600478e-06,1.90243991977671e-06,0,0
3.881,0,0,0,0,0,0,5.87388427505738e-06,2.70802157945078e-06,5.0143172091763e-06,1.60245363643103e-06,1.87537413600478e-06,1.90243991977671e-06,0,0
3.882,0,0,0,0,0,0,5.87388427505738e-06,2.70802157945078e-06,5.0143172091763e-06,1.60245363643103e-06,1.87537413600478e-06,1.90243991977671e-06,0,0
3.883,0,0,0,0,0,0,5.87388427505738e-06,2.70802157945078e-06,5.0143172091763e-06,1.60245363643103e-06,1.87537413600478e-06,1.90243991977671e-06,0,0
3.884,0,0,0,0,0,0,5.87388427505738e-06,2.70802157945078e-06,5.0143172091763e-06,1.60245363643103e-06,1.87537413600478e-06,1.90243991977671e-06,0,0
3.885,0,0,0,0,0,0,5.87388427505738e-06,2.70802157945078e-06,5.0143172091763e-06,1.60245363643103e-06,1.87537413600478e-06,1.90243991977671e-06,0,0
3.886,0,0,0,0,0,0,5.87388427505738e-06,2.70802157945078e-06,5.0143172091763e-06,1.60245363643103e-06,1.87537413600478e-06,1.90243991977671e-06,0,0
3.887,0,0,0,0,0,0,5.87388427505738e-06,2.70802157945078e-06,5.0143172091763e-06,1.60245363643103e-06,1.87537413600478e-06,1.90243991977671e-06,0,0
3.888,0,0,0,0,0,0,5.87388427505738e-06,2.70802157945078e-06,5.0143172091763e-06,1.60245363643103e-06,1.87537413600478e-06,1.90243991977671e-06,0,0
3.889,0,0,0,0,0,0,5.87388427505738e-06,2.70802157945078e-06,5.0143172091763e-06,1.60245363643103e-06,1.87537413600478e-06,1.90243991977671e-06,0,0
3.89,0,0,0,0,0,0,5.87388427505738e-06,2.70802157945078e-06,5.0143172091763e-06,1.60245363643103e-06,1.87537413600478e-06,1.90243991977671e-06,0,0
3.891,0,0,0,0,0,0,5.87388427505738e-06,2.70802157945078e-06,5.0143172091763e-06,1.60245363643103e-06,1.87537413600478e-06,1.90243991977671e-06,0,0
3.892,0,0,0,0,0,0,5.87388427505738e-06,2.70802157945078e-06,5.0143172091763e-06,1.60245363643103e-06,1.87537413600478e-06,1.90243991977671e-06,0,0
3.893,0,0,0,0,0,0,5.87388427505738e-06,2.70802157945078e-06,5.0143172091763e-06,1.60245363643103e-06,1.87537413600478e-06,1.90243991977671e-06,0,0
3.894,0,0,0,0,0,0,5.87388427505738e-06,2.70802157945078e-06,5.0143172091763e-06,1.60245363643103e-06,1.87537413600478e-06,1.90243991977671e-06,0,0
3.895,0,0,0,0,0,0,5.87388427505738e-06,2.70802157945078e-06,5.0143172091763e-06,1.60245363643103e-06,1.87537413600478e-06,1.90243991977671e-06,0,0
3.896,0,0,0,0,0,0,5.87388427505738e-06,2.70802157945078e-06,5.0143172091763e-06,1.60245363643103e-06,1.87537413600478e-06,1.90243991977671e-06,0,0
3.897,0,0,0,0,0,0,5.87388427505738e-06,2.70802157945078e-06,5.0143172091763e-06,1.60245363643103e-06,1.87537413600478e-06,1.90243991977671e-06,0,0
3.898,0,0,0,0,0,0,5.87388427505738e-06,2.70802157945078e-06,5.0143172091763e-06,1.60245363643103e-06,1.87537413600478e-06,1.90243991977671e-06,0,0
3.899,0,0,0,0,0,0,5.87388427505738e-06,2.70802157945078e-06,5.0143172091763e-06,1.60245363643103e-06,1.87537413600478e-06,1.90243991977671e-06,0,0
3.9,0,0,0,0,0,0,5.87388427505738e-06,2.70802157945078e-06,5.0143172091763e-06,1.60245363643103e-06,1.87537413600478e-06,1.90243991977671e-06,0,0
3.901,0,0,0,0,0,0,5.87388427505738e-06,2.70802157945078e-06,5.0143172091763e-06,1.60245363643103e-06,1.87537413600478e-06,1.90243991977671e-06,0,0
3.902,0,0,0,0,0,0,5.87388427505738e-06,2.70802157945078e-06,5.0143172091763e-06,1.60245363643103e-06,1.87537413600478e-06,1.90243991977671e-06,0,0
3.903,0,0,0,0,0,0,5.87388427505738e-06,2.70802157945078e-06,5.0143172091763e-06,1.60245363643103e-06,1.87537413600478e-06,1.90243991977671e-06,0,0
3.904,0,0,0,0,0,0,5.87388427505738e-06,2.70802157945078e-06,5.0143172091763e-06,1.60245363643103e-06,1.87537413600478e-06,1.90243991977671e-06,0,0
3.905,0,0,0,0,0,0,5.87388427505738e-06,2.70802157945078e-06,5.0143172091763e-06,1.60245363643103e-06,1.87537413600478e-06,1.90243991977671e-06,0,0
3.906,0,0,0,0,0,0,5.87388427505738e-06,2.70802157945078e-06,5.0143172091763e-06,1.60245363643103e-06,1.87537413600478e-06,1.90243991977671e-06,0,0
3.907,0,0,0,0,0,0,5.87388427505738e-06,2.70802157945078e-06,5.0143172091763e-06,1.60245363643103e-06,1.87537413600478e-06,1.90243991977671e-06,0,0
3.908,0,0,0,0,0,0,5.87388427505738e-06,2.70802157945078e-06,5.0143172091763e-06,1.60245363643103e-06,1.87537413600478e-06,1.90243991977671e-06,0,0
3.909,0,0,0,0,0,0,5.87388427505738e-06,2.70802157945078e-06,5.0143172091763e-06,1.60245363643103e-06,1.87537413600478e-06,1.90243991977671e-06,0,0
3.91,0,0,0,0,0,0,5.87388427505738e-06,2.70802157945078e-06,5.0143172091763e-06,1.60245363643103e-06,1.87537413600478e-06,1.90243991977671e-06,0,0
3.911,0,0,0,0,0,0,5.87388427505738e-06,2.70802157945078e-06,5.0143172091763e-06,1.60245363643103e-06,1.87537413600478e-06,1.90243991977671e-06,0,0
3.912,0,0,0,0,0,0,5.87388427505738e-06,2.70802157945078e-06,5.0143172091763e-06,1.60245363643103e-06,1.87537413600478e-06,1.90243991977671e-06,0,0
3.913,0,0,0,0,0,0,5.87388427505738e-06,2.70802157945078e-06,5.0143172091763e-06,1.60245363643103e-06,1.87537413600478e-06,1.90243991977671e-06,0,0
3.914,0,0,0,0,0,0,5.87388427505738e-06,2.70802157945078e-06,5.0143172091763e-06,1.60245363643103e-06,1.87537413600478e-06,1.90243991977671e-06,0,0
3.915,0,0,0,0,0,0,5.87388427505738e-06,2.70802157945078e-06,5.0143172091763e-06,1.60245363643103e-06,1.87537413600478e-06,1.90243991977671e-06,0,0
3.916,0,0,0,0,0,0,5.87388427505738e-06,2.70802157945078e-06,5.0143172091763e-06,1.60245363643103e-06,1.87537413600478e-06,1.90243991977671e-06,0,0
3.917,0,0,0,0,0,0,5.87388427505738e-06,2.70802157945078e-06,5.0143172091763e-06,1.60245363643103e-06,1.87537413600478e-06,1.90243991977671e-06,0,0
3.918,0,0,0,0,0,0,5.87388427505738e-06,2.70802157945078e-06,5.0143172091763e-06,1.60245363643103e-06,1.87537413600478e-06,1.90243991977671e-06,0,0
3.919,0,0,0,0,0,0,5.87388427505738e-06,2.70802157945078e-06,5.0143172091763e-06,1.60245363643103e-06,1.87537413600478e-06,1.90243991977671e-06,0,0
3.92,0,0,0,0,0,0,5.87388427505738e-06,2.70802157945078e-06,5.0143172091763e-06,1.60245363643103e-06,1.87537413600478e-06,1.90243991977671e-06,0,0
3.921,0,0,0,0,0,0,5.87388427505738e-06,2.70802157945078e-06,5.0143172091763e-06,1.60245363643103e-06,1.87537413600478e-06,1.90243991977671e-06,0,0
3.922,0,0,0,0,0,0,5.87388427505738e-06,2.70802157945078e-06,5.0143172091763e-06,1.60245363643103e-06,1.87537413600478e-06,1.90243991977671e-06,0,0
3.923,0,0,0,0,0,0,5.87388427505738e-06,2.70802157945078e-06,5.0143172091763e-06,1.60245363643103e-06,1.87537413600478e-06,1.90243991977671e-06,0,0
3.924,0,0,0,0,0,0,5.87388427505738e-06,2.70802157945078e-06,5.0143172091763e-06,1.60245363643103e-06,1.87537413600478e-06,1.90243991977671e-06,0,0
3.925,0,0,0,0,0,0,5.87388427505738e-06,2.70802157945078e-06,5.0143172091763e-06,1.60245363643103e-06,1.87537413600478e-06,1.90243991977671e-06,0,0
3.926,0,0,0,0,0,0,5.87388427505738e-06,2.70802157945078e-06,5.0143172091763e-06,1.60245363643103e-06,1.87537413600478e-06,1.90243991977671e-06,0,0
3.927,0,0,0,0,0,0,5.87388427505738e-06,2.70802157945078e-06,5.0143172091763e-06,1.60245363643103e-06,1.87537413600478e-06,1.90243991977671e-06,0,0
3.928,0,0,0,0,0,0,5.87388427505738e-06,2.70802157945078e-06,5.0143172091763e-06,1.60245363643103e-06,1.87537413600478e-06,1.90243991977671e-06,0,0
3.929,0,0,0,0,0,0,5.87388427505738e-06,2.70802157945078e-06,5.0143172091763e-06,1.60245363643103e-06,1.87537413600478e-06,1.90243991977671e-06,0,0
3.93,0,0,0,0,0,0,5.87388427505738e-06,2.70802157945078e-06,5.0143172091763e-06,1.60245363643103e-06,1.87537413600478e-06,1.90243991977671e-06,0,0
3.931,0,0,0,0,0,0,5.87388427505738e-06,2.70802157945078e-06,5.0143172091763e-06,1.60245363643103e-06,1.87537413600478e-06,1.90243991977671e-06,0,0
3.932,0,0,0,0,0,0,5.87388427505738e-06,2.70802157945078e-06,5.0143172091763e-06,1.60245363643103e-06,1.87537413600478e-06,1.90243991977671e-06,0,0
3.933,0,0,0,0,0,0,5.87388427505738e-06,2.70802157945078e-06,5.0143172091763e-06,1.60245363643103e-06,1.87537413600478e-06,1.90243991977671e-06,0,0
3.934,0,0,0,0,0,0,5.87388427505738e-06,2.70802157945078e-06,5.0143172091763e-06,1.60245363643103e-06,1.87537413600478e-06,1.90243991977671e-06,0,0
3.935,0,0,0,0,0,0,5.87388427505738e-06,2.70802157945078e-06,5.0143172091763e-06,1.60245363643103e-06,1.87537413600478e-06,1.90243991977671e-06,0,0
3.936,0,0,0,0,0,0,5.87388427505738e-06,2.70802157945078e-06,5.0143172091763e-06,1.60245363643103e-06,1.87537413600478e-06,1.90243991977671e-06,0,0
3.937,0,0,0,0,0,0,5.87388427505738e-06,2.70802157945078e-06,5.0143172091763e-06,1.60245363643103e-06,1.87537413600478e-06,1.90243991977671e-06,0,0
3.938,0,0,0,0,0,0,5.87388427505738e-06,2.70802157945078e-06,5.0143172091763e-06,1.60245363643103e-06,1.87537413600478e-06,1.90243991977671e-06,0,0
3.939,0,0,0,0,0,0,5.87388427505738e-06,2.70802157945078e-06,5.0143172091763e-06,1.60245363643103e-06,1.87537413600478e-06,1.90243991977671e-06,0,0
3.94,0,0,0,0,0,0,5.87388427505738e-06,2.70802157945078e-06,5.0143172091763e-06,1.60245363643103e-06,1.87537413600478e-06,1.90243991977671e-06,0,0
3.941,0,0,0,0,0,0,5.87388427505738e-06,2.70802157945078e-06,5.0143172091763e-06,1.60245363643103e-06,1.87537413600478e-06,1.90243991977671e-06,0,0
3.942,0,0,0,0,0,0,5.87388427505738e-06,2.70802157945078e-06,5.0143172091763e-06,1.60245363643103e-06,1.87537413600478e-06,1.90243991977671e-06,0,0
3.943,0,0,0,0,0,0,5.87388427505738e-06,2.70802157945078e-06,5.0143172091763e-06,1.60245363643103e-06,1.87537413600478e-06,1.90243991977671e-06,0,0
3.944,0,0,0,0,0,0,5.87388427505738e-06,2.70802157945078e-06,5.0143172091763e-06,1.60245363643103e-06,1.87537413600478e-06,1.90243991977671e-06,0,0
3.945,0,0,0,0,0,0,5.87388427505738e-06,2.70802157945078e-06,5.0143172091763e-06,1.60245363643103e-06,1.87537413600478e-06,1.90243991977671e-06,0,0
3.946,0,0,0,0,0,0,5.87388427505738e-06,2.70802157945078e-06,5.0143172091763e-06,1.60245363643103e-06,1.87537413600478e-06,1.90243991977671e-06,0,0
3.947,0,0,0,0,0,0,5.87388427505738e-06,2.70802157945078e-06,5.0143172091763e-06,1.60245363643103e-06,1.87537413600478e-06,1.90243991977671e-06,0,0
3.948,0,0,0,0,0,0,5.87388427505738e-06,2.70802157945078e-06,5.0143172091763e-06,1.60245363643103e-06,1.87537413600478e-06,1.90243991977671e-06,0,0
3.949,0,0,0,0,0,0,5.87388427505738e-06,2.70802157945078e-06,5.0143172091763e-06,1.60245363643103e-06,1.87537413600478e-06,1.90243991977671e-06,0,0
3.95,0,0,0,0,0,0,5.87388427505738e-06,2.70802157945078e-06,5.0143172091763e-06,1.60245363643103e-06,1.87537413600478e-06,1.90243991977671e-06,0,0
3.951,0,0,0,0,0,0,5.87388427505738e-06,2.70802157945078e-06,5.0143172091763e-06,1.60245363643103e-06,1.87537413600478e-06,1.90243991977671e-06,0,0
3.952,0,0,0,0,0,0,5.87388427505738e-06,2.70802157945078e-06,5.0143172091763e-06,1.60245363643103e-06,1.87537413600478e-06,1.90243991977671e-06,0,0
3.953,0,0,0,0,0,0,5.87388427505738e-06,2.70802157945078e-06,5.0143172091763e-06,1.60245363643103e-06,1.87537413600478e-06,1.90243991977671e-06,0,0
3.954,0,0,0,0,0,0,5.87388427505738e-06,2.70802157945078e-06,5.0143172091763e-06,1.60245363643103e-06,1.87537413600478e-06,1.90243991977671e-06,0,0
3.955,0,0,0,0,0,0,5.87388427505738e-06,2.70802157945078e-06,5.0143172091763e-06,1.60245363643103e-06,1.87537413600478e-06,1.90243991977671e-06,0,0
3.956,0,0,0,0,0,0,5.87388427505738e-06,2.70802157945078e-06,5.0143172091763e-06,1.60245363643103e-06,1.87537413600478e-06,1.90243991977671e-06,0,0
3.957,0,0,0,0,0,0,5.87388427505738e-06,2.70802157945078e-06,5.0143172091763e-06,1.60245363643103e-06,1.87537413600478e-06,1.90243991977671e-06,0,0
3.958,0,0,0,0,0,0,5.87388427505738e-06,2.70802157945078e-06,5.0143172091763e-06,1.60245363643103e-06,1.87537413600478e-06,1.90243991977671e-06,0,0
3.959,0,0,0,0,0,0,5.87388427505738e-06,2.70802157945078e-06,5.0143172091763e-06,1.60245363643103e-06,1.87537413600478e-06,1.90243991977671e-06,0,0
3.96,0,0,0,0,0,0,5.87388427505738e-06,2.70802157945078e-06,5.0143172091763e-06,1.60245363643103e-06,1.87537413600478e-06,1.90243991977671e-06,0,0
3.961,0,0,0,0,0,0,5.87388427505738e-06,2.70802157945078e-06,5.0143172091763e-06,1.60245363643103e-06,1.87537413600478e-06,1.90243991977671e-06,0,0
3.962,0,0,0,0,0,0,5.87388427505738e-06,2.70802157945078e-06,5.0143172091763e-06,1.60245363643103e-06,1.87537413600478e-06,1.90243991977671e-06,0,0
3.963,0,0,0,0,0,0,5.87388427505738e-06,2.70802157945078e-06,5.0143172091763e-06,1.60245363643103e-06,1.87537413600478e-06,1.90243991977671e-06,0,0
3.964,0,0,0,0,0,0,5.87388427505738e-06,2.70802157945078e-06,5.0143172091763e-06,1.60245363643103e-06,1.87537413600478e-06,1.90243991977671e-06,0,0
3.965,0,0,0,0,0,0,5.87388427505738e-06,2.70802157945078e-06,5.0143172091763e-06,1.60245363643103e-06,1.87537413600478e-06,1.90243991977671e-06,0,0
3.966,0,0,0,0,0,0,5.87388427505738e-06,2.70802157945078e-06,5.0143172091763e-06,1.60245363643103e-06,1.87537413600478e-06,1.90243991977671e-06,0,0
3.967,0,0,0,0,0,0,5.87388427505738e-06,2.70802157945078e-06,5.0143172091763e-06,1.60245363643103e-06,1.87537413600478e-06,1.90243991977671e-06,0,0
3.968,0,0,0,0,0,0,5.87388427505738e-06,2.70802157945078e-06,5.0143172091763e-06,1.60245363643103e-06,1.87537413600478e-06,1.90243991977671e-06,0,0
3.969,0,0,0,0,0,0,5.87388427505738e-06,2.70802157945078e-06,5.0143172091763e-06,1.60245363643103e-06,1.87537413600478e-06,1.90243991977671e-06,0,0
3.97,0,0,0,0,0,0,5.87388427505738e-06,2.70802157945078e-06,5.0143172091763e-06,1.60245363643103e-06,1.87537413600478e-06,1.90243991977671e-06,0,0
3.971,0,0,0,0,0,0,5.87388427505738e-06,2.70802157945078e-06,5.0143172091763e-06,1.60245363643103e-06,1.87537413600478e-06,1.90243991977671e-06,0,0
3.972,0,0,0,0,0,0,5.87388427505738e-06,2.70802157945078e-06,5.0143172091763e-06,1.60245363643103e-06,1.87537413600478e-06,1.90243991977671e-06,0,0
3.973,0,0,0,0,0,0,5.87388427505738e-06,2.70802157945078e-06,5.0143172091763e-06,1.60245363643103e-06,1.87537413600478e-06,1.90243991977671e-06,0,0
3.974,0,0,0,0,0,0,5.87388427505738e-06,2.70802157945078e-06,5.0143172091763e-06,1.60245363643103e-06,1.87537413600478e-06,1.90243991977671e-06,0,0
3.975,0,0,0,0,0,0,5.87388427505738e-06,2.70802157945078e-06,5.0143172091763e-06,1.60245363643103e-06,1.87537413600478e-06,1.90243991977671e-06,0,0
3.976,0,0,0,0,0,0,5.87388427505738e-06,2.70802157945078e-06,5.0143172091763e-06,1.60245363643103e-06,1.87537413600478e-06,1.90243991977671e-06,0,0
3.977,0,0,0,0,0,0,5.87388427505738e-06,2.70802157945078e-06,5.0143172091763e-06,1.60245363643103e-06,1.87537413600478e-06,1.90243991977671e-06,0,0
3.978,0,0,0,0,0,0,5.87388427505738e-06,2.70802157945078e-06,5.0143172091763e-06,1.60245363643103e-06,1.87537413600478e-06,1.90243991977671e-06,0,0
3.979,0,0,0,0,0,0,5.87388427505738e-06,2.70802157945078e-06,5.0143172091763e-06,1.60245363643103e-06,1.87537413600478e-06,1.90243991977671e-06,0,0
3.98,0,0,0,0,0,0,5.87388427505738e-06,2.70802157945078e-06,5.0143172091763e-06,1.60245363643103e-06,1.87537413600478e-06,1.90243991977671e-06,0,0
3.981,0,0,0,0,0,0,5.87388427505738e-06,2.70802157945078e-06,5.0143172091763e-06,1.60245363643103e-06,1.87537413600478e-06,1.90243991977671e-06,0,0
3.982,0,0,0,0,0,0,5.87388427505738e-06,2.70802157945078e-06,5.0143172091763e-06,1.60245363643103e-06,1.87537413600478e-06,1.90243991977671e-06,0,0
3.983,0,0,0,0,0,0,5.87388427505738e-06,2.70802157945078e-06,5.0143172091763e-06,1.60245363643103e-06,1.87537413600478e-06,1.90243991977671e-06,0,0
3.984,0,0,0,0,0,0,5.87388427505738e-06,2.70802157945078e-06,5.0143172091763e-06,1.60245363643103e-06,1.87537413600478e-06,1.90243991977671e-06,0,0
3.985,0,0,0,0,0,0,5.87388427505738e-06,2.70802157945078e-06,5.0143172091763e-06,1.60245363643103e-06,1.87537413600478e-06,1.90243991977671e-06,0,0
3.986,0,0,0,0,0,0,5.87388427505738e-06,2.70802157945078e-06,5.0143172091763e-06,1.60245363643103e-06,1.87537413600478e-06,1.90243991977671e-06,0,0
3.987,0,0,0,0,0,0,5.87388427505738e-06,2.70802157945078e-06,5.0143172091763e-06,1.60245363643103e-06,1.87537413600478e-06,1.90243991977671e-06,0,0
3.988,0,0,0,0,0,0,5.87388427505738e-06,2.70802157945078e-06,5.0143172091763e-06,1.60245363643103e-06,1.87537413600478e-06,1.90243991977671e-06,0,0
3.989,0,0,0,0,0,0,5.87388427505738e-06,2.70802157945078e-06,5.0143172091763e-06,1.60245363643103e-06,1.87537413600478e-06,1.90243991977671e-06,0,0
3.99,0,0,0,0,0,0,5.87388427505738e-06,2.70802157945078e-06,5.0143172091763e-06,1.60245363643103e-06,1.87537413600478e-06,1.90243991977671e-06,0,0
3.991,0,0,0,0,0,0,5.87388427505738e-06,2.70802157945078e-06,5.0143172091763e-06,1.60245363643103e-06,1.87537413600478e-06,1.90243991977671e-06,0,0
3.992,0,0,0,0,0,0,5.87388427505738e-06,2.70802157945078e-06,5.0143172091763e-06,1.60245363643103e-06,1.87537413600478e-06,1.90243991977671e-06,0,0
3.993,0,0,0,0,0,0,5.87388427505738e-06,2.70802157945078e-06,5.0143172091763e-06,1.60245363643103e-06,1.87537413600478e-06,1.90243991977671e-06,0,0
3.994,0,0,0,0,0,0,5.87388427505738e-06,2.70802157945078e-06,5.0143172091763e-06,1.60245363643103e-06,1.87537413600478e-06,1.90243991977671e-06,0,0
3.995,0,0,0,0,0,0,5.87388427505738e-06,2.70802157945078e-06,5.0143172091763e-06,1.60245363643103e-06,1.87537413600478e-06,1.90243991977671e-06,0,0
3.996,0,0,0,0,0,0,5.87388427505738e-06,2.70802157945078e-06,5.0143172091763e-06,1.60245363643103e-06,1.87537413600478e-06,1.90243991977671e-06,0,0
3.997,0,0,0,0,0,0,5.87388427505738e-06,2.70802157945078e-06,5.0143172091763e-06,1.60245363643103e-06,1.87537413600478e-06,1.90243991977671e-06,0,0
3.998,0,0,0,0,0,0,5.87388427505738e-06,2.70802157945078e-06,5.0143172091763e-06,1.60245363643103e-06,1.87537413600478e-06,1.90243991977671e-06,0,0
3.999,0,0,0,0,0,0,5.87388427505738e-06,2.70802157945078e-06,5.0143172091763e-06,1.60245363643103e-06,1.87537413600478e-06,1.90243991977671e-06,0,0
4,0,0,0,0,0,0,5.87388427505738e-06,2.70802157945078e-06,5.0143172091763e-06,1.60245363643103e-06,1.87537413600478e-06,1.90243991977671e-06,0,0
